razon_social;nombre_corto;localidad;rubro;categoria;puntaje;rubro_coi;plan_sugerido;web;madurez_digital;contacto_nombre;contacto_cargo;contacto_email;contacto_telefono;verificar_no_llame;otros_contactos;empleados_aprox;senales;dato;alerta;nota;borrador;fuente;fuente_enriquecimiento;fecha_revision
Desarrollo De Equipos Industriales S A;DEISA;Rafaela;Metalúrgica: plantas de clasificación y tratamiento de RSU, chipeadoras forestales, energías renovables (biomasa), fertilizantes sólidos, transporte a granel y grandes estructuras metálicas;A;;Montajes industriales y estructuras metálicas;Industrial;desarrollosindustriales.com;alta;Pablo Brusco;Gerente general (perfil LinkedIn con cargo actual en DEISA, ing. industrial UTN, sin fecha visible);deisa@desarrollosindustriales.com;+54 3492 506017;sí;;;proyectos | montaje | renovables | energía | exportación (más de 300 plantas en Argentina y Sudamérica) | representantes en Latinoamérica | búsqueda laboral (aviso de postulación publicado);DEISA ya instaló más de 300 plantas de RSU en siete países;;Brusco confirmado como gerente general en su propio LinkedIn.;"Hola Pablo, soy [tu nombre], de COI.
Vi que DEISA ya instaló más de 300 plantas de RSU en siete países.
En empresas así, el costo real de cada proyecto suele aparecer recién al cerrarlo.
COI junta presupuestos, gastos por proyecto y cobranzas en pesos y dólares, y te muestra el margen mientras el proyecto avanza.
¿Te muestro una demo con tus propios datos? Son 20 minutos.
— Si no te interesa, respondé BAJA y no te escribimos más.";búsqueda web (sesión cloud);https://desarrollosindustriales.com/ | https://desarrollosindustriales.com/contact/ | https://desarrollosindustriales.com/representantes-de-deisa-en-latinoamerica-2/ | https://ofertaexportablerafaela.com.ar/en/empresas/deisa-2/ | https://ar.linkedin.com/company/deisa-sa | https://www.linkedin.com/in/pablo-brusco-465a5b18/ | https://www.quierotrabajoya.com.ar/avisos/8145/ | https://www.linkedin.com/in/pablo-brusco-465a5b18/ | https://desarrollosindustriales.com/ | https://paer.rafaela.gob.ar/empresas/deisa/ | https://www.chipeadoras.com.ar/empresa/;2026-09-26
Tecnored Energia S.A.;Tecnored;Rio Cuarto;Desarrollo de proyectos de energía sostenible: biogás (digestión anaeróbica), combustión de biomasa, solar fotovoltaica, GNL. Ingeniería, dirección de obra, montaje y mantenimiento;B;;Minería y energía (proveedores y contratistas);Industrial;tecnoredconsultores.com.ar;media;Horacio G. Pinasco;Fundador (web propia, sin fecha);;;;;;renovables | energía | proyectos | montaje | mantenimiento | trabaja en Argentina y Latinoamérica;Tecnored hace proyectos de biogás desde 2008, como la central de AB Energía;;Sin email ni teléfono publicados. Pinasco figura como fundador en la web.;"Hola Horacio, soy [tu nombre], de COI.
Vi que Tecnored hace proyectos de biogás desde 2008, como la central de AB Energía.
En empresas así, entre el trabajo en campo, la facturación en dólares y las certificaciones se pierde el control del proyecto.
COI lleva la cuenta corriente en pesos y dólares por separado y factura por anticipo y certificación de avance.
¿Te muestro una demo con tus propios datos? Son 20 minutos.
— Si no te interesa, respondé BAJA y no te escribimos más.";búsqueda web (sesión cloud);http://www.tecnoredconsultores.com.ar/ | http://tecnoredenergia.ar/ | http://tecnoredenergia.com.ar/ | https://ar.linkedin.com/company/tecnored-energia | https://www.facebook.com/tecnoredenergia/ | http://tecnoredenergia.com.ar/ | https://www.tecnoredenergia.ar/trabajos.html | http://tecnoredenergia.ar/ren-abagro.html | https://www.facebook.com/tecnoredenergia/;2026-09-26
New American Oil S.A.;New American Oil;Plaza Huincul;Refinación y logística de combustibles (refinería en Plaza Huincul, planta de inyección y bombeo en Challaco). Abastece a los sectores petrolero, agro, pesca, minería e industria;B;;Minería y energía (proveedores y contratistas);Industrial;naocombustibles.com;alta;Rodrigo Arias;Gerente General (LinkedIn y Guía Vaca Muerta 2026);baires@naocombustibles.com;+54 230 430-0271;sí;Eduardo E. Mónaco (Presidente) / Jorge R. Arias (Vicepresidente);;petrolera | energía | minería | mantenimiento (parada de planta programada en feb. 2026) | búsqueda laboral (ingenieros para planificación de mantenimiento, busquedas@) | antecedente: explosión en la refinería en 2022 con 3 operarios muertos e imputaciones a miembros de la empresa;en New American Oil están invirtiendo en trazabilidad y control de procesos en Plaza Huincul;Refinería, grande para una PyME. Explosión en 2022 con causa penal en curso: no mencionarla.;Gerente general: Rodrigo Arias (LinkedIn, Guía Vaca Muerta 2026).;"Hola, soy [tu nombre], de COI.
Vi que en New American Oil están invirtiendo en trazabilidad y control de procesos en Plaza Huincul.
En empresas así, entre el trabajo en campo, la facturación en dólares y las certificaciones se pierde el control del proyecto.
COI lleva la cuenta corriente en pesos y dólares por separado y factura por anticipo y certificación de avance.
¿Te muestro una demo con tus propios datos? Son 20 minutos.
— Si no te interesa, respondé BAJA y no te escribimos más.";búsqueda web (sesión cloud);https://www.naocombustibles.com/ | http://www.naocombustibles.com/contacto.html | https://www.naocombustibles.com/quienes-somos.html | https://ar.linkedin.com/company/new-american-oil-s.a. | https://econojournal.com.ar/2026/04/plaza-huincul-nao-realizo-una-parada-programada-de-planta-para-reforzar-confiabilidad-operativa-y-mantenimiento-futuro/ | https://www.mpfneuquen.gob.ar/mpf/index.php/es/10-neuquen/11-cutral-co/2896-explosion-en-nao-imputan-a-miembros-de-la-empresa-y-de-la-auditoria | https://www.perfil.com/noticias/empresas-y-protagonistas/inversiones-que-perduran-la-hoja-de-ruta-de-nao-para-eficiencia-y-seguridad-operativa-en-neuquen.phtml | https://www.guiavacamuerta.com/r/nao-new-american-oil-sa.htm | https://www.linkedin.com/in/rodrigo-arias-457404a/ | https://www.naocombustibles.com/quienes-somos.html;2026-09-26
Vm Metalurgica Srl;VM Metalúrgica;Carcaraña;Construcción, instalación y puesta en marcha de máquinas para la industria alimenticia (frigoríficos y plantas de congelado);B;;Metalúrgicas / metalmecánica a pedido;Emprendedor / Industrial;metalvm.com.ar;media;Osvaldo Alberto Mosich;Socio gerente (edicto de constitución BO Santa Fe 2018);;;;Claudia Andrea Venencia (socia - BO Santa Fe 2018);;montaje | perfil de empleos en Bumeran;VM Metalúrgica fabrica e instala máquinas para frigoríficos y plantas de congelado;;Sin canal publicado. Socios según Boletín Oficial de Santa Fe 2018.;"Hola Osvaldo, soy [tu nombre], de COI.
Vi que VM Metalúrgica fabrica e instala máquinas para frigoríficos y plantas de congelado.
En empresas así, cada presupuesto a medida se arma distinto y el margen real por trabajo no se ve.
COI arma los presupuestos por costo más ganancia y te muestra cuánto dejó cada trabajo.
¿Te muestro una demo con tus propios datos? Son 20 minutos.
— Si no te interesa, respondé BAJA y no te escribimos más.";búsqueda web (sesión cloud);https://www.metalvm.com.ar/ | https://ar.linkedin.com/company/vm-metalurgica | https://www.facebook.com/vm.metalurgica1/ | https://www.instagram.com/vm.metalurgica/ | https://www.bumeran.com.ar/perfiles/empresa_vm-metalurgica_13376118.html | https://www.santafe.gov.ar/boletinoficial/recursos/boletines/2018-10-25contratos.html | https://www.facebook.com/vm.metalurgica1/ | https://ar.linkedin.com/company/vm-metalurgica | https://linktr.ee/vm.metalurgica;2026-09-26
Talleres Gan Mar S R L;Gan Mar;Frontera;Fabricante de equipos para movimiento de materiales: polipastos manuales, eléctricos y de palanca, malacates, plumas, tornos y accesorios;B;;Metalúrgicas / metalmecánica a pedido;Emprendedor / Industrial;ganmar.com.ar;alta;;;ventas@ganmar.com.ar;(03564) 426086;sí;Bartolomé Gandino / Héctor Gandino / Omar Marques (cofundadores en 1969 según nota de 2019, cargo actual no confirmado);;exportación (Chile, Bolivia, Paraguay, Uruguay, Ecuador, Colombia, Panamá y México) | representantes | más de 55 años (desde 1969);Gan Mar exporta polipastos y malacates a ocho países de América Latina;;Unos 60 empleados. Decisor actual sin confirmar: cofundadores de 1969 (Gandino, Marques).;"Hola, soy [tu nombre], de COI.
Vi que Gan Mar exporta polipastos y malacates a ocho países de América Latina.
En empresas así, cada presupuesto a medida se arma distinto y el margen real por trabajo no se ve.
COI arma los presupuestos por costo más ganancia y te muestra cuánto dejó cada trabajo.
¿Te muestro una demo con tus propios datos? Son 20 minutos.
— Si no te interesa, respondé BAJA y no te escribimos más.";búsqueda web (sesión cloud);https://ganmar.com.ar/ | https://ganmar.com.ar/contacto/ | https://ganmar.com.ar/representantes/ | https://ganmar.com.ar/empresa/ | https://www.globalports.com.ar/business-directory/talleres-gan-mar-s-r-l/ | https://exportargentina.org.ar/companies/435 | https://ganmar.com.ar/contacto/ | https://ganmar.com.ar/empresa/ | https://lavozdesanjusto.com.ar/noticias/articulo/ganmar-50-anos-de-progreso-y-prestigio-empresarial-60342;2026-09-26
MINERA SAN PEDRO SRL;Minera San Pedro;CORDOBA;Servicios mineros: trituración y clasificación de áridos y minerales, perforación y voladuras controladas en roca, fundaciones especiales, gasoductos;B;;Minería y energía (proveedores y contratistas);Industrial;minerasanpedro.com.ar;media;;;;;;;;minería | obras | energía (gasoductos) | 38 años de trayectoria;Minera San Pedro lleva 38 años con plantas móviles de trituración en Córdoba;;La web solo tiene formulario. Ojo: existe otra Minera San Pedro S.A. distinta.;"Hola, soy [tu nombre], de COI.
Vi que Minera San Pedro lleva 38 años con plantas móviles de trituración en Córdoba.
En empresas así, entre el trabajo en campo, la facturación en dólares y las certificaciones se pierde el control del proyecto.
COI lleva la cuenta corriente en pesos y dólares por separado y factura por anticipo y certificación de avance.
¿Te muestro una demo con tus propios datos? Son 20 minutos.
— Si no te interesa, respondé BAJA y no te escribimos más.";búsqueda web (sesión cloud);https://www.minerasanpedro.com.ar/ | https://www.minerasanpedro.com.ar/servicios/perforaciones-y-voladuras.html | https://www.instagram.com/minerasanpedro/ | https://cemincor.org.ar/asociados/ | https://www.minerasanpedro.com.ar/ | https://www.minerasanpedro.com.ar/contacto.html | https://www.cuitonline.com/detalle/30694309328/minera-san-pedro-srl.html;2026-09-26
Industrias Metalurgicas Damiani Y D Alleva S R L;Damiani y D'Alleva;Roldan;Fabricación de máquinas y equipos para la industria cárnica (frigoríficos, mataderos, embutidos);B;;Metalúrgicas / metalmecánica a pedido;Emprendedor / Industrial;damianiydalleva.com.ar;media;Jorge D'Alleva;Directivo/socio (2da generación familiar) - integra la comisión directiva de ADEPIA;;+54 341 496-1364;sí;;;empresa familiar fundada en 1960, planta de 3.000 m2 | web con páginas internas hackeadas (spam de apuestas en /productos/);Damiani y D'Alleva equipa frigoríficos de todo el país desde 1960;;Sin email publicado. Su web tiene páginas hackeadas con spam: no la cites.;"Hola Jorge, soy [tu nombre], de COI.
Vi que Damiani y D'Alleva equipa frigoríficos de todo el país desde 1960.
En empresas así, cada presupuesto a medida se arma distinto y el margen real por trabajo no se ve.
COI arma los presupuestos por costo más ganancia y te muestra cuánto dejó cada trabajo.
¿Te muestro una demo con tus propios datos? Son 20 minutos.
— Si no te interesa, respondé BAJA y no te escribimos más.";búsqueda web (sesión cloud);https://www.damianiydalleva.com.ar/ | https://www.damianiydalleva.com.ar/productos/ | https://market.redalimentaria.com/blog/industrias-metalurgicas-damiani-y-dalleva-la-empresa-que-comenzo-en-el-garaje-de-una-casa_8671 | https://www.paginasamarillas.com.ar/fichas/industria-metalurgica-damiani-y-dalleva_10408858 | https://www.cuitonline.com/detalle/30617763466/industrias-metalurgicas-damiani-y-d-alleva-s-r-l.html | https://www.dnb.com/business-directory/company-profiles.industrias_metalurgicas_damiani_y_dalleva_srl.b5a7e13ea242d8a4ee68d4102d3947fc.html | https://www.dat.gov.ar/jorde-dalleva-de-damiani-y-dalleva-somos-una-empresa-pyme-lider-a-nivel-nacional-en-nuestro-rubro-empezamos-hace-54-anos-con-mi-padre-y-mi-tio-fabricando-en-un-garage/ | https://market.redalimentaria.com/blog/industrias-metalurgicas-damiani-y-dalleva-la-empresa-que-comenzo-en-el-garaje-de-una-casa_8671 | https://www.damianiydalleva.com.ar/;2026-09-26
America Pampa Agroindustrial S.A.;America Pampa;America;Procesamiento de soja para ingredientes alimenticios (texturizado y proteína en polvo) y producción agropecuaria (Grupo América Pampa);B;;Industrial B2B;Emprendedor;americapampa.com;alta;Diego Álvarez;Gerente / conduce la empresa desde 2007 (prensa sectorial, año no visible);ventas@americapampa.com;+54 2337 453139;sí;Antonio Álvarez (director ejecutivo - dato de resumen de búsqueda, sin fuente primaria confirmada);;empresa familiar, opera como Grupo América Pampa con varias unidades de negocio | certificación FSSC 22000 | planta en Parque Industrial (Ministro Rivadavia/América);America Pampa exporta proteína de soja texturizada;Agroindustria alimentaria, no metalmecánica: confirmar que encaje.;;"Hola Diego, soy [tu nombre], de COI.
Vi que America Pampa exporta proteína de soja texturizada.
En empresas así, la información de ventas y administración queda repartida entre planillas, mails y WhatsApp.
COI pone ventas, administración y números de la dirección en un solo sistema.
¿Te muestro una demo con tus propios datos? Son 20 minutos.
— Si no te interesa, respondé BAJA y no te escribimos más.";búsqueda web (sesión cloud);https://www.americapampa.com/en/contactar | https://www.americapampa.com/en/acerca-de | https://www.americapampa.com/en/ingredientes-alimenticios | https://www.linkedin.com/company/am-rica-pampa-agroindustrial-sa | https://www.infocampo.com.ar/el-negocio-de-exportar-proteinas-de-soja/ | https://www.contenidoscrea.org.ar/america-pampa-agroindustrial-a1833 | https://www.argentina.gob.ar/noticias/presentaron-un-cluster-para-la-exportacion-de-proteinas-vegetales-con-alto-valor-agregado | https://www.americapampa.com/en/contactar;2026-09-26
Simetra Service Srl;Simetra;Neuquen;Servicios para la industria del petróleo y gas: construcción, montaje mecánico y obras civiles;B;;Minería y energía (proveedores y contratistas);Industrial;simetra.com.ar;alta;;;info@simetra.com.ar;(0299) 441-3075;sí;;;petrolera | obras | montaje | proyectos | Vaca Muerta | la web y LinkedIn figuran como Simetra Service S.A. (posible cambio de tipo societario);Simetra está sumando supervisores y jefes de proyecto para sus obras en Vaca Muerta;;La web y LinkedIn dicen Simetra Service S.A., no S.R.L.;"Hola, soy [tu nombre], de COI.
Vi que Simetra está sumando supervisores y jefes de proyecto para sus obras en Vaca Muerta.
En empresas así, entre el trabajo en campo, la facturación en dólares y las certificaciones se pierde el control del proyecto.
COI lleva la cuenta corriente en pesos y dólares por separado y factura por anticipo y certificación de avance.
¿Te muestro una demo con tus propios datos? Son 20 minutos.
— Si no te interesa, respondé BAJA y no te escribimos más.";búsqueda web (sesión cloud);https://www.simetra.com.ar/ | https://ar.linkedin.com/company/simetrasa | https://ar.linkedin.com/company/simetra-service-s.r.l | https://www.guiacores.com.ar/index.php?r=search/detail&id=9898 | https://www.cuitonline.com/detalle/30707184996/simetra-service-s.-a.html | https://www.guiacores.com.ar/index.php?r=search/detail&id=9898 | https://guiavacamuerta.com/r/simetra-service-srl.htm | https://ar.linkedin.com/company/simetrasa | https://ar.computrabajo.com/empresas/acerca-de-simetra-service-srl-074ec04f5dc23393;2026-09-26
Cintas Metalicas Moros S.A.;Moros;Lanus;Diseño, fabricación y montaje de cintas y mallas metálicas transportadoras y equipos industriales;B;;Metalúrgicas / metalmecánica a pedido;Emprendedor / Industrial;moros.com.ar;alta;Fabio Javier Caggiano;Presidente (designación del directorio por escritura del 19/9/2022, antes gerente de Moros S.R.L.);info@moros.com.ar;+54 11 4241-8200;sí;;;montaje | proyectos (ingeniería y diseño, montajes industriales);Moros diseña cintas y mallas metálicas a medida para líneas de producción;;Presidente según escritura de 2022.;"Hola Fabio, soy [tu nombre], de COI.
Vi que Moros diseña cintas y mallas metálicas a medida para líneas de producción.
En empresas así, cada presupuesto a medida se arma distinto y el margen real por trabajo no se ve.
COI arma los presupuestos por costo más ganancia y te muestra cuánto dejó cada trabajo.
¿Te muestro una demo con tus propios datos? Son 20 minutos.
— Si no te interesa, respondé BAJA y no te escribimos más.";búsqueda web (sesión cloud);https://www.moros.com.ar/ | https://www.moros.com.ar/contacto.htm | https://www.moros.com.ar/es/contacto | https://www.moros.com.ar/es/productos/equipos | https://ar.linkedin.com/company/cintas-me%C3%A1licas-moros-s-a | https://www.moros.com.ar/es/contacto | https://www.moros.com.ar/ | https://www.dateas.com/en-us/empresa/cintas-metalicas-moros-sa-30716481081 | https://www.dateas.com/en-us/docs/search?text=%22Fabio+Javier+Caggiano%22&pcountry=AR;2026-09-26
Hidraulica C & C S.R.L.;Hidráulica C&C;Rosario Sud;Reparación de cilindros hidráulicos, mantenimiento de equipos hidráulicos, service en planta y naval, venta de componentes oleohidráulicos;B;;Servicios técnicos y mantenimiento industrial;Industrial;hidraulicacyc.com.ar;alta;Marcelo Daniel Carreras;Socio gerente (Boletín Oficial Santa Fe 2013 - verificar vigencia);cyc@hidraulicacyc.com.ar;0341 15 328-3811;sí;;;mantenimiento | service en planta y a bordo de buques (flota fluvial) | más de 20 años;Hidráulica C&C repara cilindros y hace service en planta y a bordo de buques;;Socio gerente según Boletín Oficial 2013: confirmar. Taller chico.;"Hola, soy [tu nombre], de COI.
Vi que Hidráulica C&C repara cilindros y hace service en planta y a bordo de buques.
En empresas así, coordinar visitas y saber qué tiene cada técnico o vendedor en su cartera cuesta más de lo que debería.
COI arma las hojas de ruta con mapa y le da a cada uno su cartera y sus tareas, también desde el celular.
¿Te muestro una demo con tus propios datos? Son 20 minutos.
— Si no te interesa, respondé BAJA y no te escribimos más.";búsqueda web (sesión cloud);https://hidraulicacyc.com.ar/ | https://hidraulicacyc.com.ar/contacto/ | https://hidraulicacyc.com.ar/nosotros/ | https://rosario.com.ar/guia/hidraulica-cyc-srl-rosario.htm | https://www.santafe.gob.ar/boletinoficial/ver.php?seccion=09-08-2013contratos.html | https://hidraulicacyc.com.ar/ | https://rosario.com.ar/guia/hidraulica-cyc-srl-rosario.htm;2026-09-26
J L Electromecanica S.R.L.;J L Electromecánica;La Rioja;Instalación, ejecución y mantenimiento de instalaciones eléctricas, electromecánicas y electrónicas (según directorios, sin web propia);B;;Instalaciones (eléctricas, termomecánicas, gas, incendio);Industrial;;baja;José Luis Rodríguez;Socio (prensa local 2016 - también gerente de distribución de EDELaR en esa fecha);;;;Graciela Yolanda Rodríguez (socia - 2016);;mantenimiento | obras | sin web propia encontrada (solo directorios) | prensa local 2016 vincula a un socio con gerencia de EDELaR (distribuidora eléctrica provincial);J L Electromecánica hace instalaciones eléctricas y electromecánicas en La Rioja desde 2006;;Sin web: poco digitalizada. Datos de socios de 2016. Solo apareció un teléfono de directorio (3822 450168).;"Hola José Luis, soy [tu nombre], de COI.
Vi que J L Electromecánica hace instalaciones eléctricas y electromecánicas en La Rioja desde 2006.
En empresas así, las oportunidades y los gastos de cada obra quedan repartidos entre planillas y WhatsApp.
COI sigue cada oportunidad hasta el cierre e imputa los gastos a cada obra.
¿Te muestro una demo con tus propios datos? Son 20 minutos.
— Si no te interesa, respondé BAJA y no te escribimos más.";búsqueda web (sesión cloud);https://www.tuugo.com.ar/Companies/j-l-electromecanica/0040003075664 | https://www.cuitonline.com/detalle/30709622192/j-l-electromecanica-s.r.l.html | https://riojapolitica.wordpress.com/2016/03/31/gerente-de-edelar-sa-es-el-dueno-de-j-l-electromecanica-srl/ | https://riojapolitica.wordpress.com/2016/03/31/gerente-de-edelar-sa-es-el-dueno-de-j-l-electromecanica-srl/ | https://www.cuitonline.com/detalle/30709622192/j-l-electromecanica-s.r.l.html;2026-09-26
Industria Metalurgica Barrancas Sa;IMBASA;Barrancas;Fabricación de cilindros de freno y embrague y bombas hidráulicas (marcas IMBASA y GFA) para autos, utilitarios, maquinaria agrícola y equipo pesado;B;;Industrial B2B;Emprendedor;imbasa.ar;alta;;;pedidos@frenosimbasa.com.ar;+54 3466 420100;sí;Néstor Desideri (ingeniero reconocido por la dirección como impulsor del proceso LEAN iniciado en 2014, cargo no especificado) / Mario Pazos (fue gerente comercial, hoy su LinkedIn lo muestra en Fate: NO usar);;área comercial | tienda y catálogo online en frenosimbasa.com.ar | mecanizado CNC;IMBASA viene trabajando con LEAN desde 2014 en su planta de Barrancas;;Sin decisor confirmado. Mario Pazos ya no trabaja ahí.;"Hola, soy [tu nombre], de COI.
Vi que IMBASA viene trabajando con LEAN desde 2014 en su planta de Barrancas.
En empresas así, la información de ventas y administración queda repartida entre planillas, mails y WhatsApp.
COI pone ventas, administración y números de la dirección en un solo sistema.
¿Te muestro una demo con tus propios datos? Son 20 minutos.
— Si no te interesa, respondé BAJA y no te escribimos más.";búsqueda web (sesión cloud);https://imbasa.ar/ | http://imbasa.ar/nosotros | https://frenosimbasa.com.ar/catalogo-online/ | https://www.argentino.com.ar/imbasa-F120AC4071DD4 | https://www.linkedin.com/company/industria-metalurgica-barrancas-s-a | https://imbasa.ar/ | http://imbasa.ar/nosotros | https://frenosimbasa.com.ar/contacto/ | https://www.linkedin.com/in/mario-pazos-1b3a58b/;2026-09-26
Metal Noet Srl;Piersanti;Noetinger;Fabricación de cabezales draper (plataformas de cosecha a lona) y reformas de plataformas convencionales - marca Piersanti;B;;Industrial B2B;Emprendedor;piersanti.com.ar;alta;Valeria Piersanti;Responsable de gerencia comercial (prensa 2026);info@piersanti.com.ar;+54 3472 470195;sí;Juan Carlos Piersanti (fundador) / Luciana Piersanti (segunda generación, conduce otra área - prensa 2026);;exportación (Brasil y Paraguay, Agritechnica) | red de representantes/concesionarios | búsqueda laboral (página RRHH) | 40 años (2026);Piersanti festejó sus 40 años en Expoagro y presentó el draper DF 2100;;Valeria Piersanti lleva la gerencia comercial (prensa 2026).;"Hola Valeria, soy [tu nombre], de COI.
Vi que Piersanti festejó sus 40 años en Expoagro y presentó el draper DF 2100.
En empresas así, la información de ventas y administración queda repartida entre planillas, mails y WhatsApp.
COI pone ventas, administración y números de la dirección en un solo sistema.
¿Te muestro una demo con tus propios datos? Son 20 minutos.
— Si no te interesa, respondé BAJA y no te escribimos más.";búsqueda web (sesión cloud);https://piersanti.com.ar/en/ | https://piersanti.com.ar/en/en_company/ | https://piersanti.com.ar/en/en_sales-network/ | https://piersanti.com.ar/en/en_human-resources/ | https://www.exportadoresdecordoba.com/empresas/piersanti-plataformas-1369.html | https://ar.linkedin.com/company/piersanti | https://www.noticiasdecampo.com/2026/03/31/de-taller-a-referente-piersanti-celebra-40-anos-de-crecimiento/ | https://agroverdad.com.ar/2026/02/expoagro-2026-piersanti-fabricante-del-draper-argentino-celebra-sus-40-anos-apostando-fuerte-al-futuro | https://www.noticiasdecampo.com/2026/03/31/de-taller-a-referente-piersanti-celebra-40-anos-de-crecimiento/ | https://maquinac.com/2025/06/piersanti-presento-df-2100-la-evolucion-de-su-draper/ | https://piersanti.com.ar/wp-content/uploads/2023/11/Folleto-DF1000-Piersanti-Digital.pdf | https://piersanti.com.ar/en/;2026-09-26
Metalurgica Del Sur S.A;Metalúrgica Del Sur;Villa Gobernador Galvez;Fabricación de grúas puente, pórtico y pluma, monorrieles, aparejos y sistemas de movimiento de cargas (marca MDS);B;;Metalúrgicas / metalmecánica a pedido;Emprendedor / Industrial;mds.com.ar;alta;Ramiro Pereyra;Directivo - tercera generación familiar al frente de la empresa (Punto Biz 2026);info@mds.com.ar;+54 341 518-2906;sí;;11-50 (LinkedIn);proyectos | servicio posventa | ingeniería y desarrollo;Metalúrgica Del Sur lanzó el monitoreo remoto de puentes grúa;;11-50 empleados en LinkedIn.;"Hola Ramiro, soy [tu nombre], de COI.
Vi que Metalúrgica Del Sur lanzó el monitoreo remoto de puentes grúa.
En empresas así, cada presupuesto a medida se arma distinto y el margen real por trabajo no se ve.
COI arma los presupuestos por costo más ganancia y te muestra cuánto dejó cada trabajo.
¿Te muestro una demo con tus propios datos? Son 20 minutos.
— Si no te interesa, respondé BAJA y no te escribimos más.";búsqueda web (sesión cloud);https://mds.com.ar/contacto/ | https://mds.com.ar/empresa/ | https://ar.linkedin.com/company/metalurgicadelsur | http://puntobiz.com.ar/negocios/fabrica-con-mas-de-50-anos-suma-tecnologia-para-desmarcarse-de-los-importados-2026713800 | https://desarrollozonal.com/una-empresa-de-vgg-fue-reconocida-en-el-festejo-provincial-por-el-dia-de-la-industria/ | https://mds.com.ar/;2026-09-26
Metalurgica Sarmiento S R L;Metalúrgica Sarmiento;Esperanza;Ingeniería, fabricación y montaje de equipos metálicos: aspiración, transporte y filtrado de polvos y gases;B;;Montajes industriales y estructuras metálicas;Industrial;metalurgicasarmiento.com;alta;Víctor Sarmiento;Titular / conduce la empresa (presidió FISFE 2019-2021);presidencia@metalurgicasarmiento.com;+54 3496 412200;sí;;51-200 (LinkedIn, según buscador);montaje | proyectos | minería (socio de CAPMIN) | tres divisiones industriales;Metalúrgica Sarmiento provee filtros de mangas y transporte neumático a la minería;;Víctor Sarmiento presidió FISFE entre 2019 y 2021.;"Hola Víctor, soy [tu nombre], de COI.
Vi que Metalúrgica Sarmiento provee filtros de mangas y transporte neumático a la minería.
En empresas así, el costo real de cada proyecto suele aparecer recién al cerrarlo.
COI junta presupuestos, gastos por proyecto y cobranzas en pesos y dólares, y te muestra el margen mientras el proyecto avanza.
¿Te muestro una demo con tus propios datos? Son 20 minutos.
— Si no te interesa, respondé BAJA y no te escribimos más.";búsqueda web (sesión cloud);https://metalurgicasarmiento.com/ | https://metalurgicasarmiento.com/contacto-metalurgica-sarmiento/ | https://ar.linkedin.com/company/metal%C3%BArgica-sarmiento | https://www.capmin.com.ar/Proveedores-mineros/metalurgica-sarmiento-srl/ | https://www.rosario3.com/ecos365/noticias/Victor-Sarmiento-es-el-nuevo-presidente-de-la-Federacion-Industrial-de-Santa-Fe-20190416-0012.html | https://metalurgicasarmiento.com/contacto-metalurgica-sarmiento/ | https://www.capmin.com.ar/Proveedores-mineros/metalurgica-sarmiento-srl/ | https://www.exposanjuan.com.ar/es/company/metalurgica-sarmiento | https://ar.linkedin.com/in/metalurgica-sarmiento-sarmiento-42164a359;2026-09-26
E R A Energias Renovables Argentinas Sa;ERA;Piamonte;Planta de biocombustibles / bioenergía y productos como coadyuvantes agrícolas;B;;Agroindustria (proveedores de servicios/insumos);Emprendedor / Industrial;era.com.ar;media;Marcelo Eduardo Rossini;Presidente (designación en Boletín Oficial de Santa Fe 2017, dueño/familia controlante según prensa 2019-2020);;+54 3401 455114;sí;;;energía | renovables | nueva web erasa.com.ar;ERA produce biodiésel en Piamonte y también distribuye combustibles y agroinsumos;Concurso preventivo en 2019 y tiene estaciones de servicio: revisar si encaja.;;"Hola Marcelo, soy [tu nombre], de COI.
Vi que ERA produce biodiésel en Piamonte y también distribuye combustibles y agroinsumos.
En empresas así, con ventas en el campo y cobranzas con cheques, cuesta saber qué se vendió y qué se cobró.
COI junta ventas, cuentas corrientes y control de cheques en un solo lugar.
¿Te muestro una demo con tus propios datos? Son 20 minutos.
— Si no te interesa, respondé BAJA y no te escribimos más.";búsqueda web (sesión cloud);http://www.era.com.ar/contacto/ | http://era.com.ar/planta/ | http://era.com.ar/productos/ | https://erasa.com.ar/contacto/ | https://www.instagram.com/erabioenergia/ | https://www.santafe.gob.ar/boletinoficial/ver.php?seccion=13-07-2017contratos.html | https://bichosdecampo.com/marcelo-rossini-tiene-una-planta-de-biodiesel-en-piamonte-santa-fe-estamos-haciendo-un-esfuerzo-enorme-para-que-mis-30-empleados-no-queden-en-la-calle/ | https://puntobiz.com.ar/agro/quien-es-quien-en-el-negocio-del-biodiesel-2024114600 | http://www.era.com.ar/;2026-09-26
Omicron Construcciones Y Montajes S R L;Omicron;San Lorenzo;Servicios industriales: mantenimiento, ingeniería, construcción y montaje para petroleras, refinerías y químicas;B;;Montajes industriales y estructuras metálicas;Industrial;omicronsrl.com.ar;media;José Antonio Villata;Socio gerente (Boletín Oficial Santa Fe 2012 - dato viejo);;03476 225795;sí;Ricardo Emilio Mauro (socio gerente - BO 2012) / María Cristina Reghitto (socia gerente - BO 2012);;montaje | mantenimiento | obras | petrolera;Omicron hace montaje y mantenimiento para petroleras y refinerías del cordón de San Lorenzo;;Socios gerentes según Boletín Oficial 2012: confirmar vigencia.;"Hola José Antonio, soy [tu nombre], de COI.
Vi que Omicron hace montaje y mantenimiento para petroleras y refinerías del cordón de San Lorenzo.
En empresas así, el costo real de cada proyecto suele aparecer recién al cerrarlo.
COI junta presupuestos, gastos por proyecto y cobranzas en pesos y dólares, y te muestra el margen mientras el proyecto avanza.
¿Te muestro una demo con tus propios datos? Son 20 minutos.
— Si no te interesa, respondé BAJA y no te escribimos más.";búsqueda web (sesión cloud);https://omicronsrl.com.ar/ | https://omicronsrl.com.ar/quienes-somos/ | http://omicronsrl.com.ar/trabajos/ | https://www.cylex.com.ar/pino-de-san-lorenzo/omicron-construcciones-y-montajes-s-r-l-11512684.html | https://omicronsrl.com.ar/contacto | https://omicronsrl.com.ar/quienes-somos/ | https://www.santafe.gov.ar/boletinoficial/recursos/boletines/13-02-2012contratos.html;2026-09-26
Metalurgica B.M.B. S.A.;BMB;Armstrong;fabricante de maquinaria agrícola: tolvas autodescargables, tolvas semilleras, carros mixer/forrajeros, sinfines;B;;Agroindustria (proveedores de servicios/insumos);Emprendedor / Industrial;bmbweb.com.ar;media;Nelso Bernardi;Presidente y socio fundador;metalurgicabmb@gmail.com;+54 3471 461748;sí;;;nueva planta (Parque Industrial Armstrong, 2015) | expansión (duplicar capacidad, nueva tolva 2026) | área comercial (teléfono de ventas separado);BMB presentó en enero la tolva EB 39 de 48.000 litros;;Usa Gmail, no correo de su dominio.;"Hola Nelso, soy [tu nombre], de COI.
Vi que BMB presentó en enero la tolva EB 39 de 48.000 litros.
En empresas así, con ventas en el campo y cobranzas con cheques, cuesta saber qué se vendió y qué se cobró.
COI junta ventas, cuentas corrientes y control de cheques en un solo lugar.
¿Te muestro una demo con tus propios datos? Son 20 minutos.
— Si no te interesa, respondé BAJA y no te escribimos más.";búsqueda web (sesión cloud);https://bmbweb.com.ar/ | https://bmbweb.com.ar/empresa/ | https://www.bmbweb.com.ar/index.php/2012-11-23-08-17-17 | https://maquinac.com/empresas/bmb/ | https://maquinac.com/2026/01/bmb-amplio-la-linea-de-tolvas-autodescargables/ | https://armstrongyregion.com.ar/diario/bmb-se-instala-en-el-parque-industrial-de-armstrong/ | https://ar.linkedin.com/company/metal%C3%BArgica-bmb | https://maquinac.com/2026/01/bmb-amplio-la-linea-de-tolvas-autodescargables/ | https://www.youtube.com/watch?v=ONg-9X-4d5Y | https://maquinac.com/empresas/bmb/ | https://bmbweb.com.ar/empresa/;2026-09-26
Electromecanica Bottino Hnos. Sociedad Anonima;Bottino;General San Martin;ingeniería y montajes electromecánicos llave en mano, tableros y salas eléctricas, aerogeneradores;B;;Minería y energía (proveedores y contratistas);Industrial;ebhsa.com.ar;alta;Jorge Bottino;Presidente y socio fundador (prensa ~2016);info@ebhsa.com.ar;(0263) 442-0000;sí;Ricardo Bottino (vicepresidente y socio fundador - prensa ~2016);51-200 (LinkedIn);obras | proyectos | montaje | mantenimiento | minería | energía | petrolera | renovables | exportación (Chile, Perú, Paraguay, Bolivia, México y otros) | búsqueda laboral (LinkedIn Oficina Técnica) | ISO 9001;Bottino fabrica salas eléctricas para minería y petróleo desde 1961;Unos 200 empleados fijos y 100 contratados (INTI): por encima del rango.;Presidente según prensa de 2016: confirmar.;"Hola Jorge, soy [tu nombre], de COI.
Vi que Bottino fabrica salas eléctricas para minería y petróleo desde 1961.
En empresas así, entre el trabajo en campo, la facturación en dólares y las certificaciones se pierde el control del proyecto.
COI lleva la cuenta corriente en pesos y dólares por separado y factura por anticipo y certificación de avance.
¿Te muestro una demo con tus propios datos? Son 20 minutos.
— Si no te interesa, respondé BAJA y no te escribimos más.";búsqueda web (sesión cloud);https://www.ebhsa.com.ar/ | https://www.ebhsa.com.ar/empresa/ | http://www.ebhsa.com.ar/contacto/ | https://www.ebhsa.com.ar/nuestros-servicios/montajes-electromecanicos/ | https://ar.linkedin.com/company/electromecanica-bottino-hnos-s.a. | https://ar.linkedin.com/jobs/view/oficina-t%C3%A9cnica-at-electromecanica-bottino-hnos-s-a-4266973824 | https://www.argentina.gob.ar/inti/pymes-exportan/energia/edicion-8-enero-2021/electromecanica-bottino-hnos-sa-vanguardia-en | https://www.losandes.com.ar/electromecanica-bottino-hnos-una-empresa-de-san-martin-lider-a-nivel-nacional | https://www.mendoza.gov.ar/prensa/el-gobernador-visito-la-electromecanica-bottino-hermanos-sa-en-san-martin/ | https://www.ebhsa.com.ar/empresa/ | https://www.buenosnegocios.com/notas/casos/bottino-todos-los-dias-avanzamos-algo-n2469;2026-09-26
Representaciones Mineras S.R.L.;Representaciones Mineras;Rosario Sud;distribuidora de productos industriales (HDPE, PVC, poliuretano, caucho, sistemas eléctricos y de seguridad) para minería, construcción, oil & gas, puertos y logística;B;;Distribuidoras de insumos industriales;Emprendedor;representacionesmineras.com;alta;Carolina Vaz Diniz Do Couto;Socia gerente (CV público 2016: socia gerente desde 06-2014, sigue publicando en LinkedIn por la empresa en 2024);gustavo@representacionesmineras.com;0341 461-2261;sí;Pablo Ariel Diesi (socio según edicto de constitución, Boletín Oficial Santa Fe 2014) / Gustavo (atiende el email comercial publicado, apellido y cargo no confirmados);;minería | petrolera | mantenimiento | montaje (instalación en paradas de planta) | expositor Expo San Juan y Argentina Mining 2024;Representaciones Mineras estuvo en Argentina Mining 2024 con sus revestimientos para molinos;;El email comercial es de Gustavo. La socia gerente es Carolina Vaz Diniz Do Couto.;"Hola Gustavo, soy [tu nombre], de COI.
Vi que Representaciones Mineras estuvo en Argentina Mining 2024 con sus revestimientos para molinos.
En empresas así, con un catálogo técnico grande, el seguimiento de cada cotización y la cuenta corriente por moneda se desordenan.
COI une pipeline, catálogo de productos y cuenta corriente en pesos y dólares.
¿Te muestro una demo con tus propios datos? Son 20 minutos.
— Si no te interesa, respondé BAJA y no te escribimos más.";búsqueda web (sesión cloud);https://representacionesmineras.com/ | https://ar.linkedin.com/company/representaciones-mineras-srl | https://www.paginasamarillas.com.ar/fichas/representaciones-mineras-srl_14466040 | https://www.panorama-minero.com/en/event/expo-sanjuan/exhibitors/profile/representaciones-mineras | https://www.argentinaminingonline.com/am2024/catalog/representaciones-mineras-srl | https://cie.gov.ar/web/images/CV_CAROLINA-VAZ-DINIZ-DO-COUTO.pdf | https://www.linkedin.com/posts/carolina-vaz-diniz-do-couto-68444913_in-representaciones-mineras-srl-we-are-excited-activity-7234903178494787584-faVA | https://www.santafe.gob.ar/boletinoficial/ver.php?seccion=14-05-2014contratos.html | https://www.exposanjuan.com.ar/es/company/representaciones-mineras | https://www.argentinaminingonline.com/am2024/catalog/representaciones-mineras-srl;2026-09-26
Eco Minera S A;Eco Minera;San Juan;servicios mineros: perforación diamantina y aire reverso, movimiento de suelos, apoyo a exploración;B;;Minería y energía (proveedores y contratistas);Industrial;ecominera.com.ar;alta;Ezequiel Ochoa;Gerente comercial (Argentina Mining y web propia - año no visible);eochoa@ecominera.com.ar;+54 264 428-0430;sí;Ignacio Adrián Lerer (figura como principal/presidente en D&B - sin confirmar);501-1000 (LinkedIn, según buscador);minería | proyectos | obras | búsqueda laboral | posible adquisición dic-2024 según PitchBook (no confirmada) | contratos de perforación con Vicuña;Eco Minera va a perforar 35.000 metros para Challenger Gold en Hualilán;501-1000 empleados en LinkedIn y posible venta en 2024: probable descarte por tamaño.;;"Hola Ezequiel, soy [tu nombre], de COI.
Vi que Eco Minera va a perforar 35.000 metros para Challenger Gold en Hualilán.
En empresas así, entre el trabajo en campo, la facturación en dólares y las certificaciones se pierde el control del proyecto.
COI lleva la cuenta corriente en pesos y dólares por separado y factura por anticipo y certificación de avance.
¿Te muestro una demo con tus propios datos? Son 20 minutos.
— Si no te interesa, respondé BAJA y no te escribimos más.";búsqueda web (sesión cloud);https://www.ecominera.com.ar/ | https://www.ecominera.com.ar/contacto | https://ar.linkedin.com/company/eco-minera | https://www.argentinamining.com/en/eco-minera-s-a | https://www.granguiaargentina.com.ar/aviso/eco-minera-sa/65296 | https://pitchbook.com/profiles/company/179896-96 | https://ar.computrabajo.com/ecominera | https://www.argentinamining.com/en/eco-minera-sa | https://www.ecominera.com.ar/contacto | https://www.mineriaydesarrollo.com/amp/noticias/2026/08/03/25729-hualilan-reactiva-la-exploracion-a-gran-escala-con-un-plan-de-35000-metros-de-perforacion-en-san-juan | https://www.dnb.com/business-directory/company-profiles.eco_minera_sa.24ef1cd5abb7932bf406db2c2c4b62b7.html;2026-09-26
Industria Metalurgica De Pedro Srl;De Pedro;Los Gucheas;metalúrgica: carpintería metálica, estructuras, tanques, depósitos y generadores de vapor, servicios para petróleo y gas;B;;Montajes industriales y estructuras metálicas;Industrial;mdepedro.com.ar;media;José De Pedro;Dueño;;(03865) 42-3970;sí;;;petrolera | proyectos (división Oil & Gas) | ISO 9001 | opera en el NOA desde 1982;De Pedro certificó ISO 9001 y hace estructuras para ingenios y citrícolas del NOA;;Sin email publicado.;"Hola José, soy [tu nombre], de COI.
Vi que De Pedro certificó ISO 9001 y hace estructuras para ingenios y citrícolas del NOA.
En empresas así, el costo real de cada proyecto suele aparecer recién al cerrarlo.
COI junta presupuestos, gastos por proyecto y cobranzas en pesos y dólares, y te muestra el margen mientras el proyecto avanza.
¿Te muestro una demo con tus propios datos? Son 20 minutos.
— Si no te interesa, respondé BAJA y no te escribimos más.";búsqueda web (sesión cloud);http://mdepedro.com.ar/ | https://www.linkedin.com/company/industria-metalurgica-depedro | https://www.cuitonline.com/detalle/30711667349/industria-metalurgica-de-pedro-srl.html | https://diariofull.com.ar/nota/17481/industria_metalurgica_de_pedro_s_r_l_y_su_camino_de_mejora_continua_tras_la_certificacion_iso_9001/ | https://tendenciadenoticias.com.ar/eco%20&%20negocios/historica-empresa-metalurgica-tucumana-logro-la-certificacion-internacional-iso-90012025 | https://actualidadesquina.com.ar/tucuman-industria-metalurgica-de-pedro-s-r-l-obtuvo-la-certificacion-internacional-iso-90012015/ | http://mdepedro.com.ar/;2026-09-26
Agroindustria Y Servicios G Y G S R L;Richiger;Sunchales;Fabricante de maquinaria agrícola: embolsadoras, quebradoras y extractoras de granos y forraje;B;8;Agroindustria (proveedores de servicios/insumos);Emprendedor / Industrial;richiger.com.ar;alta;Gabriel Richiger;Director (prensa Maquinac 2018 y Continental 2026);postventa@richiger.com.ar;+54 9 3493 40-0413 (ventas publicado en web);sí;;;exportación | representantes | expansión;Richiger presentó la embolsadora de forraje Titán 900 y participó en Expoagro 2026;Revisar tamaño: directorio D&B indica 140-160 empleados. Marca también vinculada a Richiger Maquinarias S.A. (CUIT distinto);Más de 100 concesionarios en el país y ventas a Alemania, Australia, EE.UU. y Canadá. Bronce en Premios Ternium Expoagro 2026. Solo email de postventa publicado;"Hola, soy [tu nombre], de COI.
Vi que Richiger presentó la embolsadora de forraje Titán 900 y participó en Expoagro 2026.
En empresas así, con ventas en el campo y cobranzas con cheques, cuesta saber qué se vendió y qué se cobró.
COI junta ventas, cuentas corrientes y control de cheques en un solo lugar.
¿Te muestro una demo con tus propios datos? Son 20 minutos.
— Si no te interesa, respondé BAJA y no te escribimos más.";búsqueda web (sesión cloud);https://richiger.com.ar/contacto/ | https://www.cuitonline.com/detalle/30700342286/agroindustria-y-servicios-g-y-g-s-r-l.html | https://www.dunsguide.com/es/company/92ff67ce9bb32bbbc38ea23c01190b3a/agroindustria-y-servicios-g-y-g-srl | https://maquinac.com/2018/08/gabriel-richiger-nuestra-empresa-va-por-la-excelencia/ | https://www.continental.com.ar/2026-06-03/gabriel-richiger-convertir-el-grano-en-carne-es-algo-fundamental-150768/ | https://campodirecto.com.ar/richiger-maquinarias-impulsa-la-eficiencia-del-silo-bolsa-en-expoagro-2026/ | https://www.opinandosannicolas.ar/2026/03/los-premios-ternium-expoagro-reconocieron-a-los-desarrollos-mas-innovadores-en-maquinaria-agricola/;2026-09-26
Metalurgica Kogut S.R.L.;Máquinas Kogut;Eldorado;Fabricación de aserraderos completos y máquinas para la industria de la madera;B;7;Montajes industriales y estructuras metálicas;Industrial;maquinaskogut.com.ar;alta;;;info@maquinaskogut.com.ar;(03751) 424629;sí;;30 (web propia);proyectos | montaje;Máquinas Kogut fabrica aserraderos completos de diseño propio para la industria forestal de Misiones;;WhatsApp comercial publicado en la web: +54 3751 447733. Otro fijo: (03751) 424633;"Hola, soy [tu nombre], de COI.
Vi que Máquinas Kogut fabrica aserraderos completos de diseño propio para la industria forestal de Misiones.
En empresas así, el costo real de cada proyecto suele aparecer recién al cerrarlo.
COI junta presupuestos, gastos por proyecto y cobranzas en pesos y dólares, y te muestra el margen mientras el proyecto avanza.
¿Te muestro una demo con tus propios datos? Son 20 minutos.
— Si no te interesa, respondé BAJA y no te escribimos más.";búsqueda web (sesión cloud);http://www.maquinaskogut.com.ar/quienes-somos.html | http://www.maquinaskogut.com.ar/contacto.html | https://www.cuitonline.com/detalle/33708041519/metalurgica-kogut-s.r.l.html;2026-09-26
TALLERES METALÚRGICOS PRABA S.R.L.;Praba;TORTUGAS;Fabricante de pulverizadoras de arrastre, autopropulsadas y forestales;B;7;Metalúrgicas / metalmecánica a pedido;Emprendedor / Industrial;pulverizadorespraba.com;alta;Esteban Baldoni;Gerente (Bichos de Campo 2025);info@pulverizadorespraba.com;+54 3471 494156;sí;;;exportación | representantes;Praba presentó en Agroactiva 2024 una pulverizadora nueva con motor nacional de FPT Industrial;;Fundada en 1984 por Héctor Prarizzi y Roberto Baldoni. Exporta a Bolivia, Uruguay, Rusia y Venezuela. Socia de CAFMA. Fabrica cerca de una docena de pulverizadoras por mes;"Hola Esteban, soy [tu nombre], de COI.
Vi que Praba presentó en Agroactiva 2024 una pulverizadora nueva con motor nacional de FPT Industrial.
En empresas así, cada presupuesto a medida se arma distinto y el margen real por trabajo no se ve.
COI arma los presupuestos por costo más ganancia y te muestra cuánto dejó cada trabajo.
¿Te muestro una demo con tus propios datos? Son 20 minutos.
— Si no te interesa, respondé BAJA y no te escribimos más.";búsqueda web (sesión cloud);https://pulverizadorespraba.com/empresa/ | https://pulverizadorespraba.com/contacto/ | https://bichosdecampo.com/no-nos-olvidemos-de-que-la-industria-nacional-es-la-que-da-trabajo-dice-esteben-baldoni-de-la-fabrica-de-pulverizadoras-praba-que-no-teme-a-las-importaciones-pero-reclama-una-canc/ | https://www.ivecogroup.com/media/brand_press_releases/2024/SOUTH-AMERICA-(SPANISH)/FPT/con_un_motor_nacional_de_fpt_industrial_praba_presenta_una_nueva_pulverizadora_en_agroactivanbsp_20240612T171901T083_tqswea02qdtv4ozn55srtqbc | https://cafma.org.ar/empresas/141/talleres-metalurgicos-praba-srl;2026-09-26
Metalurgica Industrial Sa;MISA;Ramallo;Fabricación de estructuras metálicas pesadas, plegado de chapa y torres eólicas;B;7;Montajes industriales y estructuras metálicas;Industrial;misa.com.ar;alta;Juan José Sisevich;Ing. - listado en contacto de la web (misa.com.ar);misa@misa.com.ar;;;Hernán José Sisevich (Ing., contacto web) / Germán Carrera (Cdor., contacto web);51-200 (LinkedIn);obras | proyectos | energía | renovables | expansión;MISA destaca en su web la obra Yaguarón, segundo puesto del Premio ARQ FADEA 2024/2025;Revisar tamaño: planta de 78.000 m2 en parque COMIRSA y 51-200 empleados, cerca del límite PyME;Cargos exactos no publicados, la familia Sisevich figura como titular en fuentes secundarias. Nuevas oficinas en Azucena Villaflor 815;"Hola, soy [tu nombre], de COI.
Vi que MISA destaca en su web la obra Yaguarón, segundo puesto del Premio ARQ FADEA 2024/2025.
En empresas así, el costo real de cada proyecto suele aparecer recién al cerrarlo.
COI junta presupuestos, gastos por proyecto y cobranzas en pesos y dólares, y te muestra el margen mientras el proyecto avanza.
¿Te muestro una demo con tus propios datos? Son 20 minutos.
— Si no te interesa, respondé BAJA y no te escribimos más.";búsqueda web (sesión cloud);https://misa.com.ar/contacto/ | https://misa.com.ar/novedades/yaguaron/ | https://misa.com.ar/novedades/nuevas-oficinas/ | https://misa.com.ar/planta-industrial/ | https://ar.linkedin.com/company/metalurgica-industrial-s-a;2026-09-26
Mecanizados San Miguel S.A.;MSM;Pueblo Miguel Torres;Fabricación de ejes, mazas y frenos eléctricos para acoplados, trailers y remolques;B;7;Metalúrgicas / metalmecánica a pedido;Emprendedor / Industrial;msm.com.ar;alta;Salvador Dulcich;Referente entrevistado por prensa local (La Semana Entre Dos Ríos), cargo no publicado;correo@ejes.com.ar;(03465) 42-2528;sí;;;exportación | nueva planta | representantes;MSM fabrica ejes con frenos eléctricos para acoplados y exporta a Uruguay y Paraguay;;Nueva planta de 1.100 m2 sobre Ruta 14 inaugurada en 2008 (dato viejo). Cargo de Dulcich sin confirmar. Email de ejes.com.ar (sitio de la empresa);"Hola, soy [tu nombre], de COI.
Vi que MSM fabrica ejes con frenos eléctricos para acoplados y exporta a Uruguay y Paraguay.
En empresas así, cada presupuesto a medida se arma distinto y el margen real por trabajo no se ve.
COI arma los presupuestos por costo más ganancia y te muestra cuánto dejó cada trabajo.
¿Te muestro una demo con tus propios datos? Son 20 minutos.
— Si no te interesa, respondé BAJA y no te escribimos más.";búsqueda web (sesión cloud);https://msm.com.ar/ | https://msm.com.ar/contacto.html | http://ejes.com.ar/contacto.html | https://lasemanaentredosrios.com/mecanizados-san-miguel-una-fabrica-de-repuestos-agricolas-que-crece-en-su-nueva-y-moderna-planta-industrial/;2026-09-26
Mecanizados Bates S.R.L.;Mecanizados Bates;Villa Constitucion;Mecanizado CNC, piezas bajo plano, reparaciones industriales y estructuras metálicas para industria, agro y minería;B;7;Montajes industriales y estructuras metálicas;Industrial;mecanizadosbates.com.ar;alta;Adrián Testa;Socio gerente (LinkedIn);info@mecanizadosbates.com.ar;+54 9 3400 657558;sí;;;mantenimiento | minería;Mecanizados Bates suma más de 45 años de trayectoria y apuesta al mecanizado CNC desde el sur de Santa Fe;;Teléfono es celular/WhatsApp publicado en la web de la empresa como contacto comercial. Recibió reconocimiento del Concejo Municipal en el Día de la PyME Local (año no confirmado);"Hola Adrian, soy [tu nombre], de COI.
Vi que Mecanizados Bates suma más de 45 años de trayectoria y apuesta al mecanizado CNC desde el sur de Santa Fe.
En empresas así, el costo real de cada proyecto suele aparecer recién al cerrarlo.
COI junta presupuestos, gastos por proyecto y cobranzas en pesos y dólares, y te muestra el margen mientras el proyecto avanza.
¿Te muestro una demo con tus propios datos? Son 20 minutos.
— Si no te interesa, respondé BAJA y no te escribimos más.";búsqueda web (sesión cloud);http://www.mecanizadosbates.com.ar/ | https://mecanizadosbates.com.ar/innovacion-en-cnc-desde-el-sur-de-santa-fe/ | https://ar.linkedin.com/in/adrian-testa-8306771a4 | https://eltigredepapel.com/archivos/20287 | https://www.cuitonline.com/detalle/30708636882/mecanizados-bates-s.r.l.html;2026-09-26
B Y T Metalurgica S.R.L.;BYT Metalúrgica;Arroyo Seco;Taller metalúrgico: reparación de válvulas rotativas y transportadores a tornillo para la industria petrolera;B;6;Minería y energía (proveedores y contratistas);Industrial;bytmetalurgica.com.ar;media;;;;(03402) 421-205;sí;;;petrolera | mantenimiento;BYT Metalúrgica presta servicios a la industria petrolera con reparación de válvulas rotativas y transportadores a tornillo;;Constituida en 2013. Teléfono de directorio. La web no aparece indexada;"Hola, soy [tu nombre], de COI.
Vi que BYT Metalúrgica presta servicios a la industria petrolera con reparación de válvulas rotativas y transportadores a tornillo.
En empresas así, entre el trabajo en campo, la facturación en dólares y las certificaciones se pierde el control del proyecto.
COI lleva la cuenta corriente en pesos y dólares por separado y factura por anticipo y certificación de avance.
¿Te muestro una demo con tus propios datos? Son 20 minutos.
— Si no te interesa, respondé BAJA y no te escribimos más.";búsqueda web (sesión cloud);https://www.argentino.com.ar/byt-metalurgica-F160FC10013D2 | https://miguiaargentina.com.ar/empresas/byt-metalurgica.html | https://www.cuitonline.com/detalle/30714576921/b-y-t-metalurgica-s.r.l.html;2026-09-26
Fundicion Gatti Srl;Fundición Gatti;Pilar;Fundición de hierro gris y nodular: piezas para fabricantes de tractores, motores, automotores y maquinaria agrícola;B;6;Metalúrgicas / metalmecánica a pedido;Emprendedor / Industrial;fundiciongatti.com.ar;alta;Hernán Matías Solís;Gerente (BO Santa Fe 2016);ventas@fundiciongatti.com.ar;(03404) 470041;sí;Raúl Agustín Zárate (Gerente, BO Santa Fe 2016) / Andrés Martínez (Socio gerente, BO Santa Fe, año no visible);;proyectos;Fundición Gatti recibió la visita del presidente de Toyota Argentina en su planta de Pilar;;Pilar es la de Santa Fe (no Buenos Aires). Dominio de entrada tenía error de tipeo (fundidiongatti): la web correcta es fundiciongatti.com.ar. Fundada en 1947, ISO 9002 desde 1998, 75 aniversario con muestra en el Museo de Pilar. D&B menciona unos 79 empleados (no usado por no ser fuente válida). Gerentes de 2016: dato viejo, confirmar;"Hola Hernan, soy [tu nombre], de COI.
Vi que Fundición Gatti recibió la visita del presidente de Toyota Argentina en su planta de Pilar.
En empresas así, cada presupuesto a medida se arma distinto y el margen real por trabajo no se ve.
COI arma los presupuestos por costo más ganancia y te muestra cuánto dejó cada trabajo.
¿Te muestro una demo con tus propios datos? Son 20 minutos.
— Si no te interesa, respondé BAJA y no te escribimos más.";búsqueda web (sesión cloud);https://fundiciongatti.com.ar/empresa/ | https://www.santafe.gob.ar/boletinoficial/ver.php?seccion=07-09-2016contratos.html | https://infomercury.com.ar/contenido/14158/fundicion-gatti-orgullo-de-pilar-recibio-la-visita-del-presidente-de-toyota-arge | https://infomercury.com.ar/contenido/9087/la-fundicion-gatti-tuvo-su-homenaje-en-museo-de-pilar;2026-09-26
S. R. Industria Metalurgica S. A.;Fertilizadoras SR;Colon;Fabricante de fertilizadoras y accesorios para siembra directa;B;6;Metalúrgicas / metalmecánica a pedido;Emprendedor / Industrial;metalurgica-sr.com.ar;alta;Roque Zárate;Presidente y fundador (Maquinac 2017);ventas@metalurgica-sr.com.ar;02473 423026;sí;Matías Zárate (gerente comercial) / Alejandro Zárate (gerente de producción);;área comercial;Fertilizadoras SR lanzó en 2025 la incorporadora Frontal Max de 18 metros de ancho;;Colón provincia de Buenos Aires. Otros teléfonos 423260 / 431042 / 423133. Cargos de Matías y Alejandro Zárate sin año visible;"Hola Roque, soy [tu nombre], de COI.
Vi que Fertilizadoras SR lanzó en 2025 la incorporadora Frontal Max de 18 metros de ancho.
En empresas así, cada presupuesto a medida se arma distinto y el margen real por trabajo no se ve.
COI arma los presupuestos por costo más ganancia y te muestra cuánto dejó cada trabajo.
¿Te muestro una demo con tus propios datos? Son 20 minutos.
— Si no te interesa, respondé BAJA y no te escribimos más.";búsqueda web (sesión cloud);https://metalurgica-sr.com.ar/contacto/ | https://metalurgica-sr.com.ar/laempresa/ | https://maquinac.com/2017/06/roque-zarate-sr-se-fuerte-escuchando-las-necesidades-del-productor/ | https://maquinac.com/2025/03/sr-lanzo-la-incorporadora-frontal-max-de-18-metros-de-ancho/ | https://cafma.org.ar/empresas/137/sr-industria-metalurgica-sa;2026-09-26
Servicios Industriales Metallfeld Sas;Metallfeld;Rosario Norte;Fabricación de estructuras metálicas, tanques y servicios metalúrgicos industriales;B;6;Montajes industriales y estructuras metálicas;Industrial;metallfeld.com;media;Lucas Alejandro Loyola;Administrador titular (BO Santa Fe 2018);simetallfeld.adm@gmail.com;(0341) 468-3390;sí;María Cristina Enrico (administradora suplente, BO Santa Fe 2018);;mantenimiento | energía | petrolera;Metallfeld presta servicios metalúrgicos a los sectores agro, petróleo, energía, automotriz y construcción desde el Gran Rosario;;Administradores según edicto de constitución 2018 (dato viejo, confirmar vigencia). Email y teléfono tomados de directorio Guía de Mantenimiento Industrial, no de la web propia. Matías Casajus figura en LinkedIn en la empresa sin cargo claro;"Hola, soy [tu nombre], de COI.
Vi que Metallfeld presta servicios metalúrgicos a los sectores agro, petróleo, energía, automotriz y construcción desde el Gran Rosario.
En empresas así, el costo real de cada proyecto suele aparecer recién al cerrarlo.
COI junta presupuestos, gastos por proyecto y cobranzas en pesos y dólares, y te muestra el margen mientras el proyecto avanza.
¿Te muestro una demo con tus propios datos? Son 20 minutos.
— Si no te interesa, respondé BAJA y no te escribimos más.";búsqueda web (sesión cloud);https://www.santafe.gob.ar/boletinoficial/ver.php?seccion=02-10-2018contratos.html | https://guiademantenimiento.com/servicios-industriales-metallfeld-sas | https://www.cuitonline.com/detalle/30716348314/servicios-industriales-metallfeld-sas.html | https://www.facebook.com/metallfeld/ | https://www.linkedin.com/in/matias-casajus-aa8a26210/;2026-09-26
Seggiaro Montajes Y Servicios S. R. L.;Seggiaro Autoelevadores;Rosario Sud;Venta, alquiler, reparación y mantenimiento de autoelevadores y montajes industriales;B;6;Montajes industriales y estructuras metálicas;Industrial;seggiaroautoelevadores.com;alta;Sofía Seggiaro;Socia gerente (BO Santa Fe 2023);info@seggiaroautoelevadores.com;341 506 2454;sí;Antonella Seggiaro (socia, BO Santa Fe 2023) / Rodrigo Javier Leguizamón (socio, BO Santa Fe 2023);;mantenimiento | montaje;Seggiaro ofrece desde hace 40 años alquiler, venta, repuestos y mantenimiento de autoelevadores en Rosario y la región;;SRL constituida en 2023, vínculo con la marca Seggiaro Autoelevadores según empresasderosario.com (confirmar). Teléfono es celular publicado en la web comercial;"Hola Sofia, soy [tu nombre], de COI.
Vi que Seggiaro ofrece desde hace 40 años alquiler, venta, repuestos y mantenimiento de autoelevadores en Rosario y la región.
En empresas así, el costo real de cada proyecto suele aparecer recién al cerrarlo.
COI junta presupuestos, gastos por proyecto y cobranzas en pesos y dólares, y te muestra el margen mientras el proyecto avanza.
¿Te muestro una demo con tus propios datos? Son 20 minutos.
— Si no te interesa, respondé BAJA y no te escribimos más.";búsqueda web (sesión cloud);https://www.santafe.gob.ar/boletinoficial/ver.php?seccion=2023/2023-05-04contratos.html | https://empresasderosario.com/pagina/Seggiaro-MyS/ | https://seggiaroautoelevadores.com/ | https://seggiaroautoelevadores.com/nosotros/;2026-09-26
DISTRIBUIDORA SAN JOSE S.A.S.;Distribuidora San José;LAS VARILLAS;Distribución mayorista de bebidas y alimentos (Coca-Cola, Quilmes), fábrica de hielo y agua de mesa, marcas lácteas propias;B;6;Distribuidoras de insumos industriales;Emprendedor;grupojs.com.ar;media;Santiago Dematías;Titular de la empresa familiar (Diario de Las Varillas);sanjose.distribuidoralv@gmail.com.ar;;;;13 (Diario de Las Varillas);expansión;Distribuidora San José tiene dos máquinas de hielo con capacidad total de 7 toneladas y cubre un radio de 200 km desde Las Varillas;Rubro alimentos y bebidas, no insumos industriales: revisar encaje antes de contactar;Email tal como figura en grupojs.com.ar según el buscador (dominio gmail.com.ar atípico: verificar). Nota de prensa sin fecha visible;"Hola, soy [tu nombre], de COI.
Vi que Distribuidora San José tiene dos máquinas de hielo con capacidad total de 7 toneladas y cubre un radio de 200 km desde Las Varillas.
En empresas así, con un catálogo técnico grande, el seguimiento de cada cotización y la cuenta corriente por moneda se desordenan.
COI une pipeline, catálogo de productos y cuenta corriente en pesos y dólares.
¿Te muestro una demo con tus propios datos? Son 20 minutos.
— Si no te interesa, respondé BAJA y no te escribimos más.";búsqueda web (sesión cloud);https://grupojs.com.ar/ | https://diariodelasvarillas.com.ar/distribuidora-san-jose-empresa-familiar-que-crece-e-invierte-fuerte-en-las-varillas/ | https://www.facebook.com/distribuidorasanjoselv/ | https://www.cuitonline.com/detalle/30716236192/distribuidora-san-jose-s.a.s.html;2026-09-26
Metalurgica Borra Srl;Metalúrgica Borra;Jose Leon Suarez;Fabricación de rodillos y repuestos para cintas transportadoras;C;5;Servicios técnicos y mantenimiento industrial;Industrial;metalurgicaborrasrl.com.ar;alta;;;info@metalurgicaborrasrl.com.ar;(011) 6080-2073;sí;Domingo Borra / Walter Adrian Borra (titulares de la sociedad antecesora Metalúrgica Borra de Domingo Borra y Walter Adrian Borra, Nosis);;mantenimiento;Metalúrgica Borra fabrica rodillos y repuestos para cintas transportadoras para todo tipo de industrias;;Empresa familiar según su web. Decisor actual de la SRL no confirmado. La web publica además un celular que no se incluye;"Hola, soy [tu nombre], de COI.
Vi que Metalúrgica Borra fabrica rodillos y repuestos para cintas transportadoras para todo tipo de industrias.
En empresas así, coordinar visitas y saber qué tiene cada técnico o vendedor en su cartera cuesta más de lo que debería.
COI arma las hojas de ruta con mapa y le da a cada uno su cartera y sus tareas, también desde el celular.
¿Te muestro una demo con tus propios datos? Son 20 minutos.
— Si no te interesa, respondé BAJA y no te escribimos más.";búsqueda web (sesión cloud);https://metalurgicaborrasrl.com.ar/ | https://www.metalurgicaborrasrl.com.ar/contacto | https://guiademantenimiento.com/metalurgica-borra-srl | https://trade.nosis.com/es/METALURGICA-BORRA-DE-DOMINGO-BORRA-Y-WALTER-ADRIAN-BORRA/30699577878/1/p;2026-09-26
METALURGICA ED MA S.R.L.;ED-MA;MARCOS JUAREZ;Fabricación de transmisiones cardánicas para uso agrícola;C;5;Distribuidoras de insumos industriales;Emprendedor;edma.com.ar;alta;Edgardo Mainero;Fundador (web propia);ventas@edma.com.ar;(03472) 424849;sí;;más de 20 (web propia);;ED-MA fabrica desde 1996 la línea completa de transmisiones cardánicas agrícolas y provee a marcas líderes del sector;;Otros emails publicados: info@ compras@ administracion@edma.com.ar. No confundir con Mainero (fabricante de Bell Ville). Cargo actual del fundador no confirmado;"Hola Edgardo, soy [tu nombre], de COI.
Vi que ED-MA fabrica desde 1996 la línea completa de transmisiones cardánicas agrícolas y provee a marcas líderes del sector.
En empresas así, con un catálogo técnico grande, el seguimiento de cada cotización y la cuenta corriente por moneda se desordenan.
COI une pipeline, catálogo de productos y cuenta corriente en pesos y dólares.
¿Te muestro una demo con tus propios datos? Son 20 minutos.
— Si no te interesa, respondé BAJA y no te escribimos más.";búsqueda web (sesión cloud);https://edma.com.ar/ | https://edma.com.ar/empresa/ | https://maquinac.com/empresas/ed-ma/ | https://www.cuitonline.com/detalle/30709110175/metalurgica-ed-ma-srl.html;2026-09-26
Agroservicios Humboldt S.A.;Agroservicios Humboldt (AGH);Humboldt;Acopio de granos, venta de insumos y fábrica de alimento balanceado (Grupo CEM);C;5;Agroindustria (proveedores de servicios/insumos);Emprendedor / Industrial;grupocem.com.ar;media;Ariel Marcuzzi;Gerente (LinkedIn);;(03496) 480-380;sí;Mario Ochoa (gerente, prensa UNL, dato viejo);;exportación;Agroservicios Humboldt opera en Humboldt una fábrica de alimento balanceado de 9.000 toneladas mensuales del Grupo CEM;Descarte probable: integra Grupo CEM, grupo avícola integrado con más de 700 empleados;Web es la del grupo, no propia. Teléfono de directorio. Cargo de Marcuzzi sin año visible;"Hola Ariel, soy [tu nombre], de COI.
Vi que Agroservicios Humboldt opera en Humboldt una fábrica de alimento balanceado de 9.000 toneladas mensuales del Grupo CEM.
En empresas así, con ventas en el campo y cobranzas con cheques, cuesta saber qué se vendió y qué se cobró.
COI junta ventas, cuentas corrientes y control de cheques en un solo lugar.
¿Te muestro una demo con tus propios datos? Son 20 minutos.
— Si no te interesa, respondé BAJA y no te escribimos más.";búsqueda web (sesión cloud);https://www.cuitonline.com/detalle/30707129103/agroservicios-humboldt-s.a.html | https://clasificados.ellitoral.com/clasificados/index.php/guia-comercial-santafe/interior/236-Agroservicios-Humboldt--Humboldt-(Santa-Fe) | https://bichosdecampo.com/quien-es-grupo-cem-el-gigante-de-santa-fe-totalmente-integrado-en-el-negocio-avicola/ | https://www.infocampo.com.ar/grupo-cem-integracion-y-agregado-de-valor-en-humboldt/ | https://ar.linkedin.com/in/ariel-marcuzzi-b9aba625 | https://www.unl.edu.ar/noticias/leer/7565/La_UNL_trabajara_junto_a_Agroservicios_Humboldt_SA.html;2026-09-26
Torneria Ricchini Hnos E Hijos S.R.L.;Ricchini Hnos;Junin;Tornería y oleohidráulica: reparación de bombas y motores hidrostáticos y maquinaria agrícola;C;5;Metalúrgicas / metalmecánica a pedido;Emprendedor / Industrial;ricchinihnos.com.ar;media;;;;(0236) 442-6934;sí;;;mantenimiento;Ricchini Hnos repara bombas y motores hidrostáticos en Junín hace más de 35 años;;Teléfono de directorio. Sin decisor ni email verificados;"Hola, soy [tu nombre], de COI.
Vi que Ricchini Hnos repara bombas y motores hidrostáticos en Junín hace más de 35 años.
En empresas así, cada presupuesto a medida se arma distinto y el margen real por trabajo no se ve.
COI arma los presupuestos por costo más ganancia y te muestra cuánto dejó cada trabajo.
¿Te muestro una demo con tus propios datos? Son 20 minutos.
— Si no te interesa, respondé BAJA y no te escribimos más.";búsqueda web (sesión cloud);https://www.ricchinihnos.com.ar/ | https://www.cylex.com.ar/junin/ricchini-hnos----torneria-oleohidraulica-11111171.html | https://www.argentino.com.ar/hidraulica-ricchini-y-ricchini-F110EC0051ED1 | https://www.facebook.com/ricchinihnos/;2026-09-26
Metalurgica Lunardelli S.A.;Lunardelli;Villa Constitucion;Metalúrgica con mecanizado CNC y soluciones de ingeniería a pedido;C;5;Metalúrgicas / metalmecánica a pedido;Emprendedor / Industrial;;baja;Jorge Sebastián Lunardelli;Presidente (BO Santa Fe 2017);lunardelli@cablenet.com.ar;(03400) 475583;sí;María Cecilia Lunardelli (directora suplente);;exportación;Lunardelli crece desde 1978 en Villa Constitución con mecanizado CNC;;Sin web propia encontrada. Email y teléfono de la guía CIDECON (también 473700). Designación de directorio de 2016;"Hola Jorge, soy [tu nombre], de COI.
Vi que Lunardelli crece desde 1978 en Villa Constitución con mecanizado CNC.
En empresas así, cada presupuesto a medida se arma distinto y el margen real por trabajo no se ve.
COI arma los presupuestos por costo más ganancia y te muestra cuánto dejó cada trabajo.
¿Te muestro una demo con tus propios datos? Son 20 minutos.
— Si no te interesa, respondé BAJA y no te escribimos más.";búsqueda web (sesión cloud);http://www.cidecon.com.ar/asociados.php | https://www.santafe.gov.ar/boletinoficial/recursos/boletines/30-08-2017contratos.html | https://www.cuitonline.com/detalle/30708653590/metalurgica-lunardelli-s.a.html;2026-09-26
Ghione Montaje Industrial S.R.L.;Ghione Montaje Industrial;Arias;Ingeniería, fabricación y montaje de silos, estructuras metálicas, mecanizados y servicio de grúas;C;5;Montajes industriales y estructuras metálicas;Industrial;;baja;;;ghionesrl@gmail.com;+54 9 3468 64-0715;sí;;;montaje | obras | proyectos;Ghione Montaje Industrial es una empresa familiar de Arias que fabrica y monta silos y estructuras metálicas con servicio de grúas propio;;Sin web propia (Facebook e Instagram). Teléfono es celular publicado por la empresa en su página (probable WhatsApp comercial). Decisor no identificado. Pablo José Ghione figura en Arias en padrones pero sin vínculo confirmado con la SRL. Constituida en 2017;"Hola, soy [tu nombre], de COI.
Vi que Ghione Montaje Industrial es una empresa familiar de Arias que fabrica y monta silos y estructuras metálicas con servicio de grúas propio.
En empresas así, el costo real de cada proyecto suele aparecer recién al cerrarlo.
COI junta presupuestos, gastos por proyecto y cobranzas en pesos y dólares, y te muestra el margen mientras el proyecto avanza.
¿Te muestro una demo con tus propios datos? Son 20 minutos.
— Si no te interesa, respondé BAJA y no te escribimos más.";búsqueda web (sesión cloud);https://www.facebook.com/p/Ghione-Montaje-Industrial-SRL-100046953686481/ | https://www.instagram.com/ghionemontajeindustrial/ | https://www.cuitonline.com/detalle/30715697684/ghione-montaje-industrial-s.r.l.html;2026-09-26
Representaciones Sajonia S.A.;Sajonia;Bahia Blanca;Distribución de correas industriales, transmisiones de potencia e insumos;C;5;Distribuidoras de insumos industriales;Emprendedor;rsajonia.com.ar;alta;;;ventas@rsajonia.com.ar;+54 291 4529471;sí;;;área comercial;Sajonia es referente en correas industriales y transmisiones en Bahía Blanca desde 1994;;Decisor no identificado. También publica administracion@rsajonia.com.ar y los teléfonos +54 291 4564351 y 4564113. Auspicia deporte local (atletismo, TC, midget);"Hola, soy [tu nombre], de COI.
Vi que Sajonia es referente en correas industriales y transmisiones en Bahía Blanca desde 1994.
En empresas así, con un catálogo técnico grande, el seguimiento de cada cotización y la cuenta corriente por moneda se desordenan.
COI une pipeline, catálogo de productos y cuenta corriente en pesos y dólares.
¿Te muestro una demo con tus propios datos? Son 20 minutos.
— Si no te interesa, respondé BAJA y no te escribimos más.";búsqueda web (sesión cloud);http://www.rsajonia.com.ar/contacto | https://www.facebook.com/rsajoniasa/ | https://www.cuitonline.com/detalle/30708738553/representaciones-sajonia-s.a.html;2026-09-26
Metalurgica Y Servicios Rodo S.R.L.;Rodo;San Nicolas;Metalmecánica: estructuras y cañerías de acero al carbono e inoxidable a plano, montaje electromecánico, mecanizado y plegado de chapa;C;5;Montajes industriales y estructuras metálicas;Industrial;;baja;;;;(0336) 446-0880;sí;;;montaje | obras | mantenimiento;Rodo construye y monta estructuras y cañerías de acero al carbono e inoxidable a plano;;Sin web propia. Teléfono y dirección (Calle 3 N 1075) de directorios: verificar vigencia. Un resultado la ubica en el parque industrial COMIRSA sin confirmar;"Hola, soy [tu nombre], de COI.
Vi que Rodo construye y monta estructuras y cañerías de acero al carbono e inoxidable a plano.
En empresas así, el costo real de cada proyecto suele aparecer recién al cerrarlo.
COI junta presupuestos, gastos por proyecto y cobranzas en pesos y dólares, y te muestra el margen mientras el proyecto avanza.
¿Te muestro una demo con tus propios datos? Son 20 minutos.
— Si no te interesa, respondé BAJA y no te escribimos más.";búsqueda web (sesión cloud);https://www.paginasamarillas.com.ar/fichas/metalurgica-y-servicios-rodo-srl_16236306 | https://metalargentina.com/empresa-metalurgica-y-servicios-rodo-em-san-nicolas-8754 | https://www.cuitonline.com/detalle/30710355653/metalurgica-y-servicios-rodo-s.r.l.html;2026-09-26
AGRO SERVICIOS S.R.L.;Agro-Servicios;JUSTINIANO POSSE;Insumos agrícolas (semillas DEKALB, fitosanitarios, fertilizantes), asesoramiento y pulverización terrestre;C;5;Agroindustria (proveedores de servicios/insumos);Emprendedor / Industrial;agroserviciossrl.com.ar;media;;;;;;;19 (EMIS 2023);;Agro-Servicios participó en febrero de 2026 del evento +MAÍZ en el Ferticentro de la Cooperativa Unión de Justiniano Posse;;El dominio de la entrada (agroservicios.com.ar) es de otra empresa (distribuidor Leica): la web propia es agroserviciossrl.com.ar. Parte de la red InnoBa de Bayer. Juan José Paso 138;"Hola, soy [tu nombre], de COI.
Vi que Agro-Servicios participó en febrero de 2026 del evento +MAÍZ en el Ferticentro de la Cooperativa Unión de Justiniano Posse.
En empresas así, con ventas en el campo y cobranzas con cheques, cuesta saber qué se vendió y qué se cobró.
COI junta ventas, cuentas corrientes y control de cheques en un solo lugar.
¿Te muestro una demo con tus propios datos? Son 20 minutos.
— Si no te interesa, respondé BAJA y no te escribimos más.";búsqueda web (sesión cloud);https://agroserviciossrl.com.ar/ | https://agroserviciossrl.com.ar/agro-servicios-en-maiz-2026-tecnologia-e-innovacion-para-el-cultivo-de-maiz/ | https://www.emis.com/php/company-profile/AR/Agro-Servicios_SRL_es_13879630.html | https://www.cuitonline.com/detalle/30668239559/agro-servicios-s-r-l.html;2026-09-26
Construcciones Metalicas Srl;Construcciones Metálicas;San Lorenzo;Montajes industriales y eléctricos, estructuras metálicas, galpones y tinglados, alquiler de grúas;C;5;Montajes industriales y estructuras metálicas;Industrial;cmetalicas.com.ar;media;;;;(03476) 42-6716;sí;;;montaje | obras | proyectos | mantenimiento;Construcciones Metálicas diseña, fabrica y monta estructuras para plantas del cordón industrial de San Lorenzo;;Sin decisor encontrado. Teléfono de la web propia. Algunas páginas del sitio muestran contenido spam (sitio posiblemente desactualizado o comprometido). Revisar tamaño: trabaja para grandes agroexportadoras y petroleras;"Hola, soy [tu nombre], de COI.
Vi que Construcciones Metálicas diseña, fabrica y monta estructuras para plantas del cordón industrial de San Lorenzo.
En empresas así, el costo real de cada proyecto suele aparecer recién al cerrarlo.
COI junta presupuestos, gastos por proyecto y cobranzas en pesos y dólares, y te muestra el margen mientras el proyecto avanza.
¿Te muestro una demo con tus propios datos? Son 20 minutos.
— Si no te interesa, respondé BAJA y no te escribimos más.";búsqueda web (sesión cloud);http://www.cmetalicas.com.ar/ | http://cmetalicas.com.ar/contacto.html | https://www.cuitonline.com/detalle/30707016929/construcciones-metalicas-srl.html | https://laguiaonline.com.ar/businesses/construcciones-metalicas-srl;2026-09-26
Metalurgica Ms Roldan S. A. S.;Metalúrgica MS;Roldan;Fabricación de equipos para frigoríficos: faena bovina y porcina, elaboración, sanitarios y transporte;C;5;Metalúrgicas / metalmecánica a pedido;Emprendedor / Industrial;ms-metalurgica.com;media;;;metalurgicams.roldan@gmail.com;341 312-9222;sí;Franco de Gásperi (ventas, web propia);;área comercial;Metalúrgica MS fabrica equipamiento para faena bovina y porcina en Roldán;;SAS constituida en 2022. Teléfono publicado en la web como contacto de ventas (Franco de Gásperi), es celular: confirmar que es línea comercial. Decisor no encontrado;"Hola, soy [tu nombre], de COI.
Vi que Metalúrgica MS fabrica equipamiento para faena bovina y porcina en Roldán.
En empresas así, cada presupuesto a medida se arma distinto y el margen real por trabajo no se ve.
COI arma los presupuestos por costo más ganancia y te muestra cuánto dejó cada trabajo.
¿Te muestro una demo con tus propios datos? Son 20 minutos.
— Si no te interesa, respondé BAJA y no te escribimos más.";búsqueda web (sesión cloud);https://ms-metalurgica.com/ | https://ms-metalurgica.com/index.php/contacto/ | https://www.cuitonline.com/detalle/30717918858/metalurgica-ms-roldan-s.-a.-s.html | https://www.instagram.com/metalurgicams.roldan/;2026-09-26
Bounous Hnos S A Industrias Metalurgicas;Bounous;Galvez;Fabricación de grupos electrógenos, motores, motobombas, torres de iluminación y compresores;C;4;Minería y energía (proveedores y contratistas);Industrial;bounous.com.ar;alta;;;info@bounous.com.ar;(03404) 481609;sí;;51-200 (LinkedIn);energía | petrolera;Bounous nació en 1922 como taller mecánico y en 1959 consolidó su planta industrial en Gálvez;Empresa centenaria con 51-200 empleados: revisar tamaño antes de contactar;Escindida en 2001: Bounous Maquinarias S.A. (bounousmaquinarias.com.ar) es otra empresa, no confundir. Asociada a Gapp Oil. Otro teléfono: (03404) 517610;"Hola, soy [tu nombre], de COI.
Vi que Bounous nació en 1922 como taller mecánico y en 1959 consolidó su planta industrial en Gálvez.
En empresas así, entre el trabajo en campo, la facturación en dólares y las certificaciones se pierde el control del proyecto.
COI lleva la cuenta corriente en pesos y dólares por separado y factura por anticipo y certificación de avance.
¿Te muestro una demo con tus propios datos? Son 20 minutos.
— Si no te interesa, respondé BAJA y no te escribimos más.";búsqueda web (sesión cloud);https://bounous.com.ar/secciones/nosotros | https://www.bounous.com.ar/secciones/historia | https://ar.linkedin.com/company/bounoushnos | https://gapp-oil.com.ar/empresas-asociadas/bounous-hnos-sa/ | https://www.cuitonline.com/detalle/30500724117/bounous-hnos-s-a-industrias-metalurgicas.html;2026-09-26
AGROSERVICIOS SAN FRANCISCO S. A.;Agroservicios San Francisco;VILLANI;Elaboración de expeller de soja y aceite (planta en Colonia San Bartolomé);C;4;Agroindustria (proveedores de servicios/insumos);Emprendedor / Industrial;;baja;Sergio Musso;Presidente (LinkedIn);agroserviciossanfranciscosa@gmail.com;3564 65-9468;sí;;;;Agroservicios San Francisco hizo en 2024 una obra de gas para su planta (ramal de alimentación, planta de regulación y adecuación de combustión) ejecutada por Velitec;;Sin web propia (Instagram @asf_expellerdesoja y Facebook). Domicilio fiscal en San Francisco (Cba) y planta en Colonia San Bartolomé: no se confirmó el vínculo con la localidad VILLANI de la entrada. Email y teléfono tomados de su perfil de Facebook según el buscador. El teléfono es un celular publicado por la empresa: verificar que sea línea comercial. Cargo de Musso según LinkedIn sin año;"Hola, soy [tu nombre], de COI.
Vi que Agroservicios San Francisco hizo en 2024 una obra de gas para su planta (ramal de alimentación, planta de regulación y adecuación de combustión) ejecutada por Velitec.
COI junta ventas, cuentas corrientes y control de cheques en un solo lugar.
¿Te muestro una demo con tus propios datos? Son 20 minutos.
— Si no te interesa, respondé BAJA y no te escribimos más.";búsqueda web (sesión cloud);https://www.facebook.com/p/Agroservicios-San-Francisco-100089334004043/ | https://www.instagram.com/asf_expellerdesoja/ | https://www.linkedin.com/in/sergio-musso-52b70114/ | https://velitec.com.ar/proyectos_velitec/agroservicios-san-francisco-2024/ | https://www.cuitonline.com/detalle/30708883596/agroservicios-san-francisco-s.-a.html;2026-09-26
Tenaglia Rodamientos Srl;Tenaglia Rodamientos;Marcos Juarez;Distribución de rodamientos, retenes, correas industriales, filtros y soportes;C;4;Distribuidoras de insumos industriales;Emprendedor;;baja;Julián Alfredo Jesús Tenaglia;Socio gerente de sociedad previa con Adrián R. Mastricola (BO Santa Fe 2010), cargo actual en la SRL sin confirmar;;(03472) 42-6099;sí;Adrián Ramón Mastricola (socio gerente en sociedad de 2010, sin confirmar en la SRL);;;Tenaglia Rodamientos donó un techo parabólico de 15 metros a la Municipalidad de Marcos Juárez;Revisar si vende principalmente a mostrador (figura como ferretería);Sin web propia, tiene Instagram. Teléfono de directorio (Páginas Amarillas). Cylex da 42-6090: confirmar. SRL de 2017, antes Paganoni y Tenaglia SH;"Hola Julian, soy [tu nombre], de COI.
Vi que Tenaglia Rodamientos donó un techo parabólico de 15 metros a la Municipalidad de Marcos Juárez.
En empresas así, con un catálogo técnico grande, el seguimiento de cada cotización y la cuenta corriente por moneda se desordenan.
COI une pipeline, catálogo de productos y cuenta corriente en pesos y dólares.
¿Te muestro una demo con tus propios datos? Son 20 minutos.
— Si no te interesa, respondé BAJA y no te escribimos más.";búsqueda web (sesión cloud);https://www.cuitonline.com/detalle/30715544721/tenaglia-rodamientos-srl.html | https://www.paginasamarillas.com.ar/fichas/tenaglia-rodamientos-srl_13920274 | https://www.cylex.com.ar/marcos-juarez/tenaglia-rodamientos-srl-11374153.html | https://triplemedia.com.ar/donacion-a-municipalidad-de-marcos-juarez/ | https://www.santafe.gov.ar/boletinoficial/recursos/boletines/24-09-2010contratos.htm | https://www.instagram.com/tenaglia.rodamientos/;2026-09-26
AGROSERVICIOS LOS ALGARROBOS S.A;Agroservicios Los Algarrobos;MARIA SUSANA;Servicios agropecuarios (sin detalle verificado);C;4;Agroindustria (proveedores de servicios/insumos);Emprendedor / Industrial;;baja;Marcelo Emilio Girardi;Presidente (BO Santa Fe 2014);;;;Máximo Uranga (vicepresidente, BO Santa Fe 2014);;;Agroservicios Los Algarrobos funciona desde 2013 en María Susana;;Sin web ni canal publicado. Directorio de 2014: dato viejo, verificar vigencia. Domicilio San Martín 715;"Hola Marcelo, soy [tu nombre], de COI.
Vi que Agroservicios Los Algarrobos funciona desde 2013 en María Susana.
En empresas así, con ventas en el campo y cobranzas con cheques, cuesta saber qué se vendió y qué se cobró.
COI junta ventas, cuentas corrientes y control de cheques en un solo lugar.
¿Te muestro una demo con tus propios datos? Son 20 minutos.
— Si no te interesa, respondé BAJA y no te escribimos más.";búsqueda web (sesión cloud);https://www.santafe.gov.ar/boletinoficial/recursos/boletines/24-10-2014contratos.html | https://www.cuitonline.com/detalle/30714407895/agroservicios-los-algarrobos-s.a.html;2026-09-26
Cia. Entrerriana De Rodamientos S.A.;Rodacom;Parana;Distribuidora de rodamientos, reductores, bombas, motores y generadores;C;3;Distribuidoras de insumos industriales;Emprendedor;rodacom.com.ar;alta;;;tienda@rodacom.com.ar;+54 343 4675119;sí;;;;Rodacom comercializa rodamientos, reductores, bombas y motores para los mercados industrial, agropecuario y de transporte;Tiene línea hogar-jardín y tienda online: revisar peso de la venta minorista;Otro email publicado: licitaciones@rodacom.com.ar (registro de proveedores PJN). Administración: +54 343 4701086. Distribuidor NTN;"Hola, soy [tu nombre], de COI.
Vi que Rodacom comercializa rodamientos, reductores, bombas y motores para los mercados industrial, agropecuario y de transporte.
En empresas así, con un catálogo técnico grande, el seguimiento de cada cotización y la cuenta corriente por moneda se desordenan.
COI une pipeline, catálogo de productos y cuenta corriente en pesos y dólares.
¿Te muestro una demo con tus propios datos? Son 20 minutos.
— Si no te interesa, respondé BAJA y no te escribimos más.";búsqueda web (sesión cloud);https://www.rodacom.com.ar/ | http://www.rodacom.com.ar/contacto.php | http://rodacom.com.ar/store/contacto.php | https://srpcm.pjn.gov.ar/proveedores/2162a421-8723-4f40-a89c-5f9e24bc5a37 | https://ntnlatam.com/distribuidores/;2026-09-26
Metal Empalme Sociedad De Responsabilidad Limitada;Metal Empalme;Empalme Villa Constitucion;Mecanizado CNC, rectificado, torneado y fabricación de estructuras y piezas para industria y automotriz;C;3;Metalúrgicas / metalmecánica a pedido;Emprendedor / Industrial;;baja;;;;(03400) 49-4088;sí;;;;Metal Empalme mecaniza piezas en CNC y fabrica estructuras para la industria y el sector automotriz;;Web metalempalme.com.ar no verificada (no aparece en búsquedas). Presencia en Instagram @metalempalme.cnc. Teléfono de directorio (Páginas Amarillas). Dirección Av. 25 de Mayo 160. Sin decisor encontrado;"Hola, soy [tu nombre], de COI.
Vi que Metal Empalme mecaniza piezas en CNC y fabrica estructuras para la industria y el sector automotriz.
En empresas así, cada presupuesto a medida se arma distinto y el margen real por trabajo no se ve.
COI arma los presupuestos por costo más ganancia y te muestra cuánto dejó cada trabajo.
¿Te muestro una demo con tus propios datos? Son 20 minutos.
— Si no te interesa, respondé BAJA y no te escribimos más.";búsqueda web (sesión cloud);https://www.paginasamarillas.com.ar/fichas/metal-empalme-srl_16086451 | https://laguia.online/business/vy63b | https://www.instagram.com/metalempalme.cnc/;2026-09-26
Fundicion La Union S R L;Fundición La Unión;Las Parejas;Fundición de hierro gris: piezas para maquinaria agrícola, bombas de agua y repuestos automotores;C;3;Metalúrgicas / metalmecánica a pedido;Emprendedor / Industrial;fundicionlaunion.com.ar;alta;;;info@fundicionlaunion.com.ar;(03471) 472145;sí;;;;Fundición La Unión funde hierro gris en el Área Industrial de Las Parejas desde 1973;;Sin decisor actual verificado. Fundada por Juan Carlos Brocardo y Héctor Micucci (web, dato histórico). Recibió la Distinción al Mérito Industrial de FISFE (año no visible);"Hola, soy [tu nombre], de COI.
Vi que Fundición La Unión funde hierro gris en el Área Industrial de Las Parejas desde 1973.
En empresas así, cada presupuesto a medida se arma distinto y el margen real por trabajo no se ve.
COI arma los presupuestos por costo más ganancia y te muestra cuánto dejó cada trabajo.
¿Te muestro una demo con tus propios datos? Son 20 minutos.
— Si no te interesa, respondé BAJA y no te escribimos más.";búsqueda web (sesión cloud);https://www.fundicionlaunion.com.ar/contacto | https://www.fundicionlaunion.com.ar/empresa | https://www.cuitonline.com/detalle/33553576569/fundicion-la-union-s-r-l.html | http://www.contactoradio.net/inicio/noticia/14563;2026-09-26
Servicios Agroindustriales Empalme S. R. L.;SAE;Empalme Villa Constitucion;Fabricación y reparación de mangueras hidráulicas y venta de componentes oleohidráulicos;C;3;Metalúrgicas / metalmecánica a pedido;Emprendedor / Industrial;;baja;;;abelsae@hotmail.com;+54 (3400) 493873;sí;;;;SAE fabrica y repara mangueras hidráulicas y neumáticas de baja a extrema presión;;El dominio saesrl.com.ar no se pudo verificar: sin web propia confirmada. Domicilio publicado Roca 255 Villa Constitución. Datos de la guía de socios de CIDECON (fecha no visible);"Hola, soy [tu nombre], de COI.
Vi que SAE fabrica y repara mangueras hidráulicas y neumáticas de baja a extrema presión.
En empresas así, cada presupuesto a medida se arma distinto y el margen real por trabajo no se ve.
COI arma los presupuestos por costo más ganancia y te muestra cuánto dejó cada trabajo.
¿Te muestro una demo con tus propios datos? Son 20 minutos.
— Si no te interesa, respondé BAJA y no te escribimos más.";búsqueda web (sesión cloud);http://www.cidecon.com.ar/asociados.php;2026-09-26
Konjuh Agroindustrial S.R.L.;Konjuh;Los Molinos;Fábrica de engranajes y palieres;C;3;Metalúrgicas / metalmecánica a pedido;Emprendedor / Industrial;konjuhsrl.com.ar;alta;;;info@konjuhsrl.com.ar;(03464) 495-112;sí;;;;Konjuh fabrica engranajes en Los Molinos desde fines de la década de 1930 cuando Nicolás Konjuh armó su primera máquina;Revisar homónimo: existe también Konjuh SA / Konjuh Hnos y Cía SA (konjuhsa.com) en la misma localidad, cajas reductoras;Decisor actual no identificado (históricos: Nicolás y Milkar Konjuh). Confirmar que el contacto corresponde a la SRL y no a Konjuh SA;"Hola, soy [tu nombre], de COI.
Vi que Konjuh fabrica engranajes en Los Molinos desde fines de la década de 1930 cuando Nicolás Konjuh armó su primera máquina.
En empresas así, cada presupuesto a medida se arma distinto y el margen real por trabajo no se ve.
COI arma los presupuestos por costo más ganancia y te muestra cuánto dejó cada trabajo.
¿Te muestro una demo con tus propios datos? Son 20 minutos.
— Si no te interesa, respondé BAJA y no te escribimos más.";búsqueda web (sesión cloud);http://konjuhsrl.com.ar/ | http://www.konjuhsrl.com.ar/quienes-somos.html | http://konjuhsrl.com.ar/contacto.html | https://guiademantenimiento.com/konjuh-agroindustrial-s.r.l. | https://konjuhsa.com/;2026-09-26
RODAMIENTOS LAGUNA LARGA S.R.L.;Rodamientos Laguna Larga;LAGUNA LARGA;Venta de rodamientos, bulones, correas, hierros y repuestos de maquinaria agrícola;C;3;Agroindustria (proveedores de servicios/insumos);Emprendedor / Industrial;;baja;;;;(03572) 48-0156;sí;;;;;;Sin web propia. Teléfono y dirección (Hipólito Yrigoyen 337) de directorio: verificar vigencia;"Hola, soy [tu nombre], de COI.
Te escribo porque vi que Rodamientos Laguna Larga trabaja con el agro.
En empresas así, con ventas en el campo y cobranzas con cheques, cuesta saber qué se vendió y qué se cobró.
COI junta ventas, cuentas corrientes y control de cheques en un solo lugar.
¿Te muestro una demo con tus propios datos? Son 20 minutos.
— Si no te interesa, respondé BAJA y no te escribimos más.";búsqueda web (sesión cloud);https://www.cylex.com.ar/laguna+larga/maquinas.html;2026-09-26
Metalurgica Schumacher S. R. L.;Metalúrgica Schumacher (Soldmetal);Villa Constitucion;Metalúrgica / soldadura (sin detalle verificado);C;3;Metalúrgicas / metalmecánica a pedido;Emprendedor / Industrial;;baja;;;;;;;;;Metalúrgica Schumacher opera en la zona de Villa Constitución con la marca Soldmetal según su página de Facebook;;Sin web propia. Solo página de Facebook Metalurgica Schumacher Soldmetal. Hay un Roberto Schumacher (persona física, fabricación de productos metálicos, Empalme Villa Constitución) y un Elvio José Schumacher en Páginas Amarillas Villa Constitución: vínculo con la SRL no confirmado;"Hola, soy [tu nombre], de COI.
Vi que Metalúrgica Schumacher opera en la zona de Villa Constitución con la marca Soldmetal según su página de Facebook.
En empresas así, cada presupuesto a medida se arma distinto y el margen real por trabajo no se ve.
COI arma los presupuestos por costo más ganancia y te muestra cuánto dejó cada trabajo.
¿Te muestro una demo con tus propios datos? Son 20 minutos.
— Si no te interesa, respondé BAJA y no te escribimos más.";búsqueda web (sesión cloud);https://www.facebook.com/metalurgicaschumacher.soldmetal/ | https://www.cuitonline.com/detalle/20316375732/schumacher-roberto.html | https://www.paginasamarillas.com.ar/fichas/elvio-jose-schumacher_16171433;2026-09-26
Metalurgica Mario G Fernandez Srl;Metalúrgica Mario G Fernández;San Andres;Metalúrgica (sin detalle verificado);C;3;Metalúrgicas / metalmecánica a pedido;Emprendedor / Industrial;;baja;;;;;;;;;Metalúrgica Mario G Fernández tiene su planta en Ricardo Güiraldes 2616, General San Martín;;San Andrés es localidad del partido de General San Martín (GBA). Sin web propia ni canal publicado encontrado. Única fuente: ficha de Moovit;"Hola, soy [tu nombre], de COI.
Vi que Metalúrgica Mario G Fernández tiene su planta en Ricardo Güiraldes 2616, General San Martín.
En empresas así, cada presupuesto a medida se arma distinto y el margen real por trabajo no se ve.
COI arma los presupuestos por costo más ganancia y te muestra cuánto dejó cada trabajo.
¿Te muestro una demo con tus propios datos? Son 20 minutos.
— Si no te interesa, respondé BAJA y no te escribimos más.";búsqueda web (sesión cloud);https://moovitapp.com/index/en/public_transit-Metal%C3%BArgica_Mario_G_Fern%C3%A1ndez_S_R_L-Buenos_Aires-site_31509502-1602;2026-09-26
Metalurgica Cinalli S. A. S.;Cinalli;Correa;Fabricación de implementos agrícolas y viales: niveladoras, palas de arrastre, rotocultivadores, embolsadoras;C;3;Metalúrgicas / metalmecánica a pedido;Emprendedor / Industrial;metcinalli.com.ar;alta;;;info@metcinalli.com.ar;03471-440265;sí;;;;Cinalli presentó un nuevo modelo de niveladora en Expoagro 2025;;Sin decisor confirmado: un Fernando Gabriel Cinalli aparece en Boletín Oficial nacional con domicilio en CABA, probable homónimo, no usar. Figura en el directorio ExportArgentina;"Hola, soy [tu nombre], de COI.
Vi que Cinalli presentó un nuevo modelo de niveladora en Expoagro 2025.
En empresas así, cada presupuesto a medida se arma distinto y el margen real por trabajo no se ve.
COI arma los presupuestos por costo más ganancia y te muestra cuánto dejó cada trabajo.
¿Te muestro una demo con tus propios datos? Son 20 minutos.
— Si no te interesa, respondé BAJA y no te escribimos más.";búsqueda web (sesión cloud);http://metcinalli.com.ar/ | http://metcinalli.com.ar/contacto/ | https://www.expoagro.com.ar/expoagro-la-muestra-con-mas-novedades-y-lanzamiento-de-productos/ | https://exportargentina.org.ar/companies/6092;2026-09-26
Afg Ingenieria S.R.L.;AFG Ingeniería;Rosario Sud;Ingeniería electromecánica: diseño, fabricación, montaje y puesta en marcha de máquinas especiales y automatización (industria 4.0);B;8;Montajes industriales y estructuras metálicas;Industrial;afgingenieria.com.ar;alta;Gabriel Fernández;CEO y fundador (web);consultas@afgingenieria.com.ar;0810-345-0518;sí;Gustavo Risso (Gerente comercial);Más de 130 directos y más de 100 indirectos (web);proyectos | obras | montaje | mantenimiento | área comercial;AFG Ingeniería desarrolla proyectos llave en mano de máquinas especiales para la industria desde 2004 con certificación ISO 9001 e ISO 14001;Revisar tamaño: más de 130 empleados directos (cerca del límite PyME);Email de Gustavo Risso grisso@afgingenieria.com.ar según resultado de búsqueda sobre polotecnologico.net (confirmar textual antes de usar). Teléfono alternativo (0341) 423-8487;"Hola Gabriel, soy [tu nombre], de COI.
Vi que AFG Ingeniería desarrolla proyectos llave en mano de máquinas especiales para la industria desde 2004 con certificación ISO 9001 e ISO 14001.
En empresas así, el costo real de cada proyecto suele aparecer recién al cerrarlo.
COI junta presupuestos, gastos por proyecto y cobranzas en pesos y dólares, y te muestra el margen mientras el proyecto avanza.
¿Te muestro una demo con tus propios datos? Son 20 minutos.
— Si no te interesa, respondé BAJA y no te escribimos más.";búsqueda web (sesión cloud);https://afgingenieria.com.ar/en/about-us/ | https://afgingenieria.com.ar/en/contact-us/ | https://polotecnologico.net/product/afg-ingenieria-srl/;2026-09-26
Maizco Sociedad Anonima Industrial Y Comercial;Maizco;Arias;Fabricante de cabezales maiceros, girasoleros y drapers para cosechadoras;B;7;Industrial B2B (otro);Emprendedor;maizco.com.ar;alta;Gustavo Beltramino;Gerente comercial (Maquinac 2026);ventas@maizco.com.ar;+54 3468 440347;sí;;más de 100 (web propia);área comercial | exportación;Maizco presentó el cabezal maicero SGT Classic en AgroActiva 2026;;Fundada en 1952. Planta de más de 15.000 m2 en Arias. Figura en Exportadores de Córdoba;"Hola Gustavo, soy [tu nombre], de COI.
Vi que Maizco presentó el cabezal maicero SGT Classic en AgroActiva 2026.
En empresas así, la información de ventas y administración queda repartida entre planillas, mails y WhatsApp.
COI pone ventas, administración y números de la dirección en un solo sistema.
¿Te muestro una demo con tus propios datos? Son 20 minutos.
— Si no te interesa, respondé BAJA y no te escribimos más.";búsqueda web (sesión cloud);https://maizco.com.ar/contacto/ | https://maizco.com.ar/en/contact-us/ | https://maquinac.com/2026/04/maizco-presentara-un-nuevo-cabezal-maicero-en-agroactiva/ | https://www.noticiasdecampo.com/2026/04/13/maizco-presentara-su-nuevo-maicero-y-soluciones-para-optimizar-la-cosecha/ | https://www.exportadoresdecordoba.com/empresas/MAIZCO-708.html;2026-09-26
Metalurgica Ribba S.A.S.;Metalúrgica Ribba;LAS VARILLAS;Estructuras metálicas, techos, galpones y naves industriales;B;7;Montajes industriales y estructuras metálicas;Industrial;;baja;Roger Alberto Ribba;Cofundador (Diario de Las Varillas);;;;Andrés Ribba (cofundador, a cargo del montaje de estructuras);11 (Diario de Las Varillas);obras | montaje | proyectos;Metalúrgica Ribba hizo un puente a 30 metros de altura y el techo de un teatro para el edificio Venetto X de Carlos Paz;;Sin web propia (solo Instagram y Facebook). Año de la nota del diario no visible. Sin canal verificado;"Hola Roger, soy [tu nombre], de COI.
Vi que Metalúrgica Ribba hizo un puente a 30 metros de altura y el techo de un teatro para el edificio Venetto X de Carlos Paz.
COI junta presupuestos, gastos por proyecto y cobranzas en pesos y dólares, y te muestra el margen mientras el proyecto avanza.
¿Te muestro una demo con tus propios datos? Son 20 minutos.
— Si no te interesa, respondé BAJA y no te escribimos más.";búsqueda web (sesión cloud);https://diariodelasvarillas.com.ar/metalurgica-ribba-una-empresa-familiar-que-nacio-cuando-roger-supo-escuchar-a-su-hijo-andres-en-su-inquietud-emprendedora-2/ | https://ar.linkedin.com/in/roger-alberto-ribba-00111649 | https://www.instagram.com/metalurgicaribba/;2026-09-26
Metalurgica Matienzo S.R.L.;Metalúrgica Matienzo;Rosario Sud;Fabricación de máquinas y herramientas para la construcción, repuestos de hormigoneras y estructuras metálicas para minería y energía;B;7;Montajes industriales y estructuras metálicas;Industrial;mmatienzo.com.ar;media;María Belén Michelino;Socio gerente (tesis Campus Pellegrini UCEMA);;;;Nazarena Michelino (gerente de administración);;minería | energía | petrolera | proyectos;Metalúrgica Matienzo expuso en la Expo San Juan Minera 2026 y desarrolla piletas metálicas skid para locaciones petroleras;;Empresa familiar fundada por Oscar José Michelino, más de 30 años. También tiene tienda online en metalurgicamatienzo.net. Cargos tomados de un trabajo académico sin año visible: confirmar vigencia. Teléfono solo en directorios;"Hola Maria, soy [tu nombre], de COI.
Vi que Metalúrgica Matienzo expuso en la Expo San Juan Minera 2026 y desarrolla piletas metálicas skid para locaciones petroleras.
En empresas así, el costo real de cada proyecto suele aparecer recién al cerrarlo.
COI junta presupuestos, gastos por proyecto y cobranzas en pesos y dólares, y te muestra el margen mientras el proyecto avanza.
¿Te muestro una demo con tus propios datos? Son 20 minutos.
— Si no te interesa, respondé BAJA y no te escribimos más.";búsqueda web (sesión cloud);https://www.exposanjuan.com.ar/es/company/metalurgica-matienzo | https://imgbiblio.vaneduc.edu.ar/fulltext/files/TC120573.pdf | https://www.metalurgicamatienzo.net/contacto/ | https://www.facebook.com/mmatienzo.com.ar/;2026-09-26
METALURGICA GHEA SA;Ghea;CORDOBA;Carpintería metálica, estructuras, herrería, chapa, corte, plegado y montaje de estructuras;B;7;Montajes industriales y estructuras metálicas;Industrial;metalurgicaghea.com;alta;Germán Antonel;Presidente (BO Córdoba 2022);comercial@metalurgicaghea.com.ar;0351 451-7442;sí;Alejandro Antonel (vicepresidente) / Edgar Antonel (director titular) / José María Fulgenzi (director titular);;obras | proyectos | montaje | búsqueda laboral;Ghea empezó hace más de 60 años como taller familiar fundado por Juan Antonel y hoy hace proyectos para constructoras y grandes empresas;;Directorio electo en asamblea de mayo de 2022. El área comercial también publica celulares 351-5503085 y 351-6184989. Publicó búsquedas de pasantes y personal (UCC y Clasificados La Voz);"Hola German, soy [tu nombre], de COI.
Vi que Ghea empezó hace más de 60 años como taller familiar fundado por Juan Antonel y hoy hace proyectos para constructoras y grandes empresas.
En empresas así, el costo real de cada proyecto suele aparecer recién al cerrarlo.
COI junta presupuestos, gastos por proyecto y cobranzas en pesos y dólares, y te muestra el margen mientras el proyecto avanza.
¿Te muestro una demo con tus propios datos? Son 20 minutos.
— Si no te interesa, respondé BAJA y no te escribimos más.";búsqueda web (sesión cloud);https://metalurgicaghea.com/ | https://metalurgicaghea.com/empresa/ | https://metalurgicaghea.com/sector-de-contacto/ | https://boletinoficial.cba.gov.ar/wp-content/4p96humuzp/2022/07/3_Secc_180722.pdf | https://empleos.clasificadoslavoz.com.ar/empresa/521203;2026-09-26
Distribuidora Comersur S.A.;Protto;San Nicolas;Fabricación de ruedas y llantas de acero para vehículos comerciales;B;7;Distribuidoras de insumos industriales;Emprendedor;prottoweb.com.ar;media;;;;;;Marcelo Fanucci (gerente de planta, Ternium);70 (prensa 2019);;Protto fabrica ruedas y llantas de acero en San Nicolás desde 1923 con certificación IATF 16949;Revisar antes de contactar: suspendió a todo su personal operario 15 días en dic. 2024 por caída de ventas. No es distribuidora sino fabricante;Dominio conocido protto.com.ar, la web encontrada es prottoweb.com.ar. Comersur adquirió Protto en 2003 y mantiene la marca;"Hola, soy [tu nombre], de COI.
Vi que Protto fabrica ruedas y llantas de acero en San Nicolás desde 1923 con certificación IATF 16949.
En empresas así, con un catálogo técnico grande, el seguimiento de cada cotización y la cuenta corriente por moneda se desordenan.
COI une pipeline, catálogo de productos y cuenta corriente en pesos y dólares.
¿Te muestro una demo con tus propios datos? Son 20 minutos.
— Si no te interesa, respondé BAJA y no te escribimos más.";búsqueda web (sesión cloud);https://www.dqsglobal.com/intl/customer-database/protto-distribuidora-comersur-s.a | https://www.prottoweb.com.ar/contacto.php | https://ar.ternium.com/es/novedades/noticias/asistencia-a-protto--24727624419 | https://www.infocielo.com/politica-y-economia/san-nicolas-la-fabrica-llantas-protto-suspende-15-dias-la-totalidad-sus-operarios-n96768;2026-09-26
Metalurgica Albace Sa;Albace;;Estructuras metálicas, equipos de frío y acero inoxidable para industria alimenticia y energía;B;7;Montajes industriales y estructuras metálicas;Industrial;metalurgicaalbace.com.ar;alta;Roberto Jacquet;Presidente (metalurgicaalbace.com.ar);contacto@metalurgicaalbace.com.ar;03447 42-3475;sí;Luis Blanc (vicepresidente);;obras | proyectos | energía | petrolera | minería;Albace fabrica túneles de congelado continuo y naves industriales desde 2005;;Sede en Colón (Entre Ríos). Proveedor listado en CAPMIN y Gapp Oil. Un directorio indica 51-200 empleados: verificar tamaño;"Hola Roberto, soy [tu nombre], de COI.
Vi que Albace fabrica túneles de congelado continuo y naves industriales desde 2005.
En empresas así, el costo real de cada proyecto suele aparecer recién al cerrarlo.
COI junta presupuestos, gastos por proyecto y cobranzas en pesos y dólares, y te muestra el margen mientras el proyecto avanza.
¿Te muestro una demo con tus propios datos? Son 20 minutos.
— Si no te interesa, respondé BAJA y no te escribimos más.";búsqueda web (sesión cloud);https://www.metalurgicaalbace.com.ar/equipo/ | https://www.metalurgicaalbace.com.ar/historia/ | https://www.metalurgicaalbace.com.ar/contacto/ | https://www.capmin.com.ar/Proveedores-mineros/metalurgica-albace-sa/ | https://gapp-oil.com.ar/en/empresas-asociadas/metalurgica-albace-s-a/;2026-09-26
Chiaza Servicios Industriales S.R.L.;Chiaza;San Lorenzo;Obras eléctricas, instrumentación, automatización, montajes mecánicos y mantenimiento industrial;B;7;Montajes industriales y estructuras metálicas;Industrial;chiazasi.com.ar;alta;Roberto Daniel Brusco;Socio gerente (BO Santa Fe 2014);info@chiazasi.com.ar;03476-432589;sí;;;montaje | mantenimiento | obras | minería;Chiaza suma más de 40 años de montaje e instrumentación para la industria del cordón de San Lorenzo;;Ramón Saavedra 298 (Ruta AO12) San Lorenzo. Otro tel 03476-575461. También usa chiaza.com.ar. Figura como proveedor minero en CAPMIN y socio de la Cámara de Comercio de San Lorenzo. Un directorio indica 51-200 empleados (no confirmado). Cargo de 2014: verificar vigencia;"Hola Roberto, soy [tu nombre], de COI.
Vi que Chiaza suma más de 40 años de montaje e instrumentación para la industria del cordón de San Lorenzo.
En empresas así, el costo real de cada proyecto suele aparecer recién al cerrarlo.
COI junta presupuestos, gastos por proyecto y cobranzas en pesos y dólares, y te muestra el margen mientras el proyecto avanza.
¿Te muestro una demo con tus propios datos? Son 20 minutos.
— Si no te interesa, respondé BAJA y no te escribimos más.";búsqueda web (sesión cloud);https://chiaza.com.ar/en/home/ | https://www.santafe.gov.ar/boletinoficial/ver.php?seccion=07-03-2014contratos.html | https://www.capmin.com.ar/Proveedores-mineros/chiaza-servicios-industriales-srl/ | https://www.camara-sl.org.ar/website/?asociado=chiaza-servicios-industriales-s-a | https://ar.linkedin.com/company/chiaza;2026-09-26
Frigorifico Qualita Sa;Qualitá;Colonia Caroya;Frigorífico porcino: faena, despostada y chacinados;B;6;Agroindustria (proveedores de servicios/insumos);Emprendedor / Industrial;frigorificoqualita.com;alta;Ignacio Malvasio;Presidente (prensa 2025);info@frigorificoqualita.com.ar;;;Luis Picat (Cofundador, delegó funciones al asumir como intendente de Jesús María);;exportación | expansión | nueva planta;Qualitá proyecta ampliar su línea de faena hacia fines de 2026 e incorporar 25 personas;Revisar tamaño: faena unos 12.000-14.000 cerdos por mes y exporta, podría superar los 250 empleados;Email tomado de la página de contacto (dominio .com.ar, la web está en .com). Cantidad de empleados no publicada;"Hola Ignacio, soy [tu nombre], de COI.
Vi que Qualitá proyecta ampliar su línea de faena hacia fines de 2026 e incorporar 25 personas.
En empresas así, con ventas en el campo y cobranzas con cheques, cuesta saber qué se vendió y qué se cobró.
COI junta ventas, cuentas corrientes y control de cheques en un solo lugar.
¿Te muestro una demo con tus propios datos? Son 20 minutos.
— Si no te interesa, respondé BAJA y no te escribimos más.";búsqueda web (sesión cloud);https://www.frigorificoqualita.com/contacto | https://www.frigorificoqualita.com/acerca-de | https://www.todocerdos.com.ar/un-frigorifico-cordobes-va-por-mas-produccion-y-agregado-de-valor/ | https://bichosdecampo.com/el-frigorifico-cordobes-qualita-invierte-en-la-produccion-porcina-mientras-espera-por-mas-medidas-que-reduzcan-el-costo-argentino-que-le-impide-exportar-carne/ | https://www.linkedin.com/in/ignacio-malvasio-72a301a5/ | https://www.revistacontainer.com.ar/agregado-de-valor-en-carne-porcina-qualita-marca-el-camino-con-ampliaciones/;2026-09-26
Torneria Rossi Sociedad Anonima;Tornería Rossi;Pehuajo;Tornería y reparaciones de maquinaria agrícola, más venta de ferretería;B;6;Metalúrgicas / metalmecánica a pedido;Emprendedor / Industrial;;baja;Ubaldo Juan Rossi;Presidente (acta de directorio 2019);;(02396) 47-3541;sí;Hugo Mario Rossi (Director, acta 2019);;mantenimiento;Tornería Rossi hace tornería y reparaciones agrícolas en Pehuajó sobre Av. San Martín 1031;;Sin web propia. Teléfono de directorio. Cargos tomados de agregador societario que cita acta de 2019: verificar en Boletín Oficial;"Hola Ubaldo, soy [tu nombre], de COI.
Vi que Tornería Rossi hace tornería y reparaciones agrícolas en Pehuajó sobre Av. San Martín 1031.
En empresas así, cada presupuesto a medida se arma distinto y el margen real por trabajo no se ve.
COI arma los presupuestos por costo más ganancia y te muestra cuánto dejó cada trabajo.
¿Te muestro una demo con tus propios datos? Son 20 minutos.
— Si no te interesa, respondé BAJA y no te escribimos más.";búsqueda web (sesión cloud);https://www.dateas.com/es/empresa/torneria-rossi-sociedad-anonima-30714229199 | https://laguiaonline.com.ar/businesses/torneria-rossi-sa-reparaciones-agricolas | https://www.cuitonline.com/detalle/30714229199/torneria-rossi-sociedad-anonima.html;2026-09-26
Arlettaz Hidraulica S.A.;Arlettaz;Villa Elisa;Taller hidráulico y fabricante de maquinaria para cosecha de nuez pecán y producción avícola;B;6;Servicios técnicos y mantenimiento industrial;Industrial;arlettazhidraulica.com.ar;media;Nicolás Arlettaz;Socio (segunda generación familiar) (Bichos de Campo);arlettazhidraulica@gmail.com;(03447) 480552;sí;;;mantenimiento;Arlettaz diseña y fabrica cosechadoras de nuez pecán que vende en todo el país;;Más fabricante que distribuidora. Empresa familiar iniciada en 1983 como tornería;"Hola Nicolas, soy [tu nombre], de COI.
Vi que Arlettaz diseña y fabrica cosechadoras de nuez pecán que vende en todo el país.
COI arma las hojas de ruta con mapa y le da a cada uno su cartera y sus tareas, también desde el celular.
¿Te muestro una demo con tus propios datos? Son 20 minutos.
— Si no te interesa, respondé BAJA y no te escribimos más.";búsqueda web (sesión cloud);https://bichosdecampo.com/la-fabrica-de-los-arlettaz-nicolas-y-sus-hermanos-disenan-y-producen-maquinaria-especifica-para-cosechar-nuez-pecan-la-demanda-crece-cada-vez-mas-cuenta-el-industrial/ | http://www.arlettazhidraulica.com.ar/contacto/ | http://www.arlettazhidraulica.com.ar/nosotros/;2026-09-26
Fundicion Lehmann S R L;Fundición Lehmann;Lehmann;Fundición de hierro gris nodular y aceros para piezas agrícolas automotrices y viales;B;6;Metalúrgicas / metalmecánica a pedido;Emprendedor / Industrial;fundle.com.ar;alta;;;ventas@fundle.com.ar;03492-480045;sí;;;búsqueda laboral | mantenimiento;Fundición Lehmann funde unas 2500 toneladas anuales de piezas de hierro gris nodular y acero a pedido;;Sin decisor identificado. Publicó búsquedas de Responsable de Gestión Industrial y Técnico en mantenimiento (año no confirmado). Fundada en 1975-1976;"Hola, soy [tu nombre], de COI.
Vi que Fundición Lehmann funde unas 2500 toneladas anuales de piezas de hierro gris nodular y acero a pedido.
En empresas así, cada presupuesto a medida se arma distinto y el margen real por trabajo no se ve.
COI arma los presupuestos por costo más ganancia y te muestra cuánto dejó cada trabajo.
¿Te muestro una demo con tus propios datos? Son 20 minutos.
— Si no te interesa, respondé BAJA y no te escribimos más.";búsqueda web (sesión cloud);https://fundle.com.ar/ | https://www.instagram.com/p/DPi4q3SDqUW/ | https://www.quierotrabajoya.com.ar/avisos/8656/ | https://www.cuitonline.com/detalle/30558748075/fundicion-lehmann-s-r-l.html;2026-09-26
Siembra Neumatica Srl;Next Siembra (Siembra Neumática);Rosario Sud;Desarrollo importación y venta de sistemas de distribución neumática y eléctrica para sembradoras y equipos hortícolas;B;6;Minería y energía (proveedores y contratistas);Industrial;siembraneumatica.com.ar;media;Maximiliano Donolo;Gerente comercial (prensa Agrositio);;;;Adrián Bonfiglio (gerente de ventas) / Angel Donolo (h) (socio, BO Santa Fe 2015) / Romina Ada Donolo (socia, BO Santa Fe 2015);;área comercial | vendedores | representantes;Next Siembra renovó su identidad corporativa en 2020 y comercializa sistemas de siembra eléctrica Bosch;;El dominio de entrada siembraneumaticasrl.com.ar no se confirmó: la web encontrada es siembraneumatica.com.ar. Representa marcas italianas (MaterMacc y otras). Miembro de CAFMA;"Hola Maximiliano, soy [tu nombre], de COI.
Vi que Next Siembra renovó su identidad corporativa en 2020 y comercializa sistemas de siembra eléctrica Bosch.
En empresas así, entre el trabajo en campo, la facturación en dólares y las certificaciones se pierde el control del proyecto.
COI lleva la cuenta corriente en pesos y dólares por separado y factura por anticipo y certificación de avance.
¿Te muestro una demo con tus propios datos? Son 20 minutos.
— Si no te interesa, respondé BAJA y no te escribimos más.";búsqueda web (sesión cloud);http://siembraneumatica.com.ar/ | https://maquinac.com/2020/03/siembra-neumatica-renovo-su-imagen-corporativa/ | https://www.agrositio.com.ar/canal-agrositio/agro-maquinarias/248169-siembra-electrica-variable-la-tecnologia-que-next-siembra-impulsa-en-el-90-de-las-fabricas-con-a-bonfiglio-agronomo.html | https://www.santafe.gov.ar/boletinoficial/recursos/boletines/23-07-2015contratos.html | https://cafma.org.ar/empresas/133/siembra-neumatica-srl;2026-09-26
Metalurgica Romagnoli Srl;Metalúrgica Romagnoli;Saladillo;Metalmecánica: plegado corte y soldadura de chapa montaje de galpones silos equipos agrícolas y estufas Romag;B;6;Montajes industriales y estructuras metálicas;Industrial;;baja;Marcelo Romagnoli;Socio (prensa Saladillo);;;;Ariel Romagnoli (socio) / Ricardo Romagnoli (socio);;montaje | obras;Metalúrgica Romagnoli abrió un local exclusivo de su marca Estufas Romag en Saladillo;;Sin web propia (solo Facebook). Empresa familiar de los hermanos Romagnoli con más de 40 años. Ruta Nacional 205 km 183 Saladillo. Sin teléfono verificado;"Hola Marcelo, soy [tu nombre], de COI.
Vi que Metalúrgica Romagnoli abrió un local exclusivo de su marca Estufas Romag en Saladillo.
En empresas así, el costo real de cada proyecto suele aparecer recién al cerrarlo.
COI junta presupuestos, gastos por proyecto y cobranzas en pesos y dólares, y te muestra el margen mientras el proyecto avanza.
¿Te muestro una demo con tus propios datos? Son 20 minutos.
— Si no te interesa, respondé BAJA y no te escribimos más.";búsqueda web (sesión cloud);https://www.saladillo.gob.ar/?q=content/metalurgica-romagnoli-sus-productos-calidad-prestigian-la-ciudad-saladillo | https://ahorasaladillo-diariodigital.com.ar/industria-de-saladillo-metalurgica-romagnoli-cumple-44-anos/ | https://www.abcsaladillo.com.ar/general/los-hermanos-romagnoli-abrieron-un-local-exclusivo-de-la-marca-estufas-romag/ | https://www.facebook.com/metalurgica.romagnoli/?locale=es_LA;2026-09-26
Silos Vidoret Srl;Silos Vidoret;Arteaga;Fabricación de silos, norias y equipos de mecanización para transporte y almacenaje de granos;B;6;Servicios técnicos y mantenimiento industrial;Industrial;silosvidoret.com.ar;alta;Sandro Vidoret;Director (web propia);contacto@silosvidoret.com.ar;03467 450239;sí;Román Vidoret (director, web propia);;mantenimiento;Silos Vidoret nació en mayo de 2015 tras la disolución de El Arteaguense Segundo S.R.L. y sigue su línea de productos;Revisar: sociedades del grupo familiar Vidoret de Arteaga (Agro Ganadera Vidoret SA, Vidoret Servicios Agropecuarios SA y Libemar SA) pidieron concurso preventivo en 2026. Silos Vidoret no figura entre ellas pero conviene confirmar vínculo antes de contactar;Web dice que la empresa está a cargo de los hermanos Sandro y Román Vidoret (sin cargo formal). Hay además un conflicto familiar público por una planta de acopio en Arteaga. Dato sensible: no usar en el mensaje;"Hola Sandro, soy [tu nombre], de COI.
Vi que Silos Vidoret nació en mayo de 2015 tras la disolución de El Arteaguense Segundo S.R.L. y sigue su línea de productos.
COI arma las hojas de ruta con mapa y le da a cada uno su cartera y sus tareas, también desde el celular.
¿Te muestro una demo con tus propios datos? Son 20 minutos.
— Si no te interesa, respondé BAJA y no te escribimos más.";búsqueda web (sesión cloud);http://www.silosvidoret.com.ar/empresa.php | http://www.silosvidoret.com.ar/contacto.php | https://puntobiz.com.ar/negocios/holding-del-agro-pidio-el-concurso-con-abultado-pasivo-en-dolares-2026730600 | https://puntobiz.com.ar/agro/la-paralizacion-de-un-acopio-desnuda-una-fuerte-disputa-familiar-2023824600;2026-09-26
Adobe Construcciones S.R.L.;Adobe Construcciones;Alvear;Constructora: arquitectura, obra civil, infraestructura, saneamiento, electromecánica y mantenimiento industrial;B;6;Servicios técnicos y mantenimiento industrial;Industrial;adobeconstrucciones.com.ar;media;Virginia García Riestra;Gerente (BO Santa Fe 2021);;;;;;obras | proyectos | mantenimiento;Adobe Construcciones trabaja desde 2005 en obras públicas y privadas y mantenimiento corporativo con flota propia de maquinaria pesada;Revisar tamaño: obra pública en varias provincias y flota pesada propia, directorios de terceros la ubican en 201-500 empleados (no verificado en fuente válida);Gerente designada en diciembre de 2020 en reemplazo de Carlos Adrián Bravi (dato de 2020-2021, confirmar vigencia). Email y teléfono en la página de contacto de la web (no visibles vía búsqueda). Sede en Micro Parque Industrial Ruta 9 km 280;"Hola Virginia, soy [tu nombre], de COI.
Vi que Adobe Construcciones trabaja desde 2005 en obras públicas y privadas y mantenimiento corporativo con flota propia de maquinaria pesada.
COI arma las hojas de ruta con mapa y le da a cada uno su cartera y sus tareas, también desde el celular.
¿Te muestro una demo con tus propios datos? Son 20 minutos.
— Si no te interesa, respondé BAJA y no te escribimos más.";búsqueda web (sesión cloud);https://www.adobeconstrucciones.com.ar/ | https://adobeconstrucciones.com.ar/contacto.html | https://ar.linkedin.com/company/adobe-construcciones | https://www.santafe.gob.ar/boletinoficial/ver.php?seccion=2021/2021-01-28contratos.html | https://www.cuitonline.com/detalle/30709547077/adobe-construcciones-s.r.l.html;2026-09-26
Avellaneda Transmisiones Industriales S.A.S.;ATI;Piñeyro;Comercialización, reparación y mecanizado de componentes de transmisión mecánica;B;6;Metalúrgicas / metalmecánica a pedido;Emprendedor / Industrial;atitransmisiones.com.ar;alta;Lucas Chavarría;Socio gerente (LinkedIn);ventas@atitransmisiones.com.ar;011 3989-9004;sí;Matías Nicolás Chavarría (socio);;mantenimiento;ATI abastece elementos de transmisión a industrias de todo el país desde 1977;;Empresa familiar. El 011 3989-9004 es el número comercial publicado;"Hola Lucas, soy [tu nombre], de COI.
Vi que ATI abastece elementos de transmisión a industrias de todo el país desde 1977.
En empresas así, cada presupuesto a medida se arma distinto y el margen real por trabajo no se ve.
COI arma los presupuestos por costo más ganancia y te muestra cuánto dejó cada trabajo.
¿Te muestro una demo con tus propios datos? Son 20 minutos.
— Si no te interesa, respondé BAJA y no te escribimos más.";búsqueda web (sesión cloud);https://www.linkedin.com/in/lucas-chavarr%C3%ADa-6a7bb0143/ | https://www.atitransmisiones.com.ar/ | https://www.facebook.com/atitransmisiones/ | https://www.dateas.com/en-us/empresa/avellaneda-transmisiones-industriales-sas-30716169231;2026-09-26
Acoplados Rurales S.A.;Conese;Correa;Fabricación de tolvas, acoplados, cisternas, jaulas y equipos de transporte agrícola;B;6;Metalúrgicas / metalmecánica a pedido;Emprendedor / Industrial;conese.com.ar;alta;Elizabet Graciela Arauz;Presidente (BO Santa Fe 2009);ventas@acopladosconese.com.ar;0341 216-0948;sí;Mario Joaquín Camilo Conese (accionista, BO Santa Fe 2019);;representantes;Conese cumple 70 años fabricando equipos de transporte para el agro en Correa;;Ex Acoplados Conese S.A. (cambio de nombre 2009). Cargo de 2009: verificar vigencia. Nota de prensa 2026 sobre su red comercial;"Hola Elizabet, soy [tu nombre], de COI.
Vi que Conese cumple 70 años fabricando equipos de transporte para el agro en Correa.
En empresas así, cada presupuesto a medida se arma distinto y el margen real por trabajo no se ve.
COI arma los presupuestos por costo más ganancia y te muestra cuánto dejó cada trabajo.
¿Te muestro una demo con tus propios datos? Son 20 minutos.
— Si no te interesa, respondé BAJA y no te escribimos más.";búsqueda web (sesión cloud);https://www.santafe.gob.ar/boletinoficial/ver.php?seccion=22-07-2009contratos.html | https://www.santafe.gov.ar/boletinoficial/ver.php?seccion=2019%2F2019-11-22contratos.html | https://conese.com.ar/contacto | https://acopladosconese.com.ar/ | https://campoparatodos.com.ar/2026/05/21/acoplados-conese-innovacion-trayectoria-y-una-red-que-impulsa-al-campo-argentino/;2026-09-26
Establecimiento Minero Sofia S A;Minera Sofía;Elena;Canteras: extracción, molienda y clasificación de minerales para agro, construcción, industria, nutrición animal y piedras decorativas;B;6;Minería y energía (proveedores y contratistas);Industrial;minerasofia.com;alta;Laura Boatti;CEO (web propia y Comisión Directiva CEMINCOR);info@minerasofia.com;+54 9 358 4881155;sí;;;minería | búsqueda laboral;Minera Sofía busca gerente de logística e ingeniero junior para su operación de canteras en Elena;;Ruta Nacional 36 km 664 Elena. Empresa familiar fundada en 1998. El teléfono es el número de contacto que publica la empresa (móvil comercial). Año de las búsquedas laborales no visible;"Hola Laura, soy [tu nombre], de COI.
Vi que Minera Sofía busca gerente de logística e ingeniero junior para su operación de canteras en Elena.
En empresas así, entre el trabajo en campo, la facturación en dólares y las certificaciones se pierde el control del proyecto.
COI lleva la cuenta corriente en pesos y dólares por separado y factura por anticipo y certificación de avance.
¿Te muestro una demo con tus propios datos? Son 20 minutos.
— Si no te interesa, respondé BAJA y no te escribimos más.";búsqueda web (sesión cloud);https://minerasofia.com/ | https://minerasofia.com/quienes-somos/ | https://minerasofia.com/buscamos-gerente-de-logistica/ | https://minerasofia.com/buscamos-ingenierojr/ | https://cemincor.org.ar/comision-directiva/;2026-09-26
Industria Metalurgica T.C.F. Cordoba S.A.;TCF;Camilo Aldao;Fabricación de acoplados jaula para hacienda, equinos y porcinos;B;6;Metalúrgicas / metalmecánica a pedido;Emprendedor / Industrial;;baja;Marcelo Cena;Socio (razón social TCF Industrias Cena de José Cena y Marcelo Cena, Cuit Online);;;;José Cena (socio) / Daniel Andrés Cena (publica el catálogo TCF en LinkedIn, cargo no verificado);;vendedores;TCF fabrica acoplados jaula para hacienda con un sistema doble propósito patentado;;El dominio industriascena.com.ar no apareció, la web visible es un sitio Wix (danicena3.wixsite.com/tcfweb). Los socios figuran en una sociedad vinculada, no en la S.A. Socia de la Cámara de Industriales Metalúrgicos de Córdoba;"Hola Marcelo, soy [tu nombre], de COI.
Vi que TCF fabrica acoplados jaula para hacienda con un sistema doble propósito patentado.
En empresas así, cada presupuesto a medida se arma distinto y el margen real por trabajo no se ve.
COI arma los presupuestos por costo más ganancia y te muestra cuánto dejó cada trabajo.
¿Te muestro una demo con tus propios datos? Son 20 minutos.
— Si no te interesa, respondé BAJA y no te escribimos más.";búsqueda web (sesión cloud);https://metalurgicoscba.com.ar/empresas-socias/industria-metalurgica-tcf-cordoba-sa | https://www.cuitonline.com/detalle/30707946284/t-c-f-industrias-cena-de-jose-cena-y-marcelo-cena.html | https://www.linkedin.com/posts/daniel-andres-cena-6081a4111_catalogo-tcf-industrias-cena-activity-6469317308467724289-LbJ3 | https://danicena3.wixsite.com/tcfweb/acoplados-jaula-caballos | https://www.facebook.com/industriatcf/;2026-09-26
Metalurgica Cesca S.R.L.;Metalúrgica Cesca;San Francisco;Fabricación de válvulas, engranajes y accesorios oleohidráulicos para el agro;C;5;Metalúrgicas / metalmecánica a pedido;Emprendedor / Industrial;metalurgicacesca.com.ar;media;;;;(03564) 44-5959;sí;;;exportación | expansión;Metalúrgica Cesca fabrica válvulas y accesorios oleohidráulicos para el agro en el parque industrial de San Francisco, en una planta en continua ampliación;;Sin decisor con nombre: la empresa la fundó Roberto Cesca en 1961 y hoy la llevan sus hijos. Exporta en forma ocasional. También publica (03564) 42-0924. Existe otra firma Cesca S.A. en el mismo parque industrial;"Hola, soy [tu nombre], de COI.
Vi que Metalúrgica Cesca fabrica válvulas y accesorios oleohidráulicos para el agro en el parque industrial de San Francisco, en una planta en continua ampliación.
En empresas así, cada presupuesto a medida se arma distinto y el margen real por trabajo no se ve.
COI arma los presupuestos por costo más ganancia y te muestra cuánto dejó cada trabajo.
¿Te muestro una demo con tus propios datos? Son 20 minutos.
— Si no te interesa, respondé BAJA y no te escribimos más.";búsqueda web (sesión cloud);https://www.metalurgicacesca.com.ar/ | https://www.exportadoresdecordoba.com/empresas/metal%C3%BArgica-cesca-srl-2714.html | https://empresas.parqueindustrialsanfrancisco.com/empresas/metalurgica-cesca-srl-75/;2026-09-26
Fundicion Santiago Martinez S.A.;FSM;Granadero Baigorria;Fundición de piezas de hierro gris y nodular (maquinaria agrícola, autopartes);C;5;Metalúrgicas / metalmecánica a pedido;Emprendedor / Industrial;fundicionsm.com.ar;alta;Ignacio Boero;Conduce la empresa desde su reactivación en 2015 (La Capital 2025);mcasile@fundicionsm.com.ar;;;;;expansión | búsqueda laboral | renovables;FSM volvió a encender su horno en 2015 y anunció 40 nuevos puestos y un parque solar en techos;Vinculada a Carlos Boero S.A. (fabricante de maquinaria agrícola): revisar si decide la fundición o el grupo;El email mcasile@ figura textual en la página de contacto (cargo no indicado). La web solo publica celulares, por eso el teléfono queda vacío. Unas 80 familias trabajaban en 2015;"Hola, soy [tu nombre], de COI.
Vi que FSM volvió a encender su horno en 2015 y anunció 40 nuevos puestos y un parque solar en techos.
En empresas así, cada presupuesto a medida se arma distinto y el margen real por trabajo no se ve.
COI arma los presupuestos por costo más ganancia y te muestra cuánto dejó cada trabajo.
¿Te muestro una demo con tus propios datos? Son 20 minutos.
— Si no te interesa, respondé BAJA y no te escribimos más.";búsqueda web (sesión cloud);https://fundicionsm.com.ar/contacto/ | https://carlosboero.com.ar/fsm-anuncio-inicio-de-nueva-etapa/ | https://www.lacapital.com.ar/la-region/fundicion-santiago-martinez-una-historia-resiliencia-y-exito-la-industria-metalurgica-regional-n10192759.html | https://elborne.com.ar/2025/04/21/fsm-de-la-crisis-al-liderazgo-en-la-fundicion-de-piezas-metalicas/;2026-09-26
Industria Metalurgica Sak E Hijos S.R.L.;Metalúrgica Sak;Crespo;Fabricación, reparación y montaje de maquinaria en acero inoxidable para la industria alimentaria y agro;C;5;Montajes industriales y estructuras metálicas;Industrial;metalurgicasak.com.ar;alta;;;info@metalurgicasak.com.ar;+54 343 4951731;sí;;;montaje | mantenimiento;Metalúrgica Sak fabrica desde 2007 cintas transportadoras, tolvas y picadoras de forraje en acero inoxidable;;Radicada en el Parque Industrial Crespo. Decisor no verificado;"Hola, soy [tu nombre], de COI.
Vi que Metalúrgica Sak fabrica desde 2007 cintas transportadoras, tolvas y picadoras de forraje en acero inoxidable.
En empresas así, el costo real de cada proyecto suele aparecer recién al cerrarlo.
COI junta presupuestos, gastos por proyecto y cobranzas en pesos y dólares, y te muestra el margen mientras el proyecto avanza.
¿Te muestro una demo con tus propios datos? Son 20 minutos.
— Si no te interesa, respondé BAJA y no te escribimos más.";búsqueda web (sesión cloud);http://metalurgicasak.com.ar/ | https://parqueindustrial.crespo.gob.ar/industria-metalurgica-sak-e-hijos/ | https://www.cuitonline.com/detalle/30709936707/industria-metalurgica-sak-e-hijos-s.r.l.html;2026-09-26
Mq Instalaciones Srl;MQ Instalaciones;San Lorenzo;Estructuras metálicas, tanques y montajes industriales;C;5;Montajes industriales y estructuras metálicas;Industrial;mqinstalaciones.com.ar;alta;;;info@mqinstalaciones.com.ar;(03476) 426503;sí;;;obras | montaje;MQ Instalaciones fabrica estructuras metálicas, tanques y depósitos desde San Lorenzo;;La página de contacto menciona un socio gerente sin nombre. Rubro tomado de directorios (Dunsguide), no de la web;"Hola, soy [tu nombre], de COI.
Vi que MQ Instalaciones fabrica estructuras metálicas, tanques y depósitos desde San Lorenzo.
En empresas así, el costo real de cada proyecto suele aparecer recién al cerrarlo.
COI junta presupuestos, gastos por proyecto y cobranzas en pesos y dólares, y te muestra el margen mientras el proyecto avanza.
¿Te muestro una demo con tus propios datos? Son 20 minutos.
— Si no te interesa, respondé BAJA y no te escribimos más.";búsqueda web (sesión cloud);http://mqinstalaciones.com.ar/contacto | https://www.dunsguide.com.ar/company/23bd71c6e4f74a3820ab1b5d3fe111a4/mq-instalaciones-srl | https://www.cuitonline.com/detalle/30710399189/mq-instalaciones-srl.html;2026-09-26
Neo Montajes S.A.S.;Neo Montajes;Rosario Norte;Ingeniería, integración y ejecución de proyectos de protección contra incendio e infraestructura electromecánica industrial;C;5;Montajes industriales y estructuras metálicas;Industrial;;baja;;;;;;;;proyectos | montaje;Neo Montajes integra y ejecuta proyectos de protección contra incendio junto a ASEC Rosario;;Integra el grupo de ASEC Rosario (distribuidor Honeywell). No se confirmó la web neomontajes.com.ar. Tiene LinkedIn e Instagram. Decisor no encontrado;"Hola, soy [tu nombre], de COI.
Vi que Neo Montajes integra y ejecuta proyectos de protección contra incendio junto a ASEC Rosario.
En empresas así, el costo real de cada proyecto suele aparecer recién al cerrarlo.
COI junta presupuestos, gastos por proyecto y cobranzas en pesos y dólares, y te muestra el margen mientras el proyecto avanza.
¿Te muestro una demo con tus propios datos? Son 20 minutos.
— Si no te interesa, respondé BAJA y no te escribimos más.";búsqueda web (sesión cloud);https://asecrosario.com.ar/empresa/ | https://ar.linkedin.com/company/neo-montajes | https://www.cuitonline.com/detalle/30716708019/neo-montajes-s.a.s.html;2026-09-26
Ferreteria Industrial Aguilar S.A.;Ferretería Aguilar;Posadas;Ferretería industrial: máquinas, herramientas e insumos para constructoras, industrias y profesionales;C;5;Distribuidoras de insumos industriales;Emprendedor;ferreteriaaguilar.com.ar;media;Silvio Aguilar;Presidente (MisionesOnline 2024);;(0376) 4456333;sí;Mauricio Aguilar (segunda generación) / Daniel Aguilar (familia propietaria);;expansión;Ferretería Aguilar inauguró en 2024 un local de más de 1.000 m2 sobre Ruta 12 al cumplir 44 años;Revisar: también vende a consumidor final (local tipo shopping);Empresa familiar fundada en 1980;"Hola Silvio, soy [tu nombre], de COI.
Vi que Ferretería Aguilar inauguró en 2024 un local de más de 1.000 m2 sobre Ruta 12 al cumplir 44 años.
En empresas así, con un catálogo técnico grande, el seguimiento de cada cotización y la cuenta corriente por moneda se desordenan.
COI une pipeline, catálogo de productos y cuenta corriente en pesos y dólares.
¿Te muestro una demo con tus propios datos? Son 20 minutos.
— Si no te interesa, respondé BAJA y no te escribimos más.";búsqueda web (sesión cloud);https://misionesonline.net/2024/10/02/ferreteria-aguilar/ | https://portaldelinversor.posadas.gob.ar/2024/10/02/ferreteria-industrial-aguilar-celebro-la-apertura-de-su-nuevo-local-en-posadas-y-su-44-aniversario/ | https://www.ferreteriaaguilar.com.ar/;2026-09-26
Verona Revestimientos S.R.L.;Verona Revestimientos;Rosario Norte;Venta mayorista y minorista de piedras, lajas, mármoles, adoquines y revestimientos;C;5;Pisos y revestimientos industriales;Industrial;veronarevestimientos.com;media;;;;0341 4562551;sí;;;obras;Verona Revestimientos provee piedras y revestimientos a constructoras y municipios como Rosario y Casilda;Revisar: comercio de materiales que también vende a consumidor final (no industrial);Más de 40 años en el rubro. Teléfono de directorio. Decisor no encontrado;"Hola, soy [tu nombre], de COI.
Vi que Verona Revestimientos provee piedras y revestimientos a constructoras y municipios como Rosario y Casilda.
En empresas así, cotizar cada proyecto y cobrar anticipo más avance se vuelve un lío de planillas.
COI cotiza por proyecto y factura por anticipo y certificación de avance.
¿Te muestro una demo con tus propios datos? Son 20 minutos.
— Si no te interesa, respondé BAJA y no te escribimos más.";búsqueda web (sesión cloud);https://veronarevestimientos.com/nosotros/ | https://www.portal-industrial.com.ar/empresa/verona-revestimientos-srl/39676/ | https://www.argentino.com.ar/verona-revestimientos-srl-F1109C80612D6;2026-09-26
Metalurgica Fiorito S R L;Metalúrgica Fiorito;Parana;Cerramientos metálicos cubiertas aberturas y alquiler de grúas;C;5;Montajes industriales y estructuras metálicas;Industrial;metalurgicafiorito.com.ar;media;;;;0343 435-3559;sí;Sergio (gerente, apellido no confirmado) / Nelson Fiorito (socio contador);;montaje | obras;Metalúrgica Fiorito ofrece soluciones integrales en cerramientos metálicos y cubiertas desde Paraná;;Nombres tomados de la historia en la web (dato posiblemente viejo). Teléfono de directorio. Av. de las Américas 4047 Paraná;"Hola, soy [tu nombre], de COI.
Vi que Metalúrgica Fiorito ofrece soluciones integrales en cerramientos metálicos y cubiertas desde Paraná.
En empresas así, el costo real de cada proyecto suele aparecer recién al cerrarlo.
COI junta presupuestos, gastos por proyecto y cobranzas en pesos y dólares, y te muestra el margen mientras el proyecto avanza.
¿Te muestro una demo con tus propios datos? Son 20 minutos.
— Si no te interesa, respondé BAJA y no te escribimos más.";búsqueda web (sesión cloud);https://metalurgicafiorito.com.ar/nosotros/ | https://metalurgicafiorito.com.ar/ | https://www.parana.com.ar/metalurgica-fiorito | https://www.cuitonline.com/detalle/30681108315/metalurgica-fiorito-s-r-l.html;2026-09-26
ANDROETTO ESTRUCTURAS METALICAS SRL;Androetto;ZENON PEREYRA;Fabricación y montaje de naves industriales, galpones, techos y estructuras metálicas;C;5;Montajes industriales y estructuras metálicas;Industrial;androetto.com.ar;alta;;;ventas@androetto.com.ar;03564 49-2639;sí;Ricardo Androetto (fundador, 1974);;obras | montaje | proyectos;Androetto monta naves industriales en 13 días sin soldadura en obra;;También publica anteproyectos@androetto.com.ar y compras@androetto.com. Sin decisor actual confirmado;"Hola, soy [tu nombre], de COI.
Vi que Androetto monta naves industriales en 13 días sin soldadura en obra.
En empresas así, el costo real de cada proyecto suele aparecer recién al cerrarlo.
COI junta presupuestos, gastos por proyecto y cobranzas en pesos y dólares, y te muestra el margen mientras el proyecto avanza.
¿Te muestro una demo con tus propios datos? Son 20 minutos.
— Si no te interesa, respondé BAJA y no te escribimos más.";búsqueda web (sesión cloud);https://androetto.com.ar/contacto | http://androetto.com.ar/nosotros | https://martinbustamante.com/una-nave-industrial-en-13-dias-asi-trabaja-androetto-estructuras-metalicas/ | https://www.cuitonline.com/detalle/30708932805/androetto-estructuras-metalicas-srl.html;2026-09-26
Industrias Metalurgicas Case S.R.L.;CASE Metalúrgica;Rosario Sud;Fabrica máquinas y dispositivos especiales, matrices y moldes de termoformado para la industria de refrigeración;C;5;Metalúrgicas / metalmecánica a pedido;Emprendedor / Industrial;industriacase.com;alta;;;info@industriacase.com;(0341) 462-5329;sí;;;proyectos;CASE Metalúrgica fabrica máquinas especiales y moldes para fabricantes de heladeras y freezers;;Calle 511 3122 Rosario. Otro tel (0341) 466-6278. Directorios mencionan también imcasesrl.com.ar. Sin decisor identificado;"Hola, soy [tu nombre], de COI.
Vi que CASE Metalúrgica fabrica máquinas especiales y moldes para fabricantes de heladeras y freezers.
En empresas así, cada presupuesto a medida se arma distinto y el margen real por trabajo no se ve.
COI arma los presupuestos por costo más ganancia y te muestra cuánto dejó cada trabajo.
¿Te muestro una demo con tus propios datos? Son 20 minutos.
— Si no te interesa, respondé BAJA y no te escribimos más.";búsqueda web (sesión cloud);http://industriacase.com/ | http://industriacase.com/contacto.php | http://industriacase.com/empresa.php | https://www.instagram.com/case.metalurgica/;2026-09-26
Serind Servicios Industriales S R L;Serind;Rafaela;Metalmecánica de servicios industriales: ingeniería de procesos, construcción de equipos, montajes, mantenimiento y aislaciones;C;5;Montajes industriales y estructuras metálicas;Industrial;serind.com.ar;media;;;;(03492) 42-3537;sí;;;montaje | mantenimiento | obras | proyectos;Serind diseña y monta plantas de proceso completas y hace mantenimiento integral de planta en Rafaela;;Necochea 764 Rafaela. Sin email publicado encontrado. Sin decisor identificado. Ojo homónimos (serind.com.do, serviciosindustrialesserind.com);"Hola, soy [tu nombre], de COI.
Vi que Serind diseña y monta plantas de proceso completas y hace mantenimiento integral de planta en Rafaela.
En empresas así, el costo real de cada proyecto suele aparecer recién al cerrarlo.
COI junta presupuestos, gastos por proyecto y cobranzas en pesos y dólares, y te muestra el margen mientras el proyecto avanza.
¿Te muestro una demo con tus propios datos? Son 20 minutos.
— Si no te interesa, respondé BAJA y no te escribimos más.";búsqueda web (sesión cloud);http://www.serind.com.ar/ | http://www.serind.com.ar/empresa.php | https://www.argentino.com.ar/serind-F1109C50313D9;2026-09-26
Industrial Metalmecanica S A;IMSA;San Miguel De Tucuman;Fundición (acero, inoxidable, bronce, nodular), mecanizado semipesado y repuestos para ingenios azucareros;C;5;Metalúrgicas / metalmecánica a pedido;Emprendedor / Industrial;imsatuc.com.ar;media;;;;0381 424-2000;sí;;;mantenimiento | proyectos;IMSA fabrica y repara componentes para ingenios azucareros con más de 100 años de historia;Revisar tamaño antes de contactar (empresa familiar centenaria que atiende grandes plantas);Certificada ISO 9001. Figura en la oferta exportable del IDEP. Sin decisor identificado;"Hola, soy [tu nombre], de COI.
Vi que IMSA fabrica y repara componentes para ingenios azucareros con más de 100 años de historia.
En empresas así, cada presupuesto a medida se arma distinto y el margen real por trabajo no se ve.
COI arma los presupuestos por costo más ganancia y te muestra cuánto dejó cada trabajo.
¿Te muestro una demo con tus propios datos? Son 20 minutos.
— Si no te interesa, respondé BAJA y no te escribimos más.";búsqueda web (sesión cloud);https://www.imsatuc.com.ar/ | https://imsatuc.com.ar/nosotros | https://idep.gov.ar/oferta_exportable/industrial-metalmecanica-s-a/ | https://www.cylex.com.ar/san-miguel-de-tucuman/imsa---industrial-metalmecanica-sa-11116529.html;2026-09-26
Dragon Metalurgica S R L;Dragón Metalúrgica;Las Parejas;Fundición de hierro gris y nodular para maquinaria agrícola y autopartes;C;5;Metalúrgicas / metalmecánica a pedido;Emprendedor / Industrial;fundicionnodular.com;alta;;;administracion@dragonmetalurgica.com.ar;03471 47-0783;sí;;30-40 (Maquinac);;Dragón Metalúrgica funde piezas de hierro nodular con sistema de calidad certificado ISO 9001;;El dominio dragonsrl.com.ar no apareció, la web es fundicionnodular.com. Email tomado del listado de fundiciones asociadas (verificar). Planta de 4.500 m2;"Hola, soy [tu nombre], de COI.
Vi que Dragón Metalúrgica funde piezas de hierro nodular con sistema de calidad certificado ISO 9001.
En empresas así, cada presupuesto a medida se arma distinto y el margen real por trabajo no se ve.
COI arma los presupuestos por costo más ganancia y te muestra cuánto dejó cada trabajo.
¿Te muestro una demo con tus propios datos? Son 20 minutos.
— Si no te interesa, respondé BAJA y no te escribimos más.";búsqueda web (sesión cloud);https://maquinac.com/empresas/dragon-metalurgica/ | http://fundicionnodular.com/ | https://www.fundidores.org.ar/empresas-de-fundicion-2/ | https://www.paginasamarillas.com.ar/fichas/dragon-metalurgica-srl-fundicion-nodular_12754581;2026-09-26
METAL LINE SRL;Metal Line;CORDOBA;Estructuras metálicas, galpones, cortinas metálicas y corte y plegado de chapa;C;5;Montajes industriales y estructuras metálicas;Industrial;;baja;;;;0351 466-8141;sí;;;obras;Metal Line fabrica estructuras metálicas, galpones y tinglados en Córdoba;;Sin web propia (Instagram @metal_line1). Teléfono de directorio. Domicilio F. de Arteaga 2655, Villa Adela;"Hola, soy [tu nombre], de COI.
Vi que Metal Line fabrica estructuras metálicas, galpones y tinglados en Córdoba.
En empresas así, el costo real de cada proyecto suele aparecer recién al cerrarlo.
COI junta presupuestos, gastos por proyecto y cobranzas en pesos y dólares, y te muestra el margen mientras el proyecto avanza.
¿Te muestro una demo con tus propios datos? Son 20 minutos.
— Si no te interesa, respondé BAJA y no te escribimos más.";búsqueda web (sesión cloud);https://www.cuitonline.com/detalle/30709935875/metal-line-s-r-l.html | https://www.argentino.com.ar/metal-line-estructuras-metalicas-F1007C40312D7 | https://empresasdecordoba.com/pagina/Metal-Line-Estructuras-Metalicas/ | https://www.instagram.com/metal_line1/?hl=es-la;2026-09-26
Metalurgica Bemar S A;Bemar;Lanus;Fabricación de cadenas transportadoras, ruedas dentadas y noria para frigoríficos e industria;C;5;Montajes industriales y estructuras metálicas;Industrial;metalurgicabemar.com.ar;media;;;metalurgicabemar@live.com.ar;011 4208-1519;sí;;;montaje;Bemar fabrica cadenas transportadoras y ruedas dentadas desde 1962;;Planta en Boquerón 2075, Valentín Alsina (Lanús). Directorio publicado en BO 2012 cesó ese año, sin decisor actual verificado;"Hola, soy [tu nombre], de COI.
Vi que Bemar fabrica cadenas transportadoras y ruedas dentadas desde 1962.
En empresas así, el costo real de cada proyecto suele aparecer recién al cerrarlo.
COI junta presupuestos, gastos por proyecto y cobranzas en pesos y dólares, y te muestra el margen mientras el proyecto avanza.
¿Te muestro una demo con tus propios datos? Son 20 minutos.
— Si no te interesa, respondé BAJA y no te escribimos más.";búsqueda web (sesión cloud);https://metalurgicabemar.com.ar/ | https://www.paginasamarillas.com.ar/fichas/metalurgica-bemar-sa_10439912 | https://www.dateas.com/en-us/bora/2012/10/10/metalurgica-bemar-sa-85519;2026-09-26
Metalurgica Integral S R L;Metalúrgica Integral;Villa Constitucion;Fabricación de piezas industriales, tornería, matricería y mantenimiento de máquinas;C;5;Metalúrgicas / metalmecánica a pedido;Emprendedor / Industrial;metalurgicaintegralsrl.com;media;;;;;;;;mantenimiento;Metalúrgica Integral fabrica piezas y mantiene equipos industriales en Villa Constitución desde 1976;;Sin decisor ni canal verificado. Ruta 21 km 245;"Hola, soy [tu nombre], de COI.
Vi que Metalúrgica Integral fabrica piezas y mantiene equipos industriales en Villa Constitución desde 1976.
En empresas así, cada presupuesto a medida se arma distinto y el margen real por trabajo no se ve.
COI arma los presupuestos por costo más ganancia y te muestra cuánto dejó cada trabajo.
¿Te muestro una demo con tus propios datos? Son 20 minutos.
— Si no te interesa, respondé BAJA y no te escribimos más.";búsqueda web (sesión cloud);http://www.metalurgicaintegralsrl.com/ | https://www.cuitonline.com/detalle/30566841009/metalurgica-integral-s-r-l.html | https://miguiaargentina.com.ar/empresas/metalurgica-integral-srl.html;2026-09-26
Transmisiones Ges Srl;GES;Haedo;Fábrica de correas y poleas dentadas para transmisión de potencia;C;4;Distribuidoras de insumos industriales;Emprendedor;ges.com.ar;media;Germán Facundo Rocca;Gerente (registro societario, sin año);;;;;;;GES fabrica correas y poleas dentadas en Haedo desde 1959 y ofrece asesoramiento técnico con su propio departamento de ingeniería;;Gerente tomado de datos de inscripción societaria vistos en búsqueda, verificar en Boletín Oficial. Teléfono publicado incompleto en directorio: (011) 4659-16..;"Hola German, soy [tu nombre], de COI.
Vi que GES fabrica correas y poleas dentadas en Haedo desde 1959 y ofrece asesoramiento técnico con su propio departamento de ingeniería.
En empresas así, con un catálogo técnico grande, el seguimiento de cada cotización y la cuenta corriente por moneda se desordenan.
COI une pipeline, catálogo de productos y cuenta corriente en pesos y dólares.
¿Te muestro una demo con tus propios datos? Son 20 minutos.
— Si no te interesa, respondé BAJA y no te escribimos más.";búsqueda web (sesión cloud);http://www.ges.com.ar/ | https://www.cuitonline.com/detalle/30711720436/transmisiones-ges-srl.html | https://ar.linkedin.com/in/ges-transmisiones-4b1824310;2026-09-26
Pablo Ariel Srl (Frigorífico Epuyen);Pablo Ariel / Frigorífico Epuyen;Rosario Norte;Transporte y logística refrigerada del Frigorífico Epuyen (pescado congelado de río y mar);C;4;Agroindustria (proveedores de servicios/insumos);Emprendedor / Industrial;frigorificoepuyensa.com.ar;media;;;;(03436) 425063;sí;;;exportación;Frigorífico Epuyen exporta pescado congelado a más de 13 destinos y distribuye con flota propia de más de 35 camiones de Pablo Ariel SRL;Pablo Ariel SRL es la empresa de transporte del grupo Frigorífico Epuyen SA (Victoria, Entre Ríos). Revisar si el objetivo es la transportista o el frigorífico;Web y teléfono son del Frigorífico Epuyen SA (Av. Belgrano 390 Victoria ER). La web publica el teléfono como +53 (03436) 425063 (prefijo mal escrito). Sin decisor identificado. Hay un empleado en LinkedIn sin cargo claro;"Hola, soy [tu nombre], de COI.
Vi que Frigorífico Epuyen exporta pescado congelado a más de 13 destinos y distribuye con flota propia de más de 35 camiones de Pablo Ariel SRL.
En empresas así, con ventas en el campo y cobranzas con cheques, cuesta saber qué se vendió y qué se cobró.
COI junta ventas, cuentas corrientes y control de cheques en un solo lugar.
¿Te muestro una demo con tus propios datos? Son 20 minutos.
— Si no te interesa, respondé BAJA y no te escribimos más.";búsqueda web (sesión cloud);https://frigorificoepuyensa.com.ar/logistica.html | https://www.cuitonline.com/detalle/33709298769/pablo-ariel-srl.html | https://frigorificoepuyensa.com.ar/;2026-09-26
Industrias Esperanza S.R.L.;Establecimiento Esperanza;Bigand;Fabricación de máquinas para lavaderos industriales lavanderías hospitales y hoteles;C;4;Metalúrgicas / metalmecánica a pedido;Emprendedor / Industrial;establecimientoesperanza.com;alta;;;vla@establecimientoesperanza.com;+54 9 341 324-2494;sí;;;minería;Establecimiento Esperanza fabrica equipos para lavaderos industriales desde 1932 en el Parque Industrial Bigand;;Empresa familiar. Sin decisor identificado. El teléfono es celular publicado por la empresa como contacto comercial (confirmar si es WhatsApp comercial). vla@ parece casilla de una persona. Figura en ExportArgentina (posible exportador, no confirmado). También usa establecimientoesperanza.com.ar;"Hola, soy [tu nombre], de COI.
Vi que Establecimiento Esperanza fabrica equipos para lavaderos industriales desde 1932 en el Parque Industrial Bigand.
En empresas así, cada presupuesto a medida se arma distinto y el margen real por trabajo no se ve.
COI arma los presupuestos por costo más ganancia y te muestra cuánto dejó cada trabajo.
¿Te muestro una demo con tus propios datos? Son 20 minutos.
— Si no te interesa, respondé BAJA y no te escribimos más.";búsqueda web (sesión cloud);https://www.establecimientoesperanza.com/la-empresa/ | https://www.facebook.com/EsperanzaDesde1932/ | https://exportargentina.org.ar/companies/4728 | https://connectamericas.com/es/company/industrias-esperanza-srl;2026-09-26
Metalurgica Liderar S.A.;Metalúrgica Liderar;Rosario Sud;Fabricación de maquinaria y equipos de uso especial;C;4;Metalúrgicas / metalmecánica a pedido;Emprendedor / Industrial;;baja;Bruno Luciano Scarlato;Presidente (BO Santa Fe 2024 - asamblea 2023);;0341 432-2115;sí;Francisco Javier Gutierrez (vicepresidente) / Jose Mario Dominguez (presidente según LinkedIn);;;Metalúrgica Liderar fabrica maquinaria y equipos de uso especial en Rosario desde 2006;Datos contradictorios sobre el presidente (BO vs LinkedIn): confirmar decisor antes de contactar;Dominio de entrada metalurgicaliderar.com no confirmado en búsquedas. Teléfono de directorio (abctelefonos). Actividad según inscripción AFIP. Domicilio Suipacha 3645 Rosario;"Hola Bruno, soy [tu nombre], de COI.
Vi que Metalúrgica Liderar fabrica maquinaria y equipos de uso especial en Rosario desde 2006.
En empresas así, cada presupuesto a medida se arma distinto y el margen real por trabajo no se ve.
COI arma los presupuestos por costo más ganancia y te muestra cuánto dejó cada trabajo.
¿Te muestro una demo con tus propios datos? Son 20 minutos.
— Si no te interesa, respondé BAJA y no te escribimos más.";búsqueda web (sesión cloud);https://www.santafe.gob.ar/boletinoficial/ver.php?seccion=2024%2F2024-04-19contratos.html | https://ar.linkedin.com/in/jose-mario-dominguez-aa4244118 | https://www.abctelefonos.com/metalurgica_liderar_sa_ar_3181033 | https://www.cuitonline.com/detalle/30709770302/metalurgica-liderar-s.a.html;2026-09-26
Rodamientos Caroya S A;Caroya;Jesus Maria;Distribución de rodamientos, autopartes e insumos industriales (SKF, Dayco, Loctite y otras marcas);C;4;Distribuidoras de insumos industriales;Emprendedor;rodamientoscaroya.com.ar;alta;;;rcjm@rccaroya.com.ar;03525 421045;sí;;;expansión;Caroya distribuye rodamientos y autopartes con sucursales en Jesús María, Córdoba capital, Santiago del Estero y Catamarca;;Web principal rodamientoscaroya.com.ar (el dominio rccaroya.com.ar se usa para email). WhatsApp comercial publicado 3525 456536. Decisor no confirmado en fuente válida;"Hola, soy [tu nombre], de COI.
Vi que Caroya distribuye rodamientos y autopartes con sucursales en Jesús María, Córdoba capital, Santiago del Estero y Catamarca.
En empresas así, con un catálogo técnico grande, el seguimiento de cada cotización y la cuenta corriente por moneda se desordenan.
COI une pipeline, catálogo de productos y cuenta corriente en pesos y dólares.
¿Te muestro una demo con tus propios datos? Son 20 minutos.
— Si no te interesa, respondé BAJA y no te escribimos más.";búsqueda web (sesión cloud);https://www.rodamientoscaroya.com.ar/contacto | https://www.rodamientoscaroya.com.ar/sucursales | https://www.facebook.com/RCaroya/;2026-09-26
Maxima Energia S R L;Máxima Energía;Rosario Norte;Comercialización y distribución mayorista de combustibles líquidos con flota propia de camiones;C;4;Minería y energía (proveedores y contratistas);Industrial;maximaenergia.com.ar;alta;;;info@maximaenergia.com.ar;03476 460773;sí;;;;Máxima Energía distribuye combustibles desde 2002 a estaciones de servicio, transportistas y productores agropecuarios;Revisar: distribuidora de combustibles que abastece estaciones de servicio, no es proveedor industrial ni contratista de energía;Domicilio fiscal en Zelaya 2155 Rosario (CUIT 30-70799598-6, contrato 2002) y oficinas comerciales en Totoras según la web: coincide la fecha de inicio pero confirmar que sea la misma sociedad. Decisor no encontrado;"Hola, soy [tu nombre], de COI.
Vi que Máxima Energía distribuye combustibles desde 2002 a estaciones de servicio, transportistas y productores agropecuarios.
En empresas así, entre el trabajo en campo, la facturación en dólares y las certificaciones se pierde el control del proyecto.
COI lleva la cuenta corriente en pesos y dólares por separado y factura por anticipo y certificación de avance.
¿Te muestro una demo con tus propios datos? Son 20 minutos.
— Si no te interesa, respondé BAJA y no te escribimos más.";búsqueda web (sesión cloud);http://www.maximaenergia.com.ar/quienes-somos.html | http://www.maximaenergia.com.ar/contacto.html | https://w20argentina.com/empresa/maxima-energia-s-r-l-30707995986;2026-09-26
Establecimiento Industrial Rattini S.A.;Rattini;Rio Cuarto;Fabricación de reductores de velocidad y cajas de transmisión para agro, minería y plantas de hormigón;C;4;Minería y energía (proveedores y contratistas);Industrial;rattini.com.ar;media;Darío (familia Rattini);Conduce la empresa junto a Dionisio y Cristina (rattini.com.ar);;0358 462-1480;sí;Dionisio (familia Rattini, conducción) / Cristina (familia Rattini, conducción);;minería;Rattini fabrica reductores y cajas de transmisión en Río Cuarto desde 1956 en una planta de 3900 m²;;La web da solo nombres de pila. Recorrido de la CIM Río Cuarto por su 60° aniversario (video YouTube). Dirección figura como Pte. Perón Oeste 545 y 2231 según fuente;"Hola Dario, soy [tu nombre], de COI.
Vi que Rattini fabrica reductores y cajas de transmisión en Río Cuarto desde 1956 en una planta de 3900 m².
En empresas así, entre el trabajo en campo, la facturación en dólares y las certificaciones se pierde el control del proyecto.
COI lleva la cuenta corriente en pesos y dólares por separado y factura por anticipo y certificación de avance.
¿Te muestro una demo con tus propios datos? Son 20 minutos.
— Si no te interesa, respondé BAJA y no te escribimos más.";búsqueda web (sesión cloud);https://rattini.com.ar/nosotros/ | https://www.argentino.com.ar/rattini-establecimiento-industrial-sa-F110DC3011BD9 | https://www.youtube.com/watch?v=HUDnrIkHIMM | https://www.cuitonline.com/detalle/30707063269/establecimiento-industrial-rattini-s.a.html;2026-09-26
Rodamientos Iriondo S R L;Rodamientos Iriondo;San Justo;Importación y distribución mayorista de rodamientos, retenes, crucetas, bombas de agua y correas;C;4;Distribuidoras de insumos industriales;Emprendedor;rodir.com.ar;alta;Matías Nicolás Germano;Socio gerente (BO Santa Fe 2011);rodir@rodir.com.ar;03498 42-8471;sí;Fabián José Porta (socio gerente, BO Santa Fe 2010);;;Rodamientos Iriondo importa y distribuye rodamientos a todo el país desde un depósito de 3500 m² en San Justo;;Cargo de 2011: verificar vigencia. San Justo de Santa Fe (Ruta 11 3203);"Hola, soy [tu nombre], de COI.
Vi que Rodamientos Iriondo importa y distribuye rodamientos a todo el país desde un depósito de 3500 m² en San Justo.
En empresas así, con un catálogo técnico grande, el seguimiento de cada cotización y la cuenta corriente por moneda se desordenan.
COI une pipeline, catálogo de productos y cuenta corriente en pesos y dólares.
¿Te muestro una demo con tus propios datos? Son 20 minutos.
— Si no te interesa, respondé BAJA y no te escribimos más.";búsqueda web (sesión cloud);https://www.rodir.com.ar/ | https://www.rodir.com.ar/empresa.php | https://www.santafe.gov.ar/boletinoficial/ver.php?seccion=27-10-2011contratos.html | https://www.santafe.gob.ar/boletinoficial/ver.php?seccion=23-07-2010contratos.htm;2026-09-26
Industria Metalurgica Alma S.A.S;Metalúrgica Alma;Firmat;Herrería y soldadura;C;4;Metalúrgicas / metalmecánica a pedido;Emprendedor / Industrial;;baja;;;;;;;;búsqueda laboral;Metalúrgica Alma busca ayudante de oficial metalúrgico en Firmat (2026);;Sin web propia. SAS de 2019, 25 de Mayo 1702. Búsqueda laboral según resumen de búsqueda (abril 2026): verificar;"Hola, soy [tu nombre], de COI.
Vi que Metalúrgica Alma busca ayudante de oficial metalúrgico en Firmat (2026).
En empresas así, cada presupuesto a medida se arma distinto y el margen real por trabajo no se ve.
COI arma los presupuestos por costo más ganancia y te muestra cuánto dejó cada trabajo.
¿Te muestro una demo con tus propios datos? Son 20 minutos.
— Si no te interesa, respondé BAJA y no te escribimos más.";búsqueda web (sesión cloud);https://www.cuitonline.com/detalle/30716907453/industria-metalurgica-alma-s.a.s.html;2026-09-26
Metalurgica Dupont S. R. L.;Metalúrgica Dupont;Federacion;Fabrica maquinaria agrícola: podadoras hidráulicas, trituradoras de ramas y desmontadoras;C;4;Agroindustria (proveedores de servicios/insumos);Emprendedor / Industrial;metalurgicadupont.com.ar;media;Norberto González;Socio (directorio empresasdefederacion.com, sin año);metalurgicadupont@federacionnet.com.ar;(03456) 481383;sí;Juan González (socio);;;Metalúrgica Dupont lanzó en 2020 la podadora de arrastre PH4E con comando por electroválvulas;;"Salta 1478/1481 Federación. Socios tomados de un directorio local: confirmar antes de usar. Existe otra ""Metalúrgica Dupont"" en Concepción del Uruguay (homónimo). También publica dupontmetalurgica@gmail.com";"Hola, soy [tu nombre], de COI.
Vi que Metalúrgica Dupont lanzó en 2020 la podadora de arrastre PH4E con comando por electroválvulas.
En empresas así, con ventas en el campo y cobranzas con cheques, cuesta saber qué se vendió y qué se cobró.
COI junta ventas, cuentas corrientes y control de cheques en un solo lugar.
¿Te muestro una demo con tus propios datos? Son 20 minutos.
— Si no te interesa, respondé BAJA y no te escribimos más.";búsqueda web (sesión cloud);https://metalurgicadupont.com.ar/ | https://metalurgicadupont.com.ar/about-us/ | https://empresasdefederacion.com/pagina/Dupont-Fabrica-de-Maquinas-Agricolas/ | https://agriculturaargentina.com/empresa-metalurgica-dupont-fabrica-de-maquinas-agricolas-em-federacion-6910;2026-09-26
R. Guidoni Metalurgica Srl;Guidoni Metalúrgica;Rosario Norte;Fabricación de engranajes, ejes, sinfines y coronas a pedido y venta de acero;C;3;Metalúrgicas / metalmecánica a pedido;Emprendedor / Industrial;guidonimetalurgica.com.ar;alta;;;info@guidonimetalurgica.com.ar;(0341) 439-6631;sí;;;;Guidoni Metalúrgica fabrica engranajes a pedido en Rosario desde 1960, cuando Remo Vicente Guidoni fundó el taller;;Empresa familiar, el hijo del fundador trabaja en ella pero no se publica su nombre. También publican (0341) 439-6705 y WhatsApp 341 255-0666. Dirección Gutenberg 852;"Hola, soy [tu nombre], de COI.
Vi que Guidoni Metalúrgica fabrica engranajes a pedido en Rosario desde 1960, cuando Remo Vicente Guidoni fundó el taller.
En empresas así, cada presupuesto a medida se arma distinto y el margen real por trabajo no se ve.
COI arma los presupuestos por costo más ganancia y te muestra cuánto dejó cada trabajo.
¿Te muestro una demo con tus propios datos? Son 20 minutos.
— Si no te interesa, respondé BAJA y no te escribimos más.";búsqueda web (sesión cloud);http://www.guidonimetalurgica.com.ar/contacto.html | http://www.guidonimetalurgica.com.ar/laempresa.html | https://www.paginasamarillas.com.ar/fichas/guidoni-metalurgica-srl_15138918/;2026-09-26
Industria Metalurgica Semet S.A.;Semet;Alvear;Piezas forjadas y mecanizadas para maquinaria agrícola, acoplados y autopartes;C;3;Metalúrgicas / metalmecánica a pedido;Emprendedor / Industrial;semet.com.ar;media;;;;+54 341 518-1306;sí;;;;Semet fabrica piezas forjadas y mecanizadas para acoplados y maquinaria agrícola en el parque industrial de Alvear;;Sin decisor encontrado. La web tiene formulario de contacto, sin email textual indexado. Certificación ISO 9001:2000 según directorio (dato viejo). Teléfono de directorio y web;"Hola, soy [tu nombre], de COI.
Vi que Semet fabrica piezas forjadas y mecanizadas para acoplados y maquinaria agrícola en el parque industrial de Alvear.
En empresas así, cada presupuesto a medida se arma distinto y el margen real por trabajo no se ve.
COI arma los presupuestos por costo más ganancia y te muestra cuánto dejó cada trabajo.
¿Te muestro una demo con tus propios datos? Son 20 minutos.
— Si no te interesa, respondé BAJA y no te escribimos más.";búsqueda web (sesión cloud);http://www.semet.com.ar/ | https://semet.com.ar/index.php?route=information/contact | https://www.argentino.com.ar/industria-metalurgica-semet-sa-F160CC70413D2 | https://www.cuitonline.com/detalle/30708470550/industria-metalurgica-semet-s.a.html;2026-09-26
Metalurgia C.C.L San Nicolas S.A;Metalurgia CCL;San Nicolas;Bulonería especial estampada en caliente, tornería y matricería;C;3;Metalúrgicas / metalmecánica a pedido;Emprendedor / Industrial;metalurgiaccl.com.ar;media;;;;;;;;;Metalurgia CCL fabrica bulones especiales y piezas torneadas en San Nicolás desde 1977;;Sin decisor ni canal verificado. Dirección Bustamante 468, San Nicolás de los Arroyos;"Hola, soy [tu nombre], de COI.
Vi que Metalurgia CCL fabrica bulones especiales y piezas torneadas en San Nicolás desde 1977.
En empresas así, cada presupuesto a medida se arma distinto y el margen real por trabajo no se ve.
COI arma los presupuestos por costo más ganancia y te muestra cuánto dejó cada trabajo.
¿Te muestro una demo con tus propios datos? Son 20 minutos.
— Si no te interesa, respondé BAJA y no te escribimos más.";búsqueda web (sesión cloud);https://www.metalurgiaccl.com.ar/ | https://miguiaargentina.com.ar/empresas/metalurgia-c-c-l-san-nicolas-s-a-buloneria-especial.html | https://www.dnb.com/business-directory/company-profiles.metalurgia_ccl_san_nicolas_sa.7b31b3b9b6abf2f46638a01155e8f730.html;2026-09-26
Frigorifico Vanesa S. A.;Frigorífico Vanesa;Fighiera;Elaboración artesanal de embutidos, chacinados y fiambres;C;3;Agroindustria (proveedores de servicios/insumos);Emprendedor / Industrial;embutidosvanesa.com.ar;media;;;frigorificovanesa@gmail.com;(03402) 47-0276;sí;;;;Frigorífico Vanesa elabora embutidos artesanales en Fighiera hace más de 45 años;;La web propia aparece hackeada ('hacked by nine'): conviene no citarla. Email y teléfono publicados en su página de contacto. Sin decisor encontrado;"Hola, soy [tu nombre], de COI.
Vi que Frigorífico Vanesa elabora embutidos artesanales en Fighiera hace más de 45 años.
En empresas así, con ventas en el campo y cobranzas con cheques, cuesta saber qué se vendió y qué se cobró.
COI junta ventas, cuentas corrientes y control de cheques en un solo lugar.
¿Te muestro una demo con tus propios datos? Son 20 minutos.
— Si no te interesa, respondé BAJA y no te escribimos más.";búsqueda web (sesión cloud);http://embutidosvanesa.com.ar/contacto/ | https://www.facebook.com/frigorificovanesa/ | https://www.cuitonline.com/detalle/30710609868/frigorifico-vanesa-s.-a.html;2026-09-26
Hidraulica Hs S.R.L.;Hidráulica HS;Galvez;Importación y venta de productos de automatización hidráulica y neumática y autopartes;C;3;Servicios técnicos y mantenimiento industrial;Industrial;;baja;;;;;;;;;Hidráulica HS importa y comercializa componentes hidráulicos y neumáticos desde Gálvez;;Sin web propia (solo Instagram @hidraulicahssrl). Objeto social tomado de registros. Sin decisor ni canal verificado;"Hola, soy [tu nombre], de COI.
Vi que Hidráulica HS importa y comercializa componentes hidráulicos y neumáticos desde Gálvez.
En empresas así, coordinar visitas y saber qué tiene cada técnico o vendedor en su cartera cuesta más de lo que debería.
COI arma las hojas de ruta con mapa y le da a cada uno su cartera y sus tareas, también desde el celular.
¿Te muestro una demo con tus propios datos? Son 20 minutos.
— Si no te interesa, respondé BAJA y no te escribimos más.";búsqueda web (sesión cloud);https://www.instagram.com/hidraulicahssrl/ | https://www.cuitonline.com/detalle/30711254052/hidraulica-hs-s.r.l.html | https://www.paginasamarillas.com.ar/fichas/hidraulica-hs-srl_15565652;2026-09-26
Torneria Waidelich S.R.L.;Tornería Waidelich;Montecarlo;Tornería y matricería (piezas metálicas);C;3;Metalúrgicas / metalmecánica a pedido;Emprendedor / Industrial;;baja;;;;03751 48-0265;sí;;;;Tornería Waidelich fabrica piezas torneadas y matrices en Montecarlo desde 2013;;Sin web propia (solo Facebook). Teléfono de directorio (Páginas Amarillas). Decisor no verificado;"Hola, soy [tu nombre], de COI.
Vi que Tornería Waidelich fabrica piezas torneadas y matrices en Montecarlo desde 2013.
En empresas así, cada presupuesto a medida se arma distinto y el margen real por trabajo no se ve.
COI arma los presupuestos por costo más ganancia y te muestra cuánto dejó cada trabajo.
¿Te muestro una demo con tus propios datos? Son 20 minutos.
— Si no te interesa, respondé BAJA y no te escribimos más.";búsqueda web (sesión cloud);https://www.paginasamarillas.com.ar/fichas/torneria-waidelich_15027572/ | https://www.cuitonline.com/detalle/30714300950/torneria-waidelich-s.r.l.html | https://www.facebook.com/people/Torneria-Waidelich-SRL/100063635874431/;2026-09-26
Industrias Metalurgicas Todd Sa;Metalúrgicas Todd;Todd;Fabricación de tolvas autodescargables, acoplados, semirremolques y carrocerías para el agro;C;3;Metalúrgicas / metalmecánica a pedido;Emprendedor / Industrial;;baja;;;;(02478) 49-2172;sí;;;;Metalúrgicas Todd fabrica tolvas autodescargables, acoplados y carrocerías para uso agrícola;;Sin web propia. Planta sobre Ruta 8 en Todd y domicilio legal en CABA. Teléfono de directorio. Directorios comerciales indican 14-18 empleados (no cargado por no ser web, LinkedIn ni prensa). Decisor no encontrado;"Hola, soy [tu nombre], de COI.
Vi que Metalúrgicas Todd fabrica tolvas autodescargables, acoplados y carrocerías para uso agrícola.
En empresas así, cada presupuesto a medida se arma distinto y el margen real por trabajo no se ve.
COI arma los presupuestos por costo más ganancia y te muestra cuánto dejó cada trabajo.
¿Te muestro una demo con tus propios datos? Son 20 minutos.
— Si no te interesa, respondé BAJA y no te escribimos más.";búsqueda web (sesión cloud);https://magriba.com.ar/comex-industrias-metalurgicas-todd-s-a/ | https://www.abctelefonos.com/persona_argentina/industrias+metalurgicas+todd+sa | https://www.cuitonline.com/detalle/30707873589/industrias-metalurgicas-todd-sa.html;2026-09-26
Matriceria Argentina S.R.L.;Matricería Argentina;San Luis;Matricería y mecanizado CNC con centros Mori Seiki de 3, 4 y 5 ejes;C;3;Metalúrgicas / metalmecánica a pedido;Emprendedor / Industrial;matriceria-arg.com.ar;alta;;;ventas@matriceria-arg.com.ar;;;;;;Matricería Argentina trabaja con centros de mecanizado Mori Seiki de hasta 5 ejes simultáneos;Revisar homónimo: no se confirmó que la web matriceria-arg.com.ar sea de la SRL inscripta en San Luis;Existen otras Matricería Argentina (S.A. en Lomas del Mirador). La SRL de San Luis figura inscripta en el Registro Público de San Luis en 2014. Decisor no encontrado;"Hola, soy [tu nombre], de COI.
Vi que Matricería Argentina trabaja con centros de mecanizado Mori Seiki de hasta 5 ejes simultáneos.
En empresas así, cada presupuesto a medida se arma distinto y el margen real por trabajo no se ve.
COI arma los presupuestos por costo más ganancia y te muestra cuánto dejó cada trabajo.
¿Te muestro una demo con tus propios datos? Son 20 minutos.
— Si no te interesa, respondé BAJA y no te escribimos más.";búsqueda web (sesión cloud);http://www.matriceria-arg.com.ar/ | https://www.facebook.com/matriceriaargentina123/ | https://www.dateas.com/es/empresa/matriceria-argentina-srl-33714387249;2026-09-26
Mac Metal S.A.;Mac Metal;Las Parejas;Fundición de acero y hierro gris y nodular con laboratorio propio;C;3;Metalúrgicas / metalmecánica a pedido;Emprendedor / Industrial;macmetal.com.ar;media;;;;;;;;;Mac Metal produce piezas fundidas en hierro nodular y acero controladas bajo normas internacionales;;Decisor no confirmado en fuente pública. Teléfono solo en directorios (no visible). Tiene página en LinkedIn. No confundir con Mac Metal de Wisconsin (EE.UU.);"Hola, soy [tu nombre], de COI.
Vi que Mac Metal produce piezas fundidas en hierro nodular y acero controladas bajo normas internacionales.
En empresas así, cada presupuesto a medida se arma distinto y el margen real por trabajo no se ve.
COI arma los presupuestos por costo más ganancia y te muestra cuánto dejó cada trabajo.
¿Te muestro una demo con tus propios datos? Son 20 minutos.
— Si no te interesa, respondé BAJA y no te escribimos más.";búsqueda web (sesión cloud);http://www.macmetal.com.ar/ | https://www.linkedin.com/company/macmetal | https://guiademantenimiento.com/macmetal | https://www.argentino.com.ar/mac-metal-sa-F1A0FC50613;2026-09-26
Bulonera El Tigre Sas;Bulonera El Tigre;Presidencia Roque Saenz Peña;Venta de bulonería y ferretería industrial;C;3;Distribuidoras de insumos industriales;Emprendedor;;baja;;;;0364 442-4101;sí;;;;;Revisar: posible comercio de mostrador (venta minorista);Sin web propia, solo página de Facebook. Teléfono de directorio (Páginas Amarillas y Cylex). No confundir con Bulonera Tigre SA de Tigre (Buenos Aires);"Hola, soy [tu nombre], de COI.
Te escribo porque vi que Bulonera El Tigre distribuye insumos industriales.
En empresas así, con un catálogo técnico grande, el seguimiento de cada cotización y la cuenta corriente por moneda se desordenan.
COI une pipeline, catálogo de productos y cuenta corriente en pesos y dólares.
¿Te muestro una demo con tus propios datos? Son 20 minutos.
— Si no te interesa, respondé BAJA y no te escribimos más.";búsqueda web (sesión cloud);https://www.facebook.com/p/Bulonera-El-Tigre-100086544399381/ | https://www.paginasamarillas.com.ar/fichas/buloneria-el-tigre_16649557 | https://www.cylex.com.ar/presidencia-roque-saenz-pena/buloneria-el-tigre-11175546.html | https://www.cuitonline.com/detalle/30716306964/bulonera-el-tigre-sas.html;2026-09-26
Equipos Agroindustriales Sociedad Anonima;Equipos Agroindustriales (EASA);Bahia Blanca;Venta de maquinaria agrícola, tractores, implementos e insumos;C;3;Agroindustria (proveedores de servicios/insumos);Emprendedor / Industrial;easaweb.com.ar;alta;;;info@agroindustrial.com.ar;0291 484-6220;sí;;;;Equipos Agroindustriales vende maquinaria agrícola en Bahía Blanca desde 1977;Revisar: es concesionario o comercializador de maquinaria más que fabricante;Email con dominio distinto al de la web: verificar antes de usar. Aparece también easaventas@yahoo.com.ar y 0291 508-4594 en directorios. Sergio Gancberg figura asociado a la empresa en prensa sin cargo confirmado. Proveedor del Municipio de Bahía Blanca;"Hola, soy [tu nombre], de COI.
Vi que Equipos Agroindustriales vende maquinaria agrícola en Bahía Blanca desde 1977.
En empresas así, con ventas en el campo y cobranzas con cheques, cuesta saber qué se vendió y qué se cobró.
COI junta ventas, cuentas corrientes y control de cheques en un solo lugar.
¿Te muestro una demo con tus propios datos? Son 20 minutos.
— Si no te interesa, respondé BAJA y no te escribimos más.";búsqueda web (sesión cloud);https://easaweb.com.ar/ | https://www.facebook.com/tractoresbahiablanca/ | https://www.cuitonline.com/detalle/33571942289/equipos-agroindustriales-sociedad-anonima.html | https://www.cylex.com.ar/villa-nocito/equipos-agroindustriales-s-a-11430249.html;2026-09-26
Metalurgica Galli S.R.L.;Metalúrgica Galli;Villa Constitucion;Metalurgia: corte y plegado de chapa;C;3;Metalúrgicas / metalmecánica a pedido;Emprendedor / Industrial;;baja;;;;;;;;;Metalúrgica Galli recibe estudiantes de escuelas técnicas de Villa Constitución en prácticas profesionalizantes;;Sin web propia. Dirección Rivarola 4973 según directorios, teléfono solo en directorio (no visible). Decisor no encontrado;"Hola, soy [tu nombre], de COI.
Vi que Metalúrgica Galli recibe estudiantes de escuelas técnicas de Villa Constitución en prácticas profesionalizantes.
En empresas así, cada presupuesto a medida se arma distinto y el margen real por trabajo no se ve.
COI arma los presupuestos por costo más ganancia y te muestra cuánto dejó cada trabajo.
¿Te muestro una demo con tus propios datos? Son 20 minutos.
— Si no te interesa, respondé BAJA y no te escribimos más.";búsqueda web (sesión cloud);https://www.paginasamarillas.com.ar/fichas/metalurgica-galli_15278235 | https://villa-constitucion.licuo.com.ar/empresas/metalurgica_galli-45018 | https://www.santafe.gov.ar/index.php/educacion/guia/noticias_educ?nodo=167833;2026-09-26
Transmisiones Mecanicas S A;Tramec;Loma Hermosa;Fabricación y venta de cadenas agrícolas, de rodillos y transportadoras;C;3;Distribuidoras de insumos industriales;Emprendedor;transmisionesmecanicas.com.ar;media;;;cadenastramec@gmail.com;011 4769-4809;sí;;;;Tramec fabrica cadenas agrícolas, de rodillos y transportadoras desde 1983 y tiene certificación ISO 9001:2015;Rubro supuesto distribuidora: en realidad es fabricante;También usa cadenastramec.com. Email gmail publicado por la empresa. Sin decisor identificado;"Hola, soy [tu nombre], de COI.
Vi que Tramec fabrica cadenas agrícolas, de rodillos y transportadoras desde 1983 y tiene certificación ISO 9001:2015.
En empresas así, con un catálogo técnico grande, el seguimiento de cada cotización y la cuenta corriente por moneda se desordenan.
COI une pipeline, catálogo de productos y cuenta corriente en pesos y dólares.
¿Te muestro una demo con tus propios datos? Son 20 minutos.
— Si no te interesa, respondé BAJA y no te escribimos más.";búsqueda web (sesión cloud);https://www.argentino.com.ar/transmisiones-mecanicas-sa-tramec-F1407C10E19 | http://transmisionesmecanicas.com.ar/ | https://www.cadenastramec.com/ | https://www.portal-industrial.com.ar/empresa/tramec/2915/ | https://www.cuitonline.com/detalle/30597797717/transmisiones-mecanicas-s-a.html;2026-09-26
Metalurgica Patria S R L;Metalúrgica Patria;Rosario Sud;Fabricación de envasadoras automáticas y semiautomáticas y equipos termocontraíbles (marca Albipack);C;3;Metalúrgicas / metalmecánica a pedido;Emprendedor / Industrial;metalurgicapatria.com.ar;media;;;;0341 464-1220;sí;;;;Metalúrgica Patria fabrica las envasadoras Albipack hace más de 40 años;;Teléfono de directorio (Páginas Amarillas). Sin decisor identificado;"Hola, soy [tu nombre], de COI.
Vi que Metalúrgica Patria fabrica las envasadoras Albipack hace más de 40 años.
En empresas así, cada presupuesto a medida se arma distinto y el margen real por trabajo no se ve.
COI arma los presupuestos por costo más ganancia y te muestra cuánto dejó cada trabajo.
¿Te muestro una demo con tus propios datos? Son 20 minutos.
— Si no te interesa, respondé BAJA y no te escribimos más.";búsqueda web (sesión cloud);https://www.metalurgicapatria.com.ar/ | https://www.paginasamarillas.com.ar/fichas/metalurgica-patria-srl_14249983 | https://www.cuitonline.com/detalle/30685459740/metalurgica-patria-s-r-l.html;2026-09-26
V G MECANIZADOS S.A.;VG Mecanizados;;Mecanizado CNC, tornería, laminado de roscas, temple por inducción y soldadura robotizada;C;3;Metalúrgicas / metalmecánica a pedido;Emprendedor / Industrial;vgmecanizados.com.ar;media;;;;(03471) 46-2005;sí;;;;VG Mecanizados incorporó un robot de soldadura Motoman y un centro de mecanizado horizontal Hyundai Wia HS6300;;Empresa familiar de Armstrong (Santa Fe) con más de 30 años. Dirección La Plata 369 / Área Industrial lote 36. Sin email publicado encontrado ni decisor identificado;"Hola, soy [tu nombre], de COI.
Vi que VG Mecanizados incorporó un robot de soldadura Motoman y un centro de mecanizado horizontal Hyundai Wia HS6300.
En empresas así, cada presupuesto a medida se arma distinto y el margen real por trabajo no se ve.
COI arma los presupuestos por costo más ganancia y te muestra cuánto dejó cada trabajo.
¿Te muestro una demo con tus propios datos? Son 20 minutos.
— Si no te interesa, respondé BAJA y no te escribimos más.";búsqueda web (sesión cloud);https://vgmecanizados.com.ar/ | https://vgmecanizados.com.ar/nuestra-empresa/ | https://vgmecanizados.com.ar/temple-por-induccion-2-2/ | https://www.argentino.com.ar/vg-mecanizados-sa-F170EC8061ED9;2026-09-26
Morero Semillas Y Cereales S A;Morero;Tres Lomas;Acopio de cereales, semillas, agroquímicos, fertilizantes y alquiler de campos;C;3;Agroindustria (proveedores de servicios/insumos);Emprendedor / Industrial;morerosa.com.ar;media;Yito Morero;Fundador y titular (web propia);;02394 430292;sí;Emanuel Morero (hijo, conduce la empresa) / Bruno Morero (hijo, conduce la empresa);;;Morero lleva desde 1981 acopiando y abasteciendo insumos en el oeste bonaerense;Acopiador/comercializador de agroinsumos, no fabricante: revisar encaje en el perfil COI;Granadero Baigorria 156 Tres Lomas. Tel de administración y ventas. Planta de acopio 02394 430236. Sin email textual encontrado;"Hola Yito, soy [tu nombre], de COI.
Vi que Morero lleva desde 1981 acopiando y abasteciendo insumos en el oeste bonaerense.
En empresas así, con ventas en el campo y cobranzas con cheques, cuesta saber qué se vendió y qué se cobró.
COI junta ventas, cuentas corrientes y control de cheques en un solo lugar.
¿Te muestro una demo con tus propios datos? Son 20 minutos.
— Si no te interesa, respondé BAJA y no te escribimos más.";búsqueda web (sesión cloud);https://www.morerosa.com.ar/ | https://www.morerosa.com.ar/quienes-somos/ | https://www.morerosa.com.ar/somos-trayectoria/;2026-09-26
Metalurgica Genovese S.A;Genovese;Reconquista;Fabricación de maquinaria agrícola y forestal;C;3;Metalúrgicas / metalmecánica a pedido;Emprendedor / Industrial;metalurgicagenovese.com;media;;;;;;;;;Genovese fabrica maquinaria agrícola en Reconquista desde 1927 y recibió la distinción al mérito industrial de FISFE en 2019;;Empresa familiar dirigida por la tercera generación, sin nombres verificados. El dominio de la entrada (metalurgicagenovense.com.ar) tiene un error, la web es metalurgicagenovese.com. Planta de más de 13.000 m2 cubiertos;"Hola, soy [tu nombre], de COI.
Vi que Genovese fabrica maquinaria agrícola en Reconquista desde 1927 y recibió la distinción al mérito industrial de FISFE en 2019.
En empresas así, cada presupuesto a medida se arma distinto y el margen real por trabajo no se ve.
COI arma los presupuestos por costo más ganancia y te muestra cuánto dejó cada trabajo.
¿Te muestro una demo con tus propios datos? Son 20 minutos.
— Si no te interesa, respondé BAJA y no te escribimos más.";búsqueda web (sesión cloud);https://www.metalurgicagenovese.com/contacto | https://www.reconquistahoy.com/37280-metalurgica-genovese-sa-recibio-la-distincion-al-merito-industrial-2019 | https://cafma.org.ar/empresas/112/metalurgica-genovese-sa | https://ar.linkedin.com/company/metalurgicagenovese;2026-09-26
Industria Metalurgica Fontana S.R.L.;Metalúrgica LF;Viale;Fabricación de implementos agrícolas (palas frontales, rastras niveladoras, hoyadoras);C;3;Metalúrgicas / metalmecánica a pedido;Emprendedor / Industrial;metalurgicalf.com.ar;media;Luis Antonio Fontana;Fundador (Maquinac);;0343 492-0308;sí;Hernán Fontana (cargo no verificado) / Román Fontana (cargo no verificado);;;Metalúrgica LF inauguró su planta en el Parque Industrial de Viale en 2012;;Teléfono de directorio (D&B). Hernán y Román Fontana aparecen presentando productos en Campo TV y YouTube;"Hola Luis, soy [tu nombre], de COI.
Vi que Metalúrgica LF inauguró su planta en el Parque Industrial de Viale en 2012.
En empresas así, cada presupuesto a medida se arma distinto y el margen real por trabajo no se ve.
COI arma los presupuestos por costo más ganancia y te muestra cuánto dejó cada trabajo.
¿Te muestro una demo con tus propios datos? Son 20 minutos.
— Si no te interesa, respondé BAJA y no te escribimos más.";búsqueda web (sesión cloud);https://maquinac.com/empresas/metalurgica-lf/ | https://metalurgicalf.com.ar/ | https://campoenaccion.com/campo-tv/hernn-fontana-metalrgica-lf-rastrn-nivelador-para-emparejar-suelos-agrcolas.htm | https://www.dnb.com/business-directory/company-profiles/industria-metalurgica-fontana-srl.3ee1d6d7a90f5899fd596ddfe81a59bd;2026-09-26
Distribuidora Dique S R L;Distribuidora Dique;Rosario Norte;Distribuidora mayorista de librería comercial y escolar, papel, insumos de computación y packaging;C;2;Industrial B2B;Emprendedor;diquesrl.com.ar;alta;;;ventas@diquesrl.com.ar;(0341) 456-4000;sí;;;vendedores;Distribuidora Dique distribuye librería comercial y packaging en Rosario desde 1979;Rubro no industrial (mayorista de librería/papelería): revisar si encaja en el perfil COI;Av. Eva Perón 5369 Rosario. WhatsApp comercial publicado 3412110826. Sin decisor identificado;"Hola, soy [tu nombre], de COI.
Vi que Distribuidora Dique distribuye librería comercial y packaging en Rosario desde 1979.
En empresas así, la información de ventas y administración queda repartida entre planillas, mails y WhatsApp.
COI pone ventas, administración y números de la dirección en un solo sistema.
¿Te muestro una demo con tus propios datos? Son 20 minutos.
— Si no te interesa, respondé BAJA y no te escribimos más.";búsqueda web (sesión cloud);https://www.diquesrl.com.ar/ | https://www.diquesrl.com.ar/nosotros.html | https://rosario.com.ar/empresas/distribuidora-dique-srl-en-rosario.htm;2026-09-26
Industria Metalurgica Andi S.A.;Metalúrgica Andi;Las Varillas;Fabrica maquinaria para la industria alimenticia (sierras, procesadoras, cámaras de frío) que usan también comercios de alimentos;C;4;Agroindustria (proveedores de servicios/insumos);Emprendedor / Industrial;metalurgicaandi.com.ar;media;;;;(03533) 42-2001;sí;;;exportación;Metalúrgica Andi vende sus máquinas para gastronomía y carnicería en todo el país y países limítrofes;;Juan Bautista Alberdi 545 Las Varillas. Sin email textual encontrado. Sin decisor identificado;"Hola, soy [tu nombre], de COI.
Vi que Metalúrgica Andi vende sus máquinas para gastronomía y carnicería en todo el país y países limítrofes.
En empresas así, con ventas en el campo y cobranzas con cheques, cuesta saber qué se vendió y qué se cobró.
COI junta ventas, cuentas corrientes y control de cheques en un solo lugar.
¿Te muestro una demo con tus propios datos? Son 20 minutos.
— Si no te interesa, respondé BAJA y no te escribimos más.";búsqueda web (sesión cloud);https://metalurgicaandi.com.ar/ | https://www.portal-industrial.com.ar/empresa/industria-metalurgica-andi/4067/ | https://www.cuitonline.com/detalle/30711341435/industria-metalurgica-andi-s.a.html;2026-09-26
Metalurgica Arancibia Srl;Metalúrgica Arancibia;San Juan;Metalmecánica pesada: mecanizado CNC, soldadura pesada, estructuras, montajes industriales y plantas de áridos para minería;B;9;Montajes industriales y estructuras metálicas;Industrial;imarancibia.com;media;José Arancibia;Socio, hijo del fundador (Diario de Cuyo);ima.srl1969@gmail.com;+54 9 264 660-1007 (WhatsApp publicado en la web);sí;;27 familias (Diario de Cuyo);montaje | minería | obras;Metalúrgica Arancibia fabrica desde 1975 plantas para la industria vial y minera en San Juan;;Empresa familiar: cinco socios (el fundador y sus cuatro hijos). Nota de Diario de Cuyo sin año visible. Teléfono es celular publicado por la empresa en su web;"Hola, soy [tu nombre], de COI.
Vi que Metalúrgica Arancibia fabrica desde 1975 plantas para la industria vial y minera en San Juan.
En empresas así, el costo real de cada proyecto suele aparecer recién al cerrarlo.
COI junta presupuestos, gastos por proyecto y cobranzas en pesos y dólares, y te muestra el margen mientras el proyecto avanza.
¿Te muestro una demo con tus propios datos? Son 20 minutos.
— Si no te interesa, respondé BAJA y no te escribimos más.";búsqueda web (sesión cloud);https://www.imarancibia.com/contact/ | https://www.imarancibia.com/about-us/ | https://www.diariodecuyo.com.ar/noticias/marcado-a-fuego-939026.html/amp;2026-09-26
Servicios Industriales Fluidodinamicos S.A.;Servicios Industriales Fluidodinámicos;Reconquista;Ingeniería, mantenimiento, montaje y automatización de instalaciones de fluidos (neumática, hidráulica, vapor, control de procesos);B;8;Montajes industriales y estructuras metálicas;Industrial;serviciosind.com.ar;media;José Luis Ferrer;Presidente (BO Santa Fe 2022);;03482 42-3983;sí;;11-50 (LinkedIn);mantenimiento | montaje | proyectos;Servicios Industriales Fluidodinámicos atiende la industria desde 1999 con sucursales en Rosario, Reconquista y Posadas;;Casa central en Rosario (Brown 2852). Teléfono de sucursal Reconquista tomado de directorios;"Hola Jose, soy [tu nombre], de COI.
Vi que Servicios Industriales Fluidodinámicos atiende la industria desde 1999 con sucursales en Rosario, Reconquista y Posadas.
En empresas así, el costo real de cada proyecto suele aparecer recién al cerrarlo.
COI junta presupuestos, gastos por proyecto y cobranzas en pesos y dólares, y te muestra el margen mientras el proyecto avanza.
¿Te muestro una demo con tus propios datos? Son 20 minutos.
— Si no te interesa, respondé BAJA y no te escribimos más.";búsqueda web (sesión cloud);https://serviciosind.com.ar/ | https://ar.linkedin.com/company/servicios-industriales-fluidodinamicos | https://www.santafe.gob.ar/boletinoficial/ver.php?seccion=2022%2F2022-11-17contratos.html | https://www.paginasamarillas.com.ar/fichas/servicios-industriales-fluidodinamicos-sa_13526657;2026-09-26
Servin Ingenieria S.A.;Servin Ingeniería;Bahia Blanca;Ingeniería industrial, provisión de válvulas y cañerías, inspección de tanques API y equipos estáticos;B;8;Servicios técnicos y mantenimiento industrial;Industrial;serviningenieria.com.ar;alta;Norberto Dagnino;Presidente (LinkedIn);servinbbca@serviningenieria.com.ar;0291 455-8869;sí;;11-50 (LinkedIn);proyectos | mantenimiento;Servin Ingeniería nació en 1979 junto con el polo petroquímico de Bahía Blanca;;Email general visto en listado de distribuidores de Valbol, verificar vigencia. Teléfono de directorio (también 0291 456-2608 y 0291 454-7318). Socia de la UIBB. Atiende la industria petroquímica;"Hola, soy [tu nombre], de COI.
Vi que Servin Ingeniería nació en 1979 junto con el polo petroquímico de Bahía Blanca.
En empresas así, coordinar visitas y saber qué tiene cada técnico o vendedor en su cartera cuesta más de lo que debería.
COI arma las hojas de ruta con mapa y le da a cada uno su cartera y sus tareas, también desde el celular.
¿Te muestro una demo con tus propios datos? Son 20 minutos.
— Si no te interesa, respondé BAJA y no te escribimos más.";búsqueda web (sesión cloud);https://www.serviningenieria.com.ar/ | https://ar.linkedin.com/company/servin-ingenieria-s-a | https://ar.linkedin.com/in/norberto-dagnino-20b48742 | https://www.valbol.com.ar/distribuidores_nac.html | https://uibb.org.ar/empresas-asociadas/servin-ingenieria-sa/ | https://www.paginasamarillas.com.ar/fichas/servin-ingenieria-sa_14112883;2026-09-26
Metalurgica Rio Negro S R L;Metalúrgica Río Negro;General Roca;Diseño, fabricación, instalación y puesta en marcha de máquinas y líneas para empaque de frutas y hortalizas;B;8;Montajes industriales y estructuras metálicas;Industrial;metalu.com.ar;media;Raúl Beinaravicius;Socio gerente y fundador (metalu.com.ar);;(0298) 443-3888 / 457-0156;sí;Claudio (dirige fabricación) / Adriana (administración);35 en temporada alta (metalu.com.ar);montaje | proyectos | mantenimiento;Metalúrgica Río Negro fabrica a medida líneas de empaque para la fruticultura del Alto Valle desde hace más de treinta años;;Datos de la web propia, posiblemente desactualizados: confirmar que Raúl siga al frente. Sin email publicado encontrado;"Hola Raul, soy [tu nombre], de COI.
Vi que Metalúrgica Río Negro fabrica a medida líneas de empaque para la fruticultura del Alto Valle desde hace más de treinta años.
En empresas así, el costo real de cada proyecto suele aparecer recién al cerrarlo.
COI junta presupuestos, gastos por proyecto y cobranzas en pesos y dólares, y te muestra el margen mientras el proyecto avanza.
¿Te muestro una demo con tus propios datos? Son 20 minutos.
— Si no te interesa, respondé BAJA y no te escribimos más.";búsqueda web (sesión cloud);http://www.metalu.com.ar/empresa.htm | https://metalu.com.ar/servicios.htm | https://www.portal-industrial.com.ar/empresa/metalurgica-rio-negro-srl/8418/;2026-09-26
Apex Metalurgica S.A.;Apex;Santa Rosa;Fabricación de varillas de bombeo, cuplas y barras de peso para pozos petroleros;B;8;Minería y energía (proveedores y contratistas);Industrial;;baja;Arturo Acevedo;Gerente general (prensa 2021);;;;Miguel Iglesias (gerente comercial y dueño según prensa 2021);30 (prensa 2021);petrolera | energía | exportación | expansión | nueva planta;Apex concretó su primera exportación a Brasil de varillas de bombeo para pozos petroleros;Revisar: inversión de USD 18 M y 10% de capital estadounidense (prensa 2021). Recibió visita presidencial en 2021;Planta en Parque Industrial Santa Rosa (Ruta 35). Socia del GAPP. No se encontró web propia ni canal publicado en las búsquedas. Datos de cargos de 2021;"Hola Arturo, soy [tu nombre], de COI.
Vi que Apex concretó su primera exportación a Brasil de varillas de bombeo para pozos petroleros.
En empresas así, entre el trabajo en campo, la facturación en dólares y las certificaciones se pierde el control del proyecto.
COI lleva la cuenta corriente en pesos y dólares por separado y factura por anticipo y certificación de avance.
¿Te muestro una demo con tus propios datos? Son 20 minutos.
— Si no te interesa, respondé BAJA y no te escribimos más.";búsqueda web (sesión cloud);https://www.casarosada.gob.ar/slider-principal/48031-el-presidente-recorrio-una-empresa-metalurgica-en-la-pampa-argentina-se-encuentra-en-un-proceso-real-de-recuperacion-economica | https://www.laarena.com.ar/la-pampa/2021-8-29-0-3-0-apex-planea-ampliar-planta-para-cuplas-y-sustituir-la-importacion | https://infotecrealico.com.ar/contenido/74730/apex-metalurgica-sa-concreta-su-primera-exportacion-a-brasil | https://gapp-oil.com.ar/en/empresas-asociadas/apex-metalurgica-s-a/;2026-09-26
Rodamientos Cuyo Sociedad De Responsabilidad Limitada;Rodamientos Cuyo;Mendoza;Distribución de rodamientos SKF, transmisión de potencia, lubricantes y servicios de mantenimiento predictivo;B;8;Minería y energía (proveedores y contratistas);Industrial;rodamientoscuyo.com;media;Marcelo Jasi;Socio gerente (LM Neuquén);;0261 425-1521;sí;;;mantenimiento | petrolera | expansión;Rodamientos Cuyo cumplió 50 años y apuesta a Vaca Muerta con sucursal en Neuquén y presencia en Añelo desde 2018;;Sucursales en San Juan, Tunuyán y Neuquén. Fundada en 1973;"Hola Marcelo, soy [tu nombre], de COI.
Vi que Rodamientos Cuyo cumplió 50 años y apuesta a Vaca Muerta con sucursal en Neuquén y presencia en Añelo desde 2018.
COI lleva la cuenta corriente en pesos y dólares por separado y factura por anticipo y certificación de avance.
¿Te muestro una demo con tus propios datos? Son 20 minutos.
— Si no te interesa, respondé BAJA y no te escribimos más.";búsqueda web (sesión cloud);https://www.rodamientoscuyo.com/ | https://mase.lmneuquen.com/empresas/cincuenta-anos-trayectoria-rodamientos-cuyo-apuesta-vaca-muerta-n1208349 | https://www.rodamientoscuyo.com/contacto/;2026-09-26
Fertilizantes Fulltec Srl;Spraytec;Rosario Norte;Fabricación y comercialización de fertilizantes foliares y productos químicos agrícolas;B;8;Agroindustria (proveedores de servicios/insumos);Emprendedor / Industrial;spraytecargentina.com;alta;Mariano Maineri;CEO (prensa);info@spraytecfertilizantes.com;0341 486-8911;sí;;50 (prensa 2022);exportación | nueva planta | expansión;Spraytec construye una planta automatizada de fertilizantes en Roldán y abrió un centro de negocios e I+D en Rosario;Revisar: prensa la describe como multinacional (presencia en varios países);Opera con la marca Spraytec. Verificar si Maineri es CEO del grupo o de Argentina;"Hola Mariano, soy [tu nombre], de COI.
Vi que Spraytec construye una planta automatizada de fertilizantes en Roldán y abrió un centro de negocios e I+D en Rosario.
En empresas así, con ventas en el campo y cobranzas con cheques, cuesta saber qué se vendió y qué se cobró.
COI junta ventas, cuentas corrientes y control de cheques en un solo lugar.
¿Te muestro una demo con tus propios datos? Son 20 minutos.
— Si no te interesa, respondé BAJA y no te escribimos más.";búsqueda web (sesión cloud);https://www.cuitonline.com/detalle/30709740934/fertilizantes-fulltec-srl.html | https://puntobiz.com.ar/agro/multinacional-invierte-u-s12-m-en-el-gran-rosario-para-fabricar-fertilizantes-20221126600 | https://www.agroclave.com.ar/empresas/spraytec-abre-un-nuevo-centro-negocios-y-espacio-id-rosario-n10082226.html | https://spraytecargentina.com/;2026-09-26
Q. H. Ingenieria Y Servicios S.A.;QH Ingeniería;Rosario Sud;Instalación, mantenimiento y reparación de sistemas de bombeo, venta de bombas y motores;B;8;Montajes industriales y estructuras metálicas;Industrial;qhingenieria.com.ar;alta;Marcelo Manuel Mauro;Presidente (BO Santa Fe 2016);qhingenieria@qhingenieria.com.ar;0341 4615505;sí;Silvina Andrea Perrone (vicepresidenta, BO Santa Fe 2016) / Rogelio Omar Buralli (director, BO Santa Fe 2016);1-20 (directorio);mantenimiento | montaje | obras;QH Ingeniería trabaja desde 2000 en instalación y mantenimiento de sistemas de bombeo en Rosario y la región;;Directorio de 2016: verificar vigencia. También aparece el dominio qhingenieria.com. Email y teléfono de directorios;"Hola, soy [tu nombre], de COI.
Vi que QH Ingeniería trabaja desde 2000 en instalación y mantenimiento de sistemas de bombeo en Rosario y la región.
En empresas así, el costo real de cada proyecto suele aparecer recién al cerrarlo.
COI junta presupuestos, gastos por proyecto y cobranzas en pesos y dólares, y te muestra el margen mientras el proyecto avanza.
¿Te muestro una demo con tus propios datos? Son 20 minutos.
— Si no te interesa, respondé BAJA y no te escribimos más.";búsqueda web (sesión cloud);https://www.qhingenieria.com/ | https://www.santafe.gov.ar/boletinoficial/recursos/boletines/12-08-2016contratos.html | https://empresasderosario.com/pagina/Q-H-Ingenieria-y-Servicios/ | https://www.cuitonline.com/detalle/30707378197/-q.-h.-ingenieria-y-servicios-s.a.html;2026-09-26
Montajes Norba S A;Montajes Norba;Baradero;Instalaciones y mantenimiento eléctrico y electromecánico, obras;B;7;Montajes industriales y estructuras metálicas;Industrial;;baja;Daniel Bralo;Representante (directorio, año no visible);;03329 48-5218;sí;;8-12 (Nosis);obras | montaje | mantenimiento;Montajes Norba trabaja desde 1998 en instalaciones eléctricas y electromecánicas y participó en obras de infraestructura barrial en Baradero;;Sin web propia. Teléfono de directorio. Cargo de Daniel Bralo sin confirmar. Formó una UTE con Edeme SRL;"Hola Daniel, soy [tu nombre], de COI.
Vi que Montajes Norba trabaja desde 1998 en instalaciones eléctricas y electromecánicas y participó en obras de infraestructura barrial en Baradero.
En empresas así, el costo real de cada proyecto suele aparecer recién al cerrarlo.
COI junta presupuestos, gastos por proyecto y cobranzas en pesos y dólares, y te muestra el margen mientras el proyecto avanza.
¿Te muestro una demo con tus propios datos? Son 20 minutos.
— Si no te interesa, respondé BAJA y no te escribimos más.";búsqueda web (sesión cloud);https://trade.nosis.com/es/MONTAJES-NORBA-SA/30667196341/1/p | https://www.argentino.com.ar/montajes-norba-sa-F170CC60013D4 | https://www.cuitonline.com/detalle/30667196341/montajes-norba-s-a.html | https://www.zonanortehoy.com/baradero/sociedad/2021/7/22/sanzio-puso-en-marcha-las-obras-que-beneficiaran-mas-de-460-baraderenses-97389.html;2026-09-26
Motor Maq Insumos Industriales Srl;Motor Maq;Rosario Norte;Distribuidora de motores eléctricos, reductores, variadores, PLC, sensores y transmisiones mecánicas;B;7;Servicios técnicos y mantenimiento industrial;Industrial;motormaq.com.ar;alta;;;ventas@motormaq.com.ar;0341 4391157;sí;;;área comercial | mantenimiento;Motor Maq provee insumos industriales en Rosario desde 1974 con asesoramiento técnico y posventa;;Existen dos sociedades en Pascual Rosas 1175: Motor Maq S.R.L. (CUIT 30-70796824-5) y Motor Maq Insumos Industriales S.R.L. (CUIT 30-71433952-0). También publican comercial@motormaq.com.ar y WhatsApp comerciales en guía. Email y teléfono tomados de guía comercial. Sin decisor identificado;"Hola, soy [tu nombre], de COI.
Vi que Motor Maq provee insumos industriales en Rosario desde 1974 con asesoramiento técnico y posventa.
En empresas así, coordinar visitas y saber qué tiene cada técnico o vendedor en su cartera cuesta más de lo que debería.
COI arma las hojas de ruta con mapa y le da a cada uno su cartera y sus tareas, también desde el celular.
¿Te muestro una demo con tus propios datos? Son 20 minutos.
— Si no te interesa, respondé BAJA y no te escribimos más.";búsqueda web (sesión cloud);https://www.motormaq.com.ar/productos | https://www.granguiaargentina.com.ar/aviso/motor-maq/60589 | https://www.cuitonline.com/detalle/30714339520/motor-maq-insumos-industriales-srl.html | https://www.facebook.com/motormaqinsumosindustriales/;2026-09-26
Dima Metal S R L;Dima Metal;Villa Gobernador Galvez;Fabricación de semirremolques tanque y equipos especiales petroleros y para minería (ácidos y salmuera de litio);B;7;Minería y energía (proveedores y contratistas);Industrial;dimametal.com.ar;media;Diego Berto;Socio gerente - fundador (LinkedIn);;;;;;petrolera | minería | energía | proyectos;Dima Metal participó en 2026 de la exposición ROG.e en Río de Janeiro con sus equipos para petróleo y gas;;Cumplió 25 años en 2024. Foco en Vaca Muerta y NOA. Sin email ni teléfono verificado en fuente permitida;"Hola Diego, soy [tu nombre], de COI.
Vi que Dima Metal participó en 2026 de la exposición ROG.e en Río de Janeiro con sus equipos para petróleo y gas.
COI lleva la cuenta corriente en pesos y dólares por separado y factura por anticipo y certificación de avance.
¿Te muestro una demo con tus propios datos? Son 20 minutos.
— Si no te interesa, respondé BAJA y no te escribimos más.";búsqueda web (sesión cloud);https://dimametal.com.ar/empresa/ | https://www.linkedin.com/in/diego-berto-22089520/ | https://desarrollozonal.com/una-empresa-de-villa-gobernador-galvez-muestra-su-produccion-en-una-expo-internacional-en-brasil/ | https://gaspetroleomineriavgg.com.ar/2023/10/29/dima-metal-srl/;2026-09-26
S & G Metalurgica Y Construccion S. R. L.;S&G Metalúrgica;Reconquista;Construcción de obras y estructuras metálicas, venta de materiales de construcción;B;6;Montajes industriales y estructuras metálicas;Industrial;;baja;Raúl Eduardo Sandrigo;Socio fundador (BO Santa Fe 2023);;;;María de los Angeles García (socia fundadora);;obras;S&G Metalúrgica se constituyó en 2023 en Reconquista para obras y estructuras metálicas;;Empresa nueva, sin web ni canal publicado. Cargo de gerente no confirmado;"Hola Raul, soy [tu nombre], de COI.
Vi que S&G Metalúrgica se constituyó en 2023 en Reconquista para obras y estructuras metálicas.
En empresas así, el costo real de cada proyecto suele aparecer recién al cerrarlo.
COI junta presupuestos, gastos por proyecto y cobranzas en pesos y dólares, y te muestra el margen mientras el proyecto avanza.
¿Te muestro una demo con tus propios datos? Son 20 minutos.
— Si no te interesa, respondé BAJA y no te escribimos más.";búsqueda web (sesión cloud);https://www.santafe.gob.ar/boletinoficial/ver.php?seccion=2023%2F2023-10-06contratos.html | https://www.dateas.com/es/empresa/s-g-metalurgica-y-construccion-s-r-l-30718299841;2026-09-26
Metalurgica Miranda Srl;Metalúrgica Miranda;Arteaga;Fabricación de tanques, depósitos y recipientes metálicos, reparaciones mecánicas y montajes para el agro y la industria;B;6;Montajes industriales y estructuras metálicas;Industrial;;baja;José Antonio Miranda;Socio (BO Santa Fe 2012);;;;Daniel Miranda (socio, BO Santa Fe 2012);;montaje;Metalúrgica Miranda fabrica tanques y depósitos metálicos para el agro y la industria en Arteaga;Revisar: en 2026 aparece en el BO Santa Fe una Miranda Servicios Metalúrgicos SRL en Arteaga, posible sucesora o sociedad vinculada;Sin web propia encontrada. Socios según edicto de 2012 (dato viejo). Hay páginas de Facebook/Instagram 'Metalurgica Miranda' sin confirmar que sean de Arteaga;"Hola Jose, soy [tu nombre], de COI.
Vi que Metalúrgica Miranda fabrica tanques y depósitos metálicos para el agro y la industria en Arteaga.
En empresas así, el costo real de cada proyecto suele aparecer recién al cerrarlo.
COI junta presupuestos, gastos por proyecto y cobranzas en pesos y dólares, y te muestra el margen mientras el proyecto avanza.
¿Te muestro una demo con tus propios datos? Son 20 minutos.
— Si no te interesa, respondé BAJA y no te escribimos más.";búsqueda web (sesión cloud);https://www.santafe.gov.ar/boletinoficial/recursos/boletines/25-07-2012contratos.html | https://www.santafe.gob.ar/boletinoficial/ver.php?seccion=2026%2F2026-01-12contratos.html;2026-09-26
Ferrari Obras Metalicas S. R. L.;Ferrari;Rosario Sud;Construcciones metálicas, calderería, estructuras, corte láser y plegado CNC;B;6;Metalúrgicas / metalmecánica a pedido;Emprendedor / Industrial;ferrari.com.ar;alta;Federico Ferrari;Socio gerente (LinkedIn);info@ferrari.com.ar;;;;;obras | proyectos;Ferrari fabrica estructuras metálicas y calderería en Rosario desde 1983;;Email visto en la página de LinkedIn de la empresa (verificar en la web). Teléfono no encontrado;"Hola Federico, soy [tu nombre], de COI.
Vi que Ferrari fabrica estructuras metálicas y calderería en Rosario desde 1983.
En empresas así, cada presupuesto a medida se arma distinto y el margen real por trabajo no se ve.
COI arma los presupuestos por costo más ganancia y te muestra cuánto dejó cada trabajo.
¿Te muestro una demo con tus propios datos? Son 20 minutos.
— Si no te interesa, respondé BAJA y no te escribimos más.";búsqueda web (sesión cloud);https://ferrari.com.ar/institucional | https://ar.linkedin.com/company/ferrari-metalurgica-arg | https://ar.linkedin.com/in/federico-ferrari-346b576b;2026-09-26
Sepulveda Montajes S.R.L.;Sepulveda Montajes;Lules;Ingeniería, fabricación, montaje, reparación y mantenimiento industrial (calderería, gasoductos, cañerías, plantas);B;6;Montajes industriales y estructuras metálicas;Industrial;;baja;;;;;;Mario E. Sepulveda (cargo no verificado, Facebook);;montaje | mantenimiento | obras | minería;Sepulveda Montajes fabricó chimeneas para calderas Bosch;;Sin web propia (tiene página de Facebook). Ruta Provincial 321, Lules. Decisor no confirmado;"Hola, soy [tu nombre], de COI.
Vi que Sepulveda Montajes fabricó chimeneas para calderas Bosch.
En empresas así, el costo real de cada proyecto suele aparecer recién al cerrarlo.
COI junta presupuestos, gastos por proyecto y cobranzas en pesos y dólares, y te muestra el margen mientras el proyecto avanza.
¿Te muestro una demo con tus propios datos? Son 20 minutos.
— Si no te interesa, respondé BAJA y no te escribimos más.";búsqueda web (sesión cloud);https://www.facebook.com/sepulvedamontajes.com.ar | https://www.suamarillas.com/empresa/sepulveda-montajes-srl-tucuman-146479 | http://cuiteame.com/ficha/sepulveda-montajes-srl-33709957479;2026-09-26
Talleres Montreal S.R.L.;Talleres Montreal;San Lorenzo;Mantenimiento y reparación industrial;B;6;Servicios técnicos y mantenimiento industrial;Industrial;talleresmontreal.com.ar;media;Leonel Alejandro Camejo;Socio gerente (BO Santa Fe);;;;;;mantenimiento;Talleres Montreal presta mantenimiento y reparación industrial en San Lorenzo con flota propia de máquinas y transporte;;Falucho 570 San Lorenzo. Socia de la Cámara de Comercio Industria y Servicios de San Lorenzo. Año del edicto no confirmado (2013 o 2019). Sin email ni teléfono verificado;"Hola Leonel, soy [tu nombre], de COI.
Vi que Talleres Montreal presta mantenimiento y reparación industrial en San Lorenzo con flota propia de máquinas y transporte.
COI arma las hojas de ruta con mapa y le da a cada uno su cartera y sus tareas, también desde el celular.
¿Te muestro una demo con tus propios datos? Son 20 minutos.
— Si no te interesa, respondé BAJA y no te escribimos más.";búsqueda web (sesión cloud);https://talleresmontreal.com.ar/ | https://www.camara-sl.org.ar/website/talleres-montreal/ | https://www.santafe.gob.ar/boletinoficial/ver.php?seccion=2019/06-09-2019contratos.html;2026-09-26
Industrias Juan F Secco S A;Secco;Rosario Sud;Generación de energía, compresión de gas, equipos de movimiento de materiales y producción industrial pesada;B;6;Minería y energía (proveedores y contratistas);Industrial;secco.com.ar;media;;;;;;;;energía | petrolera | minería | mantenimiento | proyectos;Secco opera desde 1936 una planta de más de 30.000 m² en Rosario y seis sucursales en el país;Descarte probable: empresa grande (más de 250 empleados probable, 6 sucursales);No se cargó cantidad de empleados por falta de fuente válida;"Hola, soy [tu nombre], de COI.
Vi que Secco opera desde 1936 una planta de más de 30.000 m² en Rosario y seis sucursales en el país.
En empresas así, entre el trabajo en campo, la facturación en dólares y las certificaciones se pierde el control del proyecto.
COI lleva la cuenta corriente en pesos y dólares por separado y factura por anticipo y certificación de avance.
¿Te muestro una demo con tus propios datos? Son 20 minutos.
— Si no te interesa, respondé BAJA y no te escribimos más.";búsqueda web (sesión cloud);https://ar.linkedin.com/company/industrias-juan-f.-secco-sa | https://www.cadieel.org.ar/asociado/juan-f-secco/ | https://miningpress.com/ms/catalogo-mining-press-enernews/empresa/481/juan-f-secco;2026-09-26
Buttigliero Y Stefani Construcciones Metalicas S R L;ByS Construcciones Metálicas;Totoras;Estructuras metálicas, naves industriales, galpones y celdas para cereal;B;6;Montajes industriales y estructuras metálicas;Industrial;byssrl.com.ar;media;Pablo Ernesto Buttigliero;Socio (BO Santa Fe 2010);;(03476) 46-0561;sí;Miguel Ángel Stefani (socio);;obras | montaje | proyectos;ByS Construcciones Metálicas construye naves industriales y celdas para cereal desde 1973;;Socios según BO Santa Fe 2010 (dato viejo). Un edicto de 2020 mencionaría a César Atilio Romano como socio gerente: sin confirmar, revisar. Teléfono publicado en directorios y web. Aprox. 30 empleados según resumen de búsqueda sin fuente clara, no cargado;"Hola Pablo, soy [tu nombre], de COI.
Vi que ByS Construcciones Metálicas construye naves industriales y celdas para cereal desde 1973.
En empresas así, el costo real de cada proyecto suele aparecer recién al cerrarlo.
COI junta presupuestos, gastos por proyecto y cobranzas en pesos y dólares, y te muestra el margen mientras el proyecto avanza.
¿Te muestro una demo con tus propios datos? Son 20 minutos.
— Si no te interesa, respondé BAJA y no te escribimos más.";búsqueda web (sesión cloud);http://www.byssrl.com.ar/ | https://www.santafe.gov.ar/boletinoficial/recursos/boletines/21-10-2010contratos.htm | https://www.santafe.gob.ar/boletinoficial/ver.php?seccion=2020%2F2020-10-23contratos.html | https://www.argentino.com.ar/buttigliero-y-stefani-construcciones-metalicas-srl-F1B09C40419;2026-09-26
LA INCURSION INSUMOS INDUSTRIALES S.A.;La Incursión;San Nicolás de los Arroyos;Distribuidora de insumos industriales, oil & gas y para montajes (izajes, cañería, válvulas, pinturas, EPP) con entrega en planta;B;6;Montajes industriales y estructuras metálicas;Industrial;laincursion.com.ar;alta;;;info@laincursion.com.ar;(0336) 420-0277;sí;;;montaje | petrolera;La Incursión se especializa en insumos para montajes e izajes con entrega en planta desde San Nicolás;;Empresa constituida en 2022. Tiene página de LinkedIn. Sin decisor identificado;"Hola, soy [tu nombre], de COI.
Vi que La Incursión se especializa en insumos para montajes e izajes con entrega en planta desde San Nicolás.
En empresas así, el costo real de cada proyecto suele aparecer recién al cerrarlo.
COI junta presupuestos, gastos por proyecto y cobranzas en pesos y dólares, y te muestra el margen mientras el proyecto avanza.
¿Te muestro una demo con tus propios datos? Son 20 minutos.
— Si no te interesa, respondé BAJA y no te escribimos más.";búsqueda web (sesión cloud);https://www.laincursion.com.ar/contacto | https://www.laincursion.com.ar/nosotros | https://www.linkedin.com/company/laincursionarg/ | https://datok.com.ar/empresa/33717606669;2026-09-26
Metales Del Talar S.A.;MDT;El Talar;Fundición y extrusión de aluminio para carpintería de obra y vidrio procesado (DVH);B;6;Metalúrgicas / metalmecánica a pedido;Emprendedor / Industrial;mdtargentina.com;media;;;;;;;;obras | expansión;MDT sumó en 2018 una planta de procesamiento de vidrio a su extrusión de aluminio en El Talar;Empresa grande: planta de 22.000 m2, 25.000 t/año y 24 centros de distribución. Probablemente más de 250 empleados: revisar;Certificada ISO 9001:2015. Un buscador menciona a Diego Gómez como director comercial, sin fuente válida confirmada;"Hola, soy [tu nombre], de COI.
Vi que MDT sumó en 2018 una planta de procesamiento de vidrio a su extrusión de aluminio en El Talar.
En empresas así, cada presupuesto a medida se arma distinto y el margen real por trabajo no se ve.
COI arma los presupuestos por costo más ganancia y te muestra cuánto dejó cada trabajo.
¿Te muestro una demo con tus propios datos? Son 20 minutos.
— Si no te interesa, respondé BAJA y no te escribimos más.";búsqueda web (sesión cloud);https://www.mdtargentina.com/ | https://www.argentina.gob.ar/edicion-48-enero-2025/metales-del-talar-sa-soluciones-en-aluminio-y-vidrio-para-la-arquitectura | https://ar.linkedin.com/company/mdtargentina;2026-09-26
Metalurgica Bauducco S.R.L.;Metalúrgica Bauducco;San Vicente;Repuestos y piezas mecanizadas para maquinaria agrícola e industrial, reparaciones;B;6;Servicios técnicos y mantenimiento industrial;Industrial;;baja;Leonardo David Bauducco;Socio gerente (BO Santa Fe 2012);;;;Oscar Florencio Delfino Bauducco (socio gerente);;mantenimiento;Metalúrgica Bauducco fabrica repuestos y piezas mecanizadas para maquinaria agrícola en San Vicente desde 2012;;Sin web propia (solo Facebook). Datos de gerencia de 2012;"Hola Leonardo, soy [tu nombre], de COI.
Vi que Metalúrgica Bauducco fabrica repuestos y piezas mecanizadas para maquinaria agrícola en San Vicente desde 2012.
COI arma las hojas de ruta con mapa y le da a cada uno su cartera y sus tareas, también desde el celular.
¿Te muestro una demo con tus propios datos? Son 20 minutos.
— Si no te interesa, respondé BAJA y no te escribimos más.";búsqueda web (sesión cloud);https://www.santafe.gov.ar/boletinoficial/recursos/boletines/04-10-2012contratos.html | https://www.facebook.com/people/Metal%C3%BArgica-Bauducco-SRL/100067833871241/ | https://www.cuitonline.com/detalle/30712493034/metalurgica-bauducco-s.r.l.html;2026-09-26
CEAR MAQUINAS Y EQUIPOS S.R.L.;CEAR;;Diseño, fabricación y montaje de ascensores hidráulicos, montacargas, puentes grúa, cintas transportadoras y máquinas especiales;B;6;Montajes industriales y estructuras metálicas;Industrial;cearmye.com.ar;alta;Alejandro Ariel Ravasi;Socio fundador (BO Santa Fe 2007);info@cearmye.com.ar;0341 700-2194;sí;Eduardo Rossi (socio fundador);;obras | proyectos | montaje;CEAR diseña, fabrica, monta y pone en marcha equipos de elevación y máquinas especiales para la industria en Rosario;;Localidad Rosario (Rueda 66 bis). Socios según contrato constitutivo 2007: no se sabe cuál es socio gerente hoy, confirmar;"Hola Alejandro, soy [tu nombre], de COI.
Vi que CEAR diseña, fabrica, monta y pone en marcha equipos de elevación y máquinas especiales para la industria en Rosario.
En empresas así, el costo real de cada proyecto suele aparecer recién al cerrarlo.
COI junta presupuestos, gastos por proyecto y cobranzas en pesos y dólares, y te muestra el margen mientras el proyecto avanza.
¿Te muestro una demo con tus propios datos? Son 20 minutos.
— Si no te interesa, respondé BAJA y no te escribimos más.";búsqueda web (sesión cloud);http://www.cearmye.com.ar/ | https://www.santafe.gov.ar/boletinoficial/ver.php?seccion=20-09-2007contratos.htm | https://www.construex.com.ar/exhibidores/cear_maquinas_y_equipos_srl;2026-09-26
Montaje Morello S.R.L.;Montaje Morello;Capitan Bermudez;Servicios industriales: fabricación de equipos, montaje y mantenimiento industrial, alquiler de grúas;C;5;Montajes industriales y estructuras metálicas;Industrial;;baja;;;;;;;;montaje | mantenimiento;Montaje Morello presta servicios de montaje, mantenimiento y alquiler de grúas desde Capitán Bermúdez;;Sin web propia encontrada. Datos del objeto social en BO Santa Fe (2020). Sin decisor ni canal publicado;"Hola, soy [tu nombre], de COI.
Vi que Montaje Morello presta servicios de montaje, mantenimiento y alquiler de grúas desde Capitán Bermúdez.
En empresas así, el costo real de cada proyecto suele aparecer recién al cerrarlo.
COI junta presupuestos, gastos por proyecto y cobranzas en pesos y dólares, y te muestra el margen mientras el proyecto avanza.
¿Te muestro una demo con tus propios datos? Son 20 minutos.
— Si no te interesa, respondé BAJA y no te escribimos más.";búsqueda web (sesión cloud);https://www.santafe.gob.ar/boletinoficial/ver.php?seccion=2020/2020-10-09contratos.html;2026-09-26
Montajes Da Silva Srl;MDS Industrial;Venado Tuerto;Montaje de plantas de acopio, sistemas de aspiración y filtración de polvo, transporte de granos, galpones y estructuras;C;5;Montajes industriales y estructuras metálicas;Industrial;mdsindustrial.com.ar;media;;;;;;;;montaje | obras;MDS Industrial monta plantas de acopio de granos desde 1973 y desarrolla equipos de aspiración de polvo desde 2009;;Empresa familiar en Parque Industrial La Victoria. No se vio email ni teléfono textual en resultados;"Hola, soy [tu nombre], de COI.
Vi que MDS Industrial monta plantas de acopio de granos desde 1973 y desarrolla equipos de aspiración de polvo desde 2009.
En empresas así, el costo real de cada proyecto suele aparecer recién al cerrarlo.
COI junta presupuestos, gastos por proyecto y cobranzas en pesos y dólares, y te muestra el margen mientras el proyecto avanza.
¿Te muestro una demo con tus propios datos? Son 20 minutos.
— Si no te interesa, respondé BAJA y no te escribimos más.";búsqueda web (sesión cloud);https://www.mdsindustrial.com.ar/ | https://www.mdsindustrial.com.ar/la-empresa-info1.html | https://construccion.devenado.ar/mds-industrial-montajes-da-silva-srl-dd10947.html;2026-09-26
Erection Construcciones Y Montajes Industriales S A I C I;Erection;San Nicolas;Obras civiles industriales, viales y ferroviarias, naves industriales y premoldeados de hormigón (marca Igriega);C;5;Montajes industriales y estructuras metálicas;Industrial;erection.com.ar;media;;;;(03461) 46-1918;sí;;;obras | proyectos | montaje;Erection ejecuta obras civiles industriales y ferroviarias desde 1961 y fabrica premoldeados con marca propia Igriega;Revisar tamaño: constructora con planta de premoldeados y clientes siderúrgicos y agroindustriales grandes;Oficina y planta en Av. Savio 1850 San Nicolás. CUIT registrado en CABA. Teléfono de directorio (Páginas Amarillas/argentino.com.ar). No se halló decisor;"Hola, soy [tu nombre], de COI.
Vi que Erection ejecuta obras civiles industriales y ferroviarias desde 1961 y fabrica premoldeados con marca propia Igriega.
En empresas así, el costo real de cada proyecto suele aparecer recién al cerrarlo.
COI junta presupuestos, gastos por proyecto y cobranzas en pesos y dólares, y te muestra el margen mientras el proyecto avanza.
¿Te muestro una demo con tus propios datos? Son 20 minutos.
— Si no te interesa, respondé BAJA y no te escribimos más.";búsqueda web (sesión cloud);http://erection.com.ar/ | https://erection.com.ar/ubicacion/ | https://erection.com.ar/obras-ferroviarias/ | https://www.paginasamarillas.com.ar/fichas/erection-construcciones_14241333 | https://www.cuitonline.com/detalle/30504041359/erection-construcciones-y-montajes-industriales-s-a-i-c-i.html;2026-09-26
Raf Montajes Y Servicios Srl;Raf Montajes y Servicios;San Lorenzo;Montajes e instalaciones industriales y alquiler de equipos;C;5;Montajes industriales y estructuras metálicas;Industrial;rafmontajesyservicios.com.ar;media;;;;;;;;montaje | obras;Raf Montajes y Servicios presta montajes industriales en San Lorenzo desde 2017;;Web propia aparece en búsqueda pero sin contenido visible (WebFetch bloqueado). Actividad según registros CUIT. Decisor no encontrado (edicto BO Santa Fe 21-09-2017 de constitución no leído en detalle);"Hola, soy [tu nombre], de COI.
Vi que Raf Montajes y Servicios presta montajes industriales en San Lorenzo desde 2017.
En empresas así, el costo real de cada proyecto suele aparecer recién al cerrarlo.
COI junta presupuestos, gastos por proyecto y cobranzas en pesos y dólares, y te muestra el margen mientras el proyecto avanza.
¿Te muestro una demo con tus propios datos? Son 20 minutos.
— Si no te interesa, respondé BAJA y no te escribimos más.";búsqueda web (sesión cloud);https://www.cuitonline.com/detalle/30715767585/raf-montajes-y-servicios-srl.html | https://rafmontajesyservicios.com.ar/ | https://www.santafe.gov.ar/boletinoficial/recursos/boletines/21-09-2017contratos.html;2026-09-26
Ingenieria Electrica S A;Ingeniería Eléctrica;Rosario Norte;Distribuidor de materiales eléctricos industriales (Siemens, WEG, Fluke, Ledvance);C;5;Distribuidoras de insumos industriales;Emprendedor;ing-electrica.com.ar;media;;;;;;;;representantes | vendedores;Ingeniería Eléctrica distribuye materiales eléctricos industriales en Rosario desde 1987;;Empresa familiar fundada en 1987, Callao 99 bis. Web tiene página de contacto (no leída, WebFetch bloqueado). Homónimo: Ingeniería Eléctrica S.R.L. (consultora, iesrl.com.ar), no confundir. Decisor no encontrado;"Hola, soy [tu nombre], de COI.
Vi que Ingeniería Eléctrica distribuye materiales eléctricos industriales en Rosario desde 1987.
En empresas así, con un catálogo técnico grande, el seguimiento de cada cotización y la cuenta corriente por moneda se desordenan.
COI une pipeline, catálogo de productos y cuenta corriente en pesos y dólares.
¿Te muestro una demo con tus propios datos? Son 20 minutos.
— Si no te interesa, respondé BAJA y no te escribimos más.";búsqueda web (sesión cloud);https://www.ing-electrica.com.ar/ | https://ing-electrica.com.ar/contacto.php | https://www.cuitonline.com/detalle/30616459852/ingenieria-electrica-s-a.html | https://ar.linkedin.com/company/ingenieria-electrica-sa;2026-09-26
Frigorifico Doroni Sociedad Responsabilidad Limitada;Fiambres Doroni;Fighiera;Elaboración de fiambres y embutidos;C;5;Agroindustria (proveedores de servicios/insumos);Emprendedor / Industrial;doroni.com.ar;alta;;;info@doroni.com.ar;03402 470106;sí;Alessandra Masi (cofundadora, dato histórico);18-22 (Nosis);;Fiambres Doroni elabora fiambres y embutidos en Fighiera desde 1965 como empresa familiar;Revisar: productor de alimentos con venta al público en local, no metalmecánica;El gobernador Lifschitz recorrió la planta (fecha no confirmada). Decisor actual no identificado (familia Doroni);"Hola, soy [tu nombre], de COI.
Vi que Fiambres Doroni elabora fiambres y embutidos en Fighiera desde 1965 como empresa familiar.
En empresas así, con ventas en el campo y cobranzas con cheques, cuesta saber qué se vendió y qué se cobró.
COI junta ventas, cuentas corrientes y control de cheques en un solo lugar.
¿Te muestro una demo con tus propios datos? Son 20 minutos.
— Si no te interesa, respondé BAJA y no te escribimos más.";búsqueda web (sesión cloud);http://doroni.com.ar/ | http://www.doroni.com.ar/empresa | https://trade.nosis.com/es/FRIGORIFICO-DORONI-SRL/30562566798/1/p | https://extremodiario.com.ar/noticias/fighiera/77959-lifschitz-en-fighiera-recorrida-por-el-frigorifico-doroni.html;2026-09-26
Albert Semillas S.A.;Albert Semillas;Rosario Sud;Semillas de maíz para silo, alfalfa y sorgo;C;5;Agroindustria (proveedores de servicios/insumos);Emprendedor / Industrial;albertsemillas.com.ar;media;;;;03465 42-3507;sí;;;área comercial | representantes;Albert Semillas presentó sus híbridos de maíz y alfalfa en 9 de Julio;Revisar: semillero, no es industria metalmecánica;Empresa familiar con más de 50 años. Operación y sede en Firmat, domicilio fiscal en Rosario. Teléfono de directorio;"Hola, soy [tu nombre], de COI.
Vi que Albert Semillas presentó sus híbridos de maíz y alfalfa en 9 de Julio.
En empresas así, con ventas en el campo y cobranzas con cheques, cuesta saber qué se vendió y qué se cobró.
COI junta ventas, cuentas corrientes y control de cheques en un solo lugar.
¿Te muestro una demo con tus propios datos? Son 20 minutos.
— Si no te interesa, respondé BAJA y no te escribimos más.";búsqueda web (sesión cloud);https://albertsemillas.com.ar/ | https://albertsemillas.com.ar/nosotros/ | https://trade.nosis.com/es/ALBERT-SEMILLAS-SA/30712468447/1/p | https://elregionaldigital.com.ar/albert-semillas-presento-sus-hibridos-en-maices-y-materiales-de-alfalfa-en-9-de-julio/;2026-09-26
INDUSTRIAS METALURGICA MG S.A.;IMG;;Equipos para plantas de silos y semilleros, transportadores y reductores;C;5;Montajes industriales y estructuras metálicas;Industrial;metalurgicasmg.com.ar;alta;;;info@metalurgicasmg.com.ar;;;;;proyectos | montaje;IMG fabrica equipos para plantas de acopio y semilleros en Colón desde 1993;;Localidad Colón (Buenos Aires). Empresa familiar. Socia de CAFMA. Decisor no identificado;"Hola, soy [tu nombre], de COI.
Vi que IMG fabrica equipos para plantas de acopio y semilleros en Colón desde 1993.
En empresas así, el costo real de cada proyecto suele aparecer recién al cerrarlo.
COI junta presupuestos, gastos por proyecto y cobranzas en pesos y dólares, y te muestra el margen mientras el proyecto avanza.
¿Te muestro una demo con tus propios datos? Son 20 minutos.
— Si no te interesa, respondé BAJA y no te escribimos más.";búsqueda web (sesión cloud);https://www.metalurgicasmg.com.ar/ | https://www.metalurgicasmg.com.ar/Laempresa.html | https://www.metalurgicasmg.com.ar/contact.html | https://cafma.org.ar/empresas/69/img;2026-09-26
Metalmecanica Parana Sa;Metalmecánica Paraná;San Lorenzo;Alquiler de equipos y camiones con hidrogrúa para construcción e industria;C;5;Montajes industriales y estructuras metálicas;Industrial;metalmecanicaparana.ar;alta;;;metalmecanicaparana@netcoop.com.ar;03476 431517;sí;;;obras | montaje;Metalmecánica Paraná alquila equipos para obras en San Lorenzo desde 2000;Revisar: más empresa de alquiler de equipos que metalmecánica;Decisor no identificado;"Hola, soy [tu nombre], de COI.
Vi que Metalmecánica Paraná alquila equipos para obras en San Lorenzo desde 2000.
En empresas así, el costo real de cada proyecto suele aparecer recién al cerrarlo.
COI junta presupuestos, gastos por proyecto y cobranzas en pesos y dólares, y te muestra el margen mientras el proyecto avanza.
¿Te muestro una demo con tus propios datos? Son 20 minutos.
— Si no te interesa, respondé BAJA y no te escribimos más.";búsqueda web (sesión cloud);https://metalmecanicaparana.ar/ | https://www.argentino.com.ar/metalmecanica-parana-s-a-F120EC0071BD64C | https://trade.nosis.com/es/METALMECANICA-PARANA-SA/30709976555/1/p;2026-09-26
Metalurgica San Carlos S A;MSC Metalúrgica San Carlos;San Carlos Centro;Fabricación de morsas, agujereadoras, cortadoras y máquinas herramienta;C;5;Metalúrgicas / metalmecánica a pedido;Emprendedor / Industrial;met-sancarlos.com.ar;media;Gabriel Roberto Storani;Presidente (BO Santa Fe 2014);;;;;;exportación;MSC Metalúrgica San Carlos vendió más de 600.000 máquinas y está presente en seis países de la región;;Presidente de 2014 (puede haber cambiado). También hace trabajos a terceros;"Hola Gabriel, soy [tu nombre], de COI.
Vi que MSC Metalúrgica San Carlos vendió más de 600.000 máquinas y está presente en seis países de la región.
En empresas así, cada presupuesto a medida se arma distinto y el margen real por trabajo no se ve.
COI arma los presupuestos por costo más ganancia y te muestra cuánto dejó cada trabajo.
¿Te muestro una demo con tus propios datos? Son 20 minutos.
— Si no te interesa, respondé BAJA y no te escribimos más.";búsqueda web (sesión cloud);http://www.met-sancarlos.com.ar/ | https://www.santafe.gov.ar/boletinoficial/ver.php?seccion=12-12-2014contratos.html | https://www.cuitonline.com/detalle/30569003470/metalurgica-san-carlos-s-a.html;2026-09-26
Fundicion Mercurio Sociedad Anonima;Fundición Mercurio;Rosario Sud;Fundición de piezas en hierro gris laminar, nodular y aleaciones especiales (bujes, barras, poleas);C;5;Metalúrgicas / metalmecánica a pedido;Emprendedor / Industrial;fundicionmercurio.com.ar;alta;;;mercurio@fundicionmercurio.com.ar;0341 463-0017;sí;;17 (Nosis);;Fundición Mercurio fabrica bujes, barras y poleas en hierro gris y nodular en la zona industrial sudoeste de Rosario desde 1988;;Sin decisor identificado. Teléfono y email tomados de directorios (Batlle y Ordóñez 3101). Otro teléfono publicado 0341 463-5378. Cantidad de empleados según Nosis;"Hola, soy [tu nombre], de COI.
Vi que Fundición Mercurio fabrica bujes, barras y poleas en hierro gris y nodular en la zona industrial sudoeste de Rosario desde 1988.
En empresas así, cada presupuesto a medida se arma distinto y el margen real por trabajo no se ve.
COI arma los presupuestos por costo más ganancia y te muestra cuánto dejó cada trabajo.
¿Te muestro una demo con tus propios datos? Son 20 minutos.
— Si no te interesa, respondé BAJA y no te escribimos más.";búsqueda web (sesión cloud);https://www.fundicionmercurio.com.ar/ | https://www.argentino.com.ar/fundicion-mercurio-sa-F140AC20019 | https://www.infoagro.com/empresas/empresa.asp?ide=4632 | https://trade.nosis.com/es/FUNDICION-MERCURIO-SA/30629577919/1/p;2026-09-26
Metalurgica Famet Srl;Famet;Fontana;Fabricación y reparación de piezas, implementos y repuestos metalmecánicos;C;5;Metalúrgicas / metalmecánica a pedido;Emprendedor / Industrial;;baja;Sergio De Luca;Socio gerente (video prensa ~2019);;;;;;nueva planta | expansión;Famet se trasladó al Parque Industrial de Fontana e inauguró allí su nueva planta;;Sin web propia. Algunas fichas dicen Formosa por error: la localidad es Fontana, Chaco. Ojo: hay otra Famet SRL con otro CUIT, confirmar que De Luca corresponde a esta;"Hola Sergio, soy [tu nombre], de COI.
Vi que Famet se trasladó al Parque Industrial de Fontana e inauguró allí su nueva planta.
En empresas así, cada presupuesto a medida se arma distinto y el margen real por trabajo no se ve.
COI arma los presupuestos por costo más ganancia y te muestra cuánto dejó cada trabajo.
¿Te muestro una demo con tus propios datos? Son 20 minutos.
— Si no te interesa, respondé BAJA y no te escribimos más.";búsqueda web (sesión cloud);https://www.eschaco.com/vernota.asp?id_noticia=3453 | https://www.facebook.com/xmastv/videos/%EF%B8%8Fsergio-de-luca%EF%B8%8Fsocio-gerente-de-famet-srl-qu%C3%A9-hicieron-para-que-2019-haya-sido-/199401794836197/ | https://www.cuitonline.com/detalle/30708984880/metalurgica-famet-srl.html;2026-09-26
Servicios Tecnicos S.R.L.;Servicios Técnicos;Villa Constitucion;Repuestos industriales, estructuras, chapistería, montajes y corte CNC oxicorte/plasma;C;5;Montajes industriales y estructuras metálicas;Industrial;;baja;;;serviciostecnicos1165@gmail.com;03400 479349;sí;;;montaje | mantenimiento;Servicios Técnicos fabrica repuestos y estructuras industriales con corte CNC por plasma y oxicorte en Villa Constitución;;Sin web propia (tiene Instagram @serviciostecnicossrl, verificar que sea la de Villa Constitución: existe homónima serviciostecnicossrl.com constructora). Email y teléfono de directorios (Cylex, Páginas Amarillas). Sin decisor identificado;"Hola, soy [tu nombre], de COI.
Vi que Servicios Técnicos fabrica repuestos y estructuras industriales con corte CNC por plasma y oxicorte en Villa Constitución.
En empresas así, el costo real de cada proyecto suele aparecer recién al cerrarlo.
COI junta presupuestos, gastos por proyecto y cobranzas en pesos y dólares, y te muestra el margen mientras el proyecto avanza.
¿Te muestro una demo con tus propios datos? Son 20 minutos.
— Si no te interesa, respondé BAJA y no te escribimos más.";búsqueda web (sesión cloud);https://www.cylex.com.ar/villa-constitucion/servicios-tecnicos-srl-11362638.html | https://www.paginasamarillas.com.ar/fichas/servicio-tecnicos-srl-repuestos-y-estructuras-industriales_14095180 | https://metalargentina.com/empresa-servicios-tecnicos-srl-repuestos-industriales-em-villa-constitucion-10506 | https://www.cuitonline.com/detalle/30710201257/servicios-tecnicos-s.r.l.html;2026-09-26
Frigorifico General Pico S A;Frigorífico General Pico;General Pico;Frigorífico exportador de carne vacuna;C;5;Agroindustria (proveedores de servicios/insumos);Emprendedor / Industrial;frigorificopico.com.ar;alta;Ernesto Lowenstein;Dueño (web propia);info@frigorificopico.com.ar;;;Alan Lowenstein (dueño, web propia);más de 250 (prensa 2026);exportación;Frigorífico General Pico exporta carne vacuna con certificaciones BRCGS y Halal;Descartar: más de 250 empleados y situación financiera/concursal en 2026 con operación a cargo de terceros;Prensa 2026 informa suspensiones, despidos y reestructuración;"Hola Ernesto, soy [tu nombre], de COI.
Vi que Frigorífico General Pico exporta carne vacuna con certificaciones BRCGS y Halal.
En empresas así, con ventas en el campo y cobranzas con cheques, cuesta saber qué se vendió y qué se cobró.
COI junta ventas, cuentas corrientes y control de cheques en un solo lugar.
¿Te muestro una demo con tus propios datos? Son 20 minutos.
— Si no te interesa, respondé BAJA y no te escribimos más.";búsqueda web (sesión cloud);https://frigorificopico.com.ar/index-en.html | https://frigorificopico.com.ar/contacto-en.html | https://www.infobae.com/economia/2026/07/01/luego-de-suspender-a-todo-su-personal-el-frigorifico-creador-de-paty-retomo-su-actividad-y-reincorporo-a-450-empleados/ | https://www.lanacion.com.ar/economia/campo/debe-mas-de-34000-millones-un-emblematico-frigorifico-suspendio-a-500-empleados-y-su-produccion-y-lo-nid27012026/;2026-09-26
Dinort Mecanizados S. A. S.;Dinort;San Miguel De Tucuman;Mecanizado de precisión y matricería;C;4;Metalúrgicas / metalmecánica a pedido;Emprendedor / Industrial;dinort.com.ar;alta;;;mecanizados@dinort.com;0381 262-8856;sí;;;búsqueda laboral;Dinort mecaniza piezas de precisión y matrices en San Miguel de Tucumán;;Email y fijo según web (vía resultados de búsqueda). Directorio provincial lista además 0381 427-6598 (dato viejo). Publicó búsqueda de operario de máquinas herramienta;"Hola, soy [tu nombre], de COI.
Vi que Dinort mecaniza piezas de precisión y matrices en San Miguel de Tucumán.
En empresas así, cada presupuesto a medida se arma distinto y el margen real por trabajo no se ve.
COI arma los presupuestos por costo más ganancia y te muestra cuánto dejó cada trabajo.
¿Te muestro una demo con tus propios datos? Son 20 minutos.
— Si no te interesa, respondé BAJA y no te escribimos más.";búsqueda web (sesión cloud);https://www.dinort.com.ar/en | https://producciontucuman.gob.ar/Documentos/Dir_Ind_y_Energia/directorioempresas-24-07-15.pdf;2026-09-26
Ferreteria Industrial Lopez Forciniti Sociedad Anonima;López Forciniti;Rosario Sud;Ferretería industrial y fijaciones;C;4;Distribuidoras de insumos industriales;Emprendedor;lopezforciniti.com.ar;alta;Darío Forciniti;Presidente (BO Santa Fe 2013);ventaonline@lfsa.com.ar;+54 341 528-2740;sí;;;;López Forciniti se presenta como la ferretería industrial más grande del interior del país con más de 50 años en el mercado;Revisar tamaño antes de contactar;San Martín 4960 Rosario. Cargo del presidente es dato de 2013 (puede estar desactualizado). Email y teléfono publicados en su Facebook;"Hola, soy [tu nombre], de COI.
Vi que López Forciniti se presenta como la ferretería industrial más grande del interior del país con más de 50 años en el mercado.
En empresas así, con un catálogo técnico grande, el seguimiento de cada cotización y la cuenta corriente por moneda se desordenan.
COI une pipeline, catálogo de productos y cuenta corriente en pesos y dólares.
¿Te muestro una demo con tus propios datos? Son 20 minutos.
— Si no te interesa, respondé BAJA y no te escribimos más.";búsqueda web (sesión cloud);https://www.facebook.com/ferreteriaindustriallopezforciniti/ | https://www.lopezforciniti.com.ar/contacto | https://www.santafe.gov.ar/boletinoficial/recursos/boletines/16-07-2013avisospriv..html | https://ar.linkedin.com/company/lopez-forciniti-s.a.;2026-09-26
Metalurgica Forest Sociedad De Responsabilidad Limitada;Plegados Forest;Rosario Norte;Corte y plegado de chapa, corte láser y plasma, cilindrado;C;4;Metalúrgicas / metalmecánica a pedido;Emprendedor / Industrial;plegadosforest.com.ar;media;Gustavo Eduardo Domingo Semeraro;Socio (BO Santa Fe 2020);;(0341) 456-4151;sí;Julieta Cecilia Semeraro (socia);;;Plegados Forest corta y pliega chapa para la industria metalúrgica y sumó corte láser y plasma;;Web actual ubica la planta en Av. Las Palmeras 1452 Parque Industrial Metropolitano Pérez (antes Forest 5761 Rosario). Cargo de gerente no confirmado. Vínculo razón social con marca Plegados Forest según directorios;"Hola Gustavo, soy [tu nombre], de COI.
Vi que Plegados Forest corta y pliega chapa para la industria metalúrgica y sumó corte láser y plasma.
En empresas así, cada presupuesto a medida se arma distinto y el margen real por trabajo no se ve.
COI arma los presupuestos por costo más ganancia y te muestra cuánto dejó cada trabajo.
¿Te muestro una demo con tus propios datos? Son 20 minutos.
— Si no te interesa, respondé BAJA y no te escribimos más.";búsqueda web (sesión cloud);https://plegadosforest.com.ar/ | https://plegadosforest.com.ar/contacto/ | https://ar.worldorgs.com/catalogar/rosario/taller-de-metalurgia/metalurgica-forest-srl | https://www.santafe.gob.ar/boletinoficial/ver.php?seccion=2020%2F2020-08-10contratos.html;2026-09-26
"Taller De Mecanizados ""Perez"" S.R.L.";Taller de Mecanizados Pérez;Perez;Taller de mecanizado / tornería;C;4;Metalúrgicas / metalmecánica a pedido;Emprendedor / Industrial;;baja;Edgardo Antonio Bilbao;Socio (BO Santa Fe 2014);;;;Jorge Luis Braidot (socio) / Rubén Edgardo Colazo (socio);;;Taller de Mecanizados Pérez reordenó su sociedad en 2014 con tres socios de Pérez;;Dato viejo (cesión de cuotas BO 2014). Sin web ni teléfono encontrados. Confirmar que sigue activa. No confundir con Mecanizados Pérez de España ni Tecnología Pérez (Bs As);"Hola Edgardo, soy [tu nombre], de COI.
Vi que Taller de Mecanizados Pérez reordenó su sociedad en 2014 con tres socios de Pérez.
En empresas así, cada presupuesto a medida se arma distinto y el margen real por trabajo no se ve.
COI arma los presupuestos por costo más ganancia y te muestra cuánto dejó cada trabajo.
¿Te muestro una demo con tus propios datos? Son 20 minutos.
— Si no te interesa, respondé BAJA y no te escribimos más.";búsqueda web (sesión cloud);https://www.santafe.gob.ar/boletinoficial/ver.php?seccion=29-09-2014contratos.html;2026-09-26
Diac Distribuidora S.R.L.;Diac Distribuidora;Rosario Sud;Distribuidora de maderas, placas, laminados plásticos, adhesivos e insumos para carpintería;C;4;Distribuidoras de insumos industriales;Emprendedor;;baja;Sebastián Alberto González Dogliotti;Socio gerente (BO Santa Fe 2012);;(0341) 456-0393;sí;;;;Diac Distribuidora abastece de placas y laminados a carpinterías desde Av. Pte. Perón 7030 en Rosario;Revisar: insumos para carpintería/mueble, rubro fuera del núcleo industrial y posible venta a minoristas;Sin web propia encontrada. Teléfono de directorio (Páginas Amarillas / Guía Urbana). Decisor según edicto de constitución 2012 (dato viejo);"Hola Sebastian, soy [tu nombre], de COI.
Vi que Diac Distribuidora abastece de placas y laminados a carpinterías desde Av. Pte. Perón 7030 en Rosario.
En empresas así, con un catálogo técnico grande, el seguimiento de cada cotización y la cuenta corriente por moneda se desordenan.
COI une pipeline, catálogo de productos y cuenta corriente en pesos y dólares.
¿Te muestro una demo con tus propios datos? Son 20 minutos.
— Si no te interesa, respondé BAJA y no te escribimos más.";búsqueda web (sesión cloud);https://www.paginasamarillas.com.ar/fichas/diac-distribuidora_13734471 | https://www.santafe.gov.ar/boletinoficial/recursos/boletines/14-03-2012contratos.htm | https://www.cuitonline.com/detalle/30712274502/diac-distribuidora-s.r.l.html;2026-09-26
Metalurgica Carlos Giardino Srl;Metalúrgica Giardino;Villa Constitucion;Tornería, matricería y mecanizado de piezas metálicas y servicios a la industria;C;4;Metalúrgicas / metalmecánica a pedido;Emprendedor / Industrial;;baja;Marcelo Carlos Giardino;Socio gerente (BO Santa Fe 2016);;;;Gabriel Fernando Giardino (socio gerente);;;Metalúrgica Giardino ofrece tornería, matricería y mecanizado a la industria de Villa Constitución;;Sin web propia. Sin teléfono ni email encontrados. Domicilio Av. Dorrego 1145;"Hola Marcelo, soy [tu nombre], de COI.
Vi que Metalúrgica Giardino ofrece tornería, matricería y mecanizado a la industria de Villa Constitución.
En empresas así, cada presupuesto a medida se arma distinto y el margen real por trabajo no se ve.
COI arma los presupuestos por costo más ganancia y te muestra cuánto dejó cada trabajo.
¿Te muestro una demo con tus propios datos? Son 20 minutos.
— Si no te interesa, respondé BAJA y no te escribimos más.";búsqueda web (sesión cloud);https://www.santafe.gov.ar/boletinoficial/recursos/boletines/05-09-2016contratos.html;2026-09-26
Metalurgica Ricciardi S.R.L.;Metalúrgica Ricciardi;Rosario Sud;Fabricación de accesorios para materiales eléctricos, ferretería, rieles y caños;C;4;Metalúrgicas / metalmecánica a pedido;Emprendedor / Industrial;metalricciardi.com.ar;media;Leonardo Ricciardi;Socio gerente (LinkedIn);;(0341) 482-7811 / 481-3374;sí;;;;Metalúrgica Ricciardi fabrica accesorios para materiales eléctricos y ferretería en Rosario;;Homónimo en Bahía Blanca (otra CUIT): no confundir. Sin email publicado encontrado;"Hola Leonardo, soy [tu nombre], de COI.
Vi que Metalúrgica Ricciardi fabrica accesorios para materiales eléctricos y ferretería en Rosario.
En empresas así, cada presupuesto a medida se arma distinto y el margen real por trabajo no se ve.
COI arma los presupuestos por costo más ganancia y te muestra cuánto dejó cada trabajo.
¿Te muestro una demo con tus propios datos? Son 20 minutos.
— Si no te interesa, respondé BAJA y no te escribimos más.";búsqueda web (sesión cloud);http://www.metalricciardi.com.ar/ | https://ar.linkedin.com/in/leonardo-ricciardi-a00818234 | https://www.cuitonline.com/detalle/30709679291/metalurgica-ricciardi-s.r.l.html;2026-09-26
Jcd Mecanizados Srl;JCD Mecanizados;Rosario Sud;Mecanizado de precisión y torneado CNC;C;4;Metalúrgicas / metalmecánica a pedido;Emprendedor / Industrial;;baja;Juan Carlos García;Socio gerente (BO Santa Fe 2012);;0341 462-1965;sí;Daniel Pedro García (socio gerente);;;JCD Mecanizados hace torneado y mecanizado CNC de precisión en Rosario;;Sin web propia (Facebook). Gerencia de 2012. Teléfono de directorio;"Hola Juan, soy [tu nombre], de COI.
Vi que JCD Mecanizados hace torneado y mecanizado CNC de precisión en Rosario.
En empresas así, cada presupuesto a medida se arma distinto y el margen real por trabajo no se ve.
COI arma los presupuestos por costo más ganancia y te muestra cuánto dejó cada trabajo.
¿Te muestro una demo con tus propios datos? Son 20 minutos.
— Si no te interesa, respondé BAJA y no te escribimos más.";búsqueda web (sesión cloud);https://www.santafe.gov.ar/boletinoficial/recursos/boletines/11-09-2012contratos.html | https://www.cuitonline.com/detalle/30712516751/jcd-mecanizados-srl.html | https://empresasderosario.com/pagina/Jcd-Mecanizados-SRL/;2026-09-26
Auri - Metal S R L;Auri-Metal;Rosario Norte;Fabricación de bulonería, tuercas, arandelas, ganchos, abrazaderas, grampas y tensores;C;4;Metalúrgicas / metalmecánica a pedido;Emprendedor / Industrial;auri-metal.com.ar;media;Oscar Luis Volkart;Socio gerente (BO Santa Fe 2018);aurimetal@yahoo.com.ar;0341 2519410;sí;;;;Auri-Metal fabrica bulonería y accesorios de fijación en Rosario y envía a todo el país;;Dato del socio gerente de 2018: verificar vigencia. Email y teléfono según web/contacto;"Hola, soy [tu nombre], de COI.
Vi que Auri-Metal fabrica bulonería y accesorios de fijación en Rosario y envía a todo el país.
En empresas así, cada presupuesto a medida se arma distinto y el margen real por trabajo no se ve.
COI arma los presupuestos por costo más ganancia y te muestra cuánto dejó cada trabajo.
¿Te muestro una demo con tus propios datos? Son 20 minutos.
— Si no te interesa, respondé BAJA y no te escribimos más.";búsqueda web (sesión cloud);https://auri-metal.com.ar/ | https://auri-metal.com.ar/contacto | https://www.santafe.gov.ar/boletinoficial/recursos/boletines/2018-10-05contratos.html | https://www.cuitonline.com/detalle/30708018356/auri-metal-s-r-l.html;2026-09-26
Metalurgica Fio-Vic Srl;Fio-Vic;Pavon;Metalúrgica;C;4;Metalúrgicas / metalmecánica a pedido;Emprendedor / Industrial;;baja;Mario Facundo Jesús Cucciletta;Socio (BO Santa Fe 2021);;;;Fiorela María Cucciletta (socia, BO Santa Fe 2021);;;Fio-Vic registró en 2021 una cesión de cuotas entre socios de la familia Cucciletta;;Sin web propia ni canal publicado. Actividad concreta no verificada. No se confirmó quién es el socio gerente;"Hola Mario, soy [tu nombre], de COI.
Vi que Fio-Vic registró en 2021 una cesión de cuotas entre socios de la familia Cucciletta.
En empresas así, cada presupuesto a medida se arma distinto y el margen real por trabajo no se ve.
COI arma los presupuestos por costo más ganancia y te muestra cuánto dejó cada trabajo.
¿Te muestro una demo con tus propios datos? Son 20 minutos.
— Si no te interesa, respondé BAJA y no te escribimos más.";búsqueda web (sesión cloud);https://www.santafe.gob.ar/boletinoficial//ver.php?seccion=2021%2F2021-03-23contratos.html | https://www.cuitonline.com/detalle/30710269048/metalurgica-fio-vic-srl.html;2026-09-26
Serena Engranajes S.R.L.;Serena Engranajes;San Francisco;Fábrica de engranajes cónicos, helicoidales y rectos y piezas mecanizadas especiales;C;4;Metalúrgicas / metalmecánica a pedido;Emprendedor / Industrial;serenasrl.com.ar;media;;;;+54 3564 445934;sí;;;exportación;Serena Engranajes fabrica engranajes especiales en el Parque Industrial de San Francisco y figura en el directorio de exportadores de Córdoba;;Decisor sin fuente válida (solo aparece en ZoomInfo, excluido). Teléfono de ficha comercial;"Hola, soy [tu nombre], de COI.
Vi que Serena Engranajes fabrica engranajes especiales en el Parque Industrial de San Francisco y figura en el directorio de exportadores de Córdoba.
En empresas así, cada presupuesto a medida se arma distinto y el margen real por trabajo no se ve.
COI arma los presupuestos por costo más ganancia y te muestra cuánto dejó cada trabajo.
¿Te muestro una demo con tus propios datos? Son 20 minutos.
— Si no te interesa, respondé BAJA y no te escribimos más.";búsqueda web (sesión cloud);http://www.serenasrl.com.ar/company.php | https://serenasrl.com.ar/contact.php | https://www.exportadoresdecordoba.com/empresas/serena-engranajes-srl-1851.html | https://ar.linkedin.com/company/serena-engranajes-srl | https://www.cuitonline.com/detalle/30708587229/serena-engranajes-s.r.l.html;2026-09-26
Metalurgica Ap Srl;Metalúrgica AP;Villa Constitucion;Tornería y fabricación de bulones y piezas mecanizadas;C;3;Metalúrgicas / metalmecánica a pedido;Emprendedor / Industrial;;baja;;;;;;;;;Metalúrgica AP es una SRL constituida en 2018 en Villa Constitución;;Sin web propia encontrada. Sin decisor ni canal publicado;"Hola, soy [tu nombre], de COI.
Vi que Metalúrgica AP es una SRL constituida en 2018 en Villa Constitución.
En empresas así, cada presupuesto a medida se arma distinto y el margen real por trabajo no se ve.
COI arma los presupuestos por costo más ganancia y te muestra cuánto dejó cada trabajo.
¿Te muestro una demo con tus propios datos? Son 20 minutos.
— Si no te interesa, respondé BAJA y no te escribimos más.";búsqueda web (sesión cloud);https://www.cuitonline.com/detalle/30716508516/metalurgica-ap-srl.html | https://www.dnb.com/business-directory/company-profiles.metalurgica_ap_srl.a198cdb4610a17194f0d8825f299a58e.html;2026-09-26
Metalurgica Marcom S.R.L.;Marcom;Rosario Norte;Fabricación de piezas de acero para transporte y maquinaria agrícola, estándar y a pedido;C;3;Agroindustria (proveedores de servicios/insumos);Emprendedor / Industrial;metalurgicamarcom.com.ar;media;;;;;;;;;Marcom es una empresa familiar con más de 50 años fabricando piezas de acero para el transporte y el agro;;Domicilio Colombia bis 361 Rosario. No se vio email ni teléfono textual en resultados (web no consultable);"Hola, soy [tu nombre], de COI.
Vi que Marcom es una empresa familiar con más de 50 años fabricando piezas de acero para el transporte y el agro.
En empresas así, con ventas en el campo y cobranzas con cheques, cuesta saber qué se vendió y qué se cobró.
COI junta ventas, cuentas corrientes y control de cheques en un solo lugar.
¿Te muestro una demo con tus propios datos? Son 20 minutos.
— Si no te interesa, respondé BAJA y no te escribimos más.";búsqueda web (sesión cloud);https://metalurgicamarcom.com.ar/ | https://www.cuitonline.com/detalle/30708151250/metalurgica-marcom-s.r.l.html;2026-09-26
Cl Soluciones Metalurgicas Srl;CL Soluciones Metalúrgicas;Arroyo Seco;Fabricación de columnas de alumbrado y mobiliario urbano, piezas torneadas y estampadas;C;3;Metalúrgicas / metalmecánica a pedido;Emprendedor / Industrial;clmetalurgica.com.ar;alta;;;info@clmetalurgica.com.ar;;;;;;CL Soluciones Metalúrgicas fabrica columnas de alumbrado y mobiliario urbano en Arroyo Seco;;La web publica un celular (0341 15...) que no se carga por regla. Nosis indica unos 5 empleados. Domicilio Ruta 9 km 264;"Hola, soy [tu nombre], de COI.
Vi que CL Soluciones Metalúrgicas fabrica columnas de alumbrado y mobiliario urbano en Arroyo Seco.
En empresas así, cada presupuesto a medida se arma distinto y el margen real por trabajo no se ve.
COI arma los presupuestos por costo más ganancia y te muestra cuánto dejó cada trabajo.
¿Te muestro una demo con tus propios datos? Son 20 minutos.
— Si no te interesa, respondé BAJA y no te escribimos más.";búsqueda web (sesión cloud);http://www.clmetalurgica.com.ar/ | http://www.clmetalurgica.com.ar/contacto.htm | https://trade.nosis.com/es/CL-SOLUCIONES-METALURGICAS-SRL/30710589476/1/p;2026-09-26
Metalurgica Massaccesi S.R.L.;Metalúrgica Massaccesi;Rosario Norte;Tornería y matricería, fabricación de piezas metálicas;C;3;Metalúrgicas / metalmecánica a pedido;Emprendedor / Industrial;;baja;;;;0341 453 4833;sí;;;;Metalúrgica Massaccesi tiene certificación ISO 9001 y trabaja en tornería y matricería;;Sin web propia. Teléfono de directorio (UOM / Metal Argentina), verificar vigencia. Un directorio la ubica en Ruta Prov. 14 km 1, Pérez y otro en Pedro León Gallo 1731 (Rosario). La certificación ISO 9001:2000 es dato viejo. Directorio indica 8-12 empleados (no es LinkedIn/web/prensa);"Hola, soy [tu nombre], de COI.
Vi que Metalúrgica Massaccesi tiene certificación ISO 9001 y trabaja en tornería y matricería.
En empresas así, cada presupuesto a medida se arma distinto y el margen real por trabajo no se ve.
COI arma los presupuestos por costo más ganancia y te muestra cuánto dejó cada trabajo.
¿Te muestro una demo con tus propios datos? Son 20 minutos.
— Si no te interesa, respondé BAJA y no te escribimos más.";búsqueda web (sesión cloud);https://reddecentros.uom.org.ar/empresas-2-2/index.html | https://metalargentina.com/empresa-metalurgica-massaccesi-em-perez-5878 | https://www.cuitonline.com/detalle/30709558400/metalurgica-massaccesi-s.r.l.html;2026-09-26
PDH METALURGICA SAS;PDH Metalúrgica;Rosario Norte;Mecanizado, enderezado y tratamientos superficiales de hierro, acero y otros metales;C;3;Metalúrgicas / metalmecánica a pedido;Emprendedor / Industrial;;baja;;;;;;;;;PDH Metalúrgica se constituyó en Rosario en 2019 para mecanizado y tratamiento de metales;;Sin web propia ni canal encontrados. Solo edicto de constitución (BO Santa Fe 2019), domicilio Ernesto Palacios 9030 Rosario;"Hola, soy [tu nombre], de COI.
Vi que PDH Metalúrgica se constituyó en Rosario en 2019 para mecanizado y tratamiento de metales.
En empresas así, cada presupuesto a medida se arma distinto y el margen real por trabajo no se ve.
COI arma los presupuestos por costo más ganancia y te muestra cuánto dejó cada trabajo.
¿Te muestro una demo con tus propios datos? Son 20 minutos.
— Si no te interesa, respondé BAJA y no te escribimos más.";búsqueda web (sesión cloud);https://www.santafe.gob.ar/boletinoficial/ver.php?seccion=2019/20-09-2019contratos.html;2026-09-26
B A Transmisiones S R L;B.A. Transmisiones;Santos Lugares;Importación y distribución de transmisión mecánica: cadenas, piñones, rodamientos, correas, acoples;C;3;Distribuidoras de insumos industriales;Emprendedor;ba-transmisiones.com.ar;media;;;;011 4757-0758 / 011 4712-6661;sí;;;;B.A. Transmisiones abastece a la industria con productos de transmisión mecánica desde 2002;;También usa el dominio batransmisiones.com. Teléfonos publicados en su web (también 4757-7682 y 4712-3361). Decisor no encontrado en fuentes válidas;"Hola, soy [tu nombre], de COI.
Vi que B.A. Transmisiones abastece a la industria con productos de transmisión mecánica desde 2002.
En empresas así, con un catálogo técnico grande, el seguimiento de cada cotización y la cuenta corriente por moneda se desordenan.
COI une pipeline, catálogo de productos y cuenta corriente en pesos y dólares.
¿Te muestro una demo con tus propios datos? Son 20 minutos.
— Si no te interesa, respondé BAJA y no te escribimos más.";búsqueda web (sesión cloud);https://www.ba-transmisiones.com.ar/ | https://www.batransmisiones.com/ | https://www.cuitonline.com/detalle/30708123664/b-a-transmisiones-s-r-l.html;2026-09-26
Metalurgica Del Centro Srl;Metalúrgica del Centro;Camilo Aldao;Curvado y rolado de caños y perfiles;C;3;Metalúrgicas / metalmecánica a pedido;Emprendedor / Industrial;;baja;;;;;;;;;Metalúrgica del Centro curva y rola caños con envíos a todo el país;;Sin web propia (Instagram @metalurgicadel_centro y Facebook). Constituida en 2018, Urquiza 1165 Camilo Aldao. Hay homónimos (Metalúrgica Centro SRL, otra en Colonia Menonita);"Hola, soy [tu nombre], de COI.
Vi que Metalúrgica del Centro curva y rola caños con envíos a todo el país.
En empresas así, cada presupuesto a medida se arma distinto y el margen real por trabajo no se ve.
COI arma los presupuestos por costo más ganancia y te muestra cuánto dejó cada trabajo.
¿Te muestro una demo con tus propios datos? Son 20 minutos.
— Si no te interesa, respondé BAJA y no te escribimos más.";búsqueda web (sesión cloud);https://www.cuitonline.com/detalle/30716336790/metalurgica-del-centro-srl.html | https://www.instagram.com/metalurgicadel_centro/ | https://www.facebook.com/metalurgicadelcentro/;2026-09-26
Industrias Metal Parts S.R.L.;Metal Parts;Rosario Norte;Metalúrgica de matricería y estampado de piezas;C;3;Metalúrgicas / metalmecánica a pedido;Emprendedor / Industrial;;baja;;;;;;;;;Metal Parts fabrica piezas metálicas por matricería y estampado en Rosario desde 2016;;Ghiraldo 1779 Rosario. Activa en el registro municipal de generadores de residuos (2024). Sin web propia (impsrl.com.ar es Industrial Metal Parts, otra empresa). Sin decisor ni canal verificado;"Hola, soy [tu nombre], de COI.
Vi que Metal Parts fabrica piezas metálicas por matricería y estampado en Rosario desde 2016.
En empresas así, cada presupuesto a medida se arma distinto y el margen real por trabajo no se ve.
COI arma los presupuestos por costo más ganancia y te muestra cuánto dejó cada trabajo.
¿Te muestro una demo con tus propios datos? Son 20 minutos.
— Si no te interesa, respondé BAJA y no te escribimos más.";búsqueda web (sesión cloud);https://empresasderosario.com/pagina/Industrias-Metal-Parts-SRL/ | https://datos.rosario.gob.ar/sites/default/files/2024-08/Registro%20de%20Generadores%20de%20Residuos%20Peligrosos.pdf | https://w20argentina.com/empresa/industrias-metal-parts-srl-30715095366;2026-09-26
Bulonera Centro S R L;Bulonera Centro;Obera;Bulonera y ferretería industrial, venta mayorista y minorista;C;3;Distribuidoras de insumos industriales;Emprendedor;;baja;;;;(03755) 40-0653;sí;;;;Bulonera Centro comercializa bulones y ferretería industrial desde Oberá;Posible minorista: vende al por mayor y menor (ferretería). Revisar peso del canal mayorista antes de contactar;Sin web propia (solo Facebook). Teléfono de directorio (Guía Urbana / Portal Industrial). Dirección Avellaneda 849 u otra en Santa Fe 242 según directorio. Decisor no encontrado;"Hola, soy [tu nombre], de COI.
Vi que Bulonera Centro comercializa bulones y ferretería industrial desde Oberá.
En empresas así, con un catálogo técnico grande, el seguimiento de cada cotización y la cuenta corriente por moneda se desordenan.
COI une pipeline, catálogo de productos y cuenta corriente en pesos y dólares.
¿Te muestro una demo con tus propios datos? Son 20 minutos.
— Si no te interesa, respondé BAJA y no te escribimos más.";búsqueda web (sesión cloud);https://www.guiaurbana.com.ar/empresas/bulonera-centro-srl-obera | https://www.portal-industrial.com.ar/empresa/bulonera-centro-srl/37316/ | https://www.facebook.com/p/Bulonera-Centro-SRL-61558632368042/;2026-09-26
Frigorifico La Rural Srl;Frigorífico La Rural;Formosa;Frigorífico (faena y procesamiento de carne);C;3;Agroindustria (proveedores de servicios/insumos);Emprendedor / Industrial;;baja;;;;;;;;;Frigorífico La Rural opera en la ciudad de Formosa como SRL desde 2004;;Sin web propia (solo Facebook). Teléfono de directorio truncado en la búsqueda, no cargado. Decisor no encontrado. No confirmado si vende a consumidor final;"Hola, soy [tu nombre], de COI.
Vi que Frigorífico La Rural opera en la ciudad de Formosa como SRL desde 2004.
En empresas así, con ventas en el campo y cobranzas con cheques, cuesta saber qué se vendió y qué se cobró.
COI junta ventas, cuentas corrientes y control de cheques en un solo lugar.
¿Te muestro una demo con tus propios datos? Son 20 minutos.
— Si no te interesa, respondé BAJA y no te escribimos más.";búsqueda web (sesión cloud);https://www.cuitonline.com/detalle/30708987863/frigorifico-la-rural-srl.html | https://www.guiaurbana.com.ar/empresas/frigorifico-la-rural-srl-formosa | https://www.facebook.com/frigorificolarural.srl.1/;2026-09-26
Torneria Norte Srl;Tornería Norte;Goya;Tornería y metalmecánica;C;3;Metalúrgicas / metalmecánica a pedido;Emprendedor / Industrial;;baja;;;;(03777) 42-3998;sí;;;;Tornería Norte trabaja como tornería en Goya;;Sin web propia. Teléfono de directorio (abctelefonos / licuo), dirección T. Mazzanti 585. Decisor no encontrado. Homónimos en Tandil y Uruguay;"Hola, soy [tu nombre], de COI.
Vi que Tornería Norte trabaja como tornería en Goya.
En empresas así, cada presupuesto a medida se arma distinto y el margen real por trabajo no se ve.
COI arma los presupuestos por costo más ganancia y te muestra cuánto dejó cada trabajo.
¿Te muestro una demo con tus propios datos? Son 20 minutos.
— Si no te interesa, respondé BAJA y no te escribimos más.";búsqueda web (sesión cloud);https://www.abctelefonos.com/torneria_norte_srl_ar_616792 | https://goya.licuo.com.ar/empresas/torneria_norte_srl-203314 | https://www.dateas.com/es/empresa/torneria-norte-srl-30709609633;2026-09-26
Metalurgica Giaroli S R L;Giaroli;Las Parejas;Fábrica de maquinaria agrícola (rastras de discos, acoplados, tolvas, embolsadoras);C;3;Metalúrgicas / metalmecánica a pedido;Emprendedor / Industrial;giaroli.com.ar;media;Lucas Giaroli;Tercera generación de la familia (Bichos de Campo);;+54 3471 471272;sí;;;;Giaroli contó que la demanda de rastras de discos volvió con mucha fuerza;;Email de la web aparece ofuscado en la búsqueda, no cargado. Cargo formal de Lucas Giaroli no especificado. Dirección Hipólito Yrigoyen 209, Área Industrial Las Parejas. Año de la nota de prensa no visible;"Hola Lucas, soy [tu nombre], de COI.
Vi que Giaroli contó que la demanda de rastras de discos volvió con mucha fuerza.
En empresas así, cada presupuesto a medida se arma distinto y el margen real por trabajo no se ve.
COI arma los presupuestos por costo más ganancia y te muestra cuánto dejó cada trabajo.
¿Te muestro una demo con tus propios datos? Son 20 minutos.
— Si no te interesa, respondé BAJA y no te escribimos más.";búsqueda web (sesión cloud);http://www.giaroli.com.ar/ | https://bichosdecampo.com/los-bicharracos-de-campo-tercera-generacion-de-metalurgicos-de-las-parejas-lucas-giaroli-cuenta-que-la-demanda-de-rastras-de-discos-regreso-con-mucha-fuerza/ | https://maquinac.com/empresas/giaroli/;2026-09-26
Bulonera Posadas S.R.L.;Bulonera Posadas;Posadas;Bulonera y ferretería industrial: máquinas, herramientas e insumos para construcción, industria y hogar (mayorista y minorista);C;3;Distribuidoras de insumos industriales;Emprendedor;buloneraposadas.com.ar;media;;;buloneraposadas@yahoo.com.ar;(0376) 444-7531 / 444-7527;sí;;;;Bulonera Posadas es una empresa familiar fundada en 1993 que abastece a profesionales e industrias desde la avenida Uruguay en Posadas;Vende también a consumidor final (local de ferretería): revisar encaje;Email y teléfonos según página de contacto de la web propia y directorios. Otro teléfono en directorios: (0376) 442-2206. Sin decisor identificado;"Hola, soy [tu nombre], de COI.
Vi que Bulonera Posadas es una empresa familiar fundada en 1993 que abastece a profesionales e industrias desde la avenida Uruguay en Posadas.
En empresas así, con un catálogo técnico grande, el seguimiento de cada cotización y la cuenta corriente por moneda se desordenan.
COI une pipeline, catálogo de productos y cuenta corriente en pesos y dólares.
¿Te muestro una demo con tus propios datos? Son 20 minutos.
— Si no te interesa, respondé BAJA y no te escribimos más.";búsqueda web (sesión cloud);https://buloneraposadas.com.ar/contacto/ | https://www.cuitonline.com/detalle/30687896773/bulonera-posadas-s.r.l.html | https://buloneramoron.com.ar/bulonera/bulonera-posadas-srl/;2026-09-26
Metalurgica Don Alvino Srl;Metalúrgica Don Alvino;Calchaqui;Fabricación y reparación de implementos agrícolas y piezas metálicas e hidráulicas a pedido;C;3;Metalúrgicas / metalmecánica a pedido;Emprendedor / Industrial;;baja;Florencia Spanghero;Socia (BO Santa Fe 2020);;;;Lucila Spanghero (socia);;;Metalúrgica Don Alvino fabrica y repara implementos agrícolas y piezas a pedido en Calchaquí desde 2019;;Sin web ni canal publicado. Gerencia no confirmada;"Hola Florencia, soy [tu nombre], de COI.
Vi que Metalúrgica Don Alvino fabrica y repara implementos agrícolas y piezas a pedido en Calchaquí desde 2019.
En empresas así, cada presupuesto a medida se arma distinto y el margen real por trabajo no se ve.
COI arma los presupuestos por costo más ganancia y te muestra cuánto dejó cada trabajo.
¿Te muestro una demo con tus propios datos? Son 20 minutos.
— Si no te interesa, respondé BAJA y no te escribimos más.";búsqueda web (sesión cloud);https://www.santafe.gob.ar/boletinoficial/ver.php?seccion=2020/2020-04-13contratos.html;2026-09-26
Esi-Gas S.A.;Esi Gas;San Jose;Estación de GNC e instalaciones de gas;C;3;Instalaciones (eléctricas, termomecánicas, gas, incendio);Industrial;esigas.com.ar;media;;;;0261 430-8414;sí;;;;Esi Gas opera estaciones de GNC en el Gran Mendoza;Descarte: estación de servicio (GNC);San José es de Guaymallén, Mendoza (no Santa Fe). Teléfono de directorio;"Hola, soy [tu nombre], de COI.
Vi que Esi Gas opera estaciones de GNC en el Gran Mendoza.
En empresas así, las oportunidades y los gastos de cada obra quedan repartidos entre planillas y WhatsApp.
COI sigue cada oportunidad hasta el cierre e imputa los gastos a cada obra.
¿Te muestro una demo con tus propios datos? Son 20 minutos.
— Si no te interesa, respondé BAJA y no te escribimos más.";búsqueda web (sesión cloud);https://www.cuitonline.com/detalle/30707118039/esi-gas-s.a.html | https://www.paginasamarillas.com.ar/fichas/gnc-esi-gas_13463670 | https://www.cylex.com.ar/mendoza/gnc-esi-gas-11184323.html;2026-09-26
Metalurgica Gimenez Hnos S.R.L.;Metalúrgica Giménez Hnos;Rosario Norte;Estructuras metálicas y mecanizado de precisión;C;3;Montajes industriales y estructuras metálicas;Industrial;;baja;;;;0341 438-7051;sí;;;;Metalúrgica Giménez Hnos fabrica estructuras metálicas y mecanizados en Rosario desde 1990;;Sin web propia (Facebook e Instagram). Decisor no identificado. Teléfono de directorio;"Hola, soy [tu nombre], de COI.
Vi que Metalúrgica Giménez Hnos fabrica estructuras metálicas y mecanizados en Rosario desde 1990.
En empresas así, el costo real de cada proyecto suele aparecer recién al cerrarlo.
COI junta presupuestos, gastos por proyecto y cobranzas en pesos y dólares, y te muestra el margen mientras el proyecto avanza.
¿Te muestro una demo con tus propios datos? Son 20 minutos.
— Si no te interesa, respondé BAJA y no te escribimos más.";búsqueda web (sesión cloud);https://empresasderosario.com/pagina/Metalurgica-Gimenez-Hnos-SRL/ | https://www.cuitonline.com/detalle/30711041458/metalurgica-gimenez-hnos-s.r.l.html | https://www.instagram.com/gimenezmetalurgica/;2026-09-26
Metalurgica R D C Srl;Metalúrgica RDC;Capitan Bermudez;Fabricación de accesorios e insumos metálicos para panaderías;C;3;Metalúrgicas / metalmecánica a pedido;Emprendedor / Industrial;metardc.com.ar;media;;;;;;;;;Metalúrgica RDC fabrica accesorios metálicos para panaderías en Capitán Bermúdez desde 1998;;Sin decisor ni canal textual encontrado. Domicilio Quintana 351;"Hola, soy [tu nombre], de COI.
Vi que Metalúrgica RDC fabrica accesorios metálicos para panaderías en Capitán Bermúdez desde 1998.
En empresas así, cada presupuesto a medida se arma distinto y el margen real por trabajo no se ve.
COI arma los presupuestos por costo más ganancia y te muestra cuánto dejó cada trabajo.
¿Te muestro una demo con tus propios datos? Son 20 minutos.
— Si no te interesa, respondé BAJA y no te escribimos más.";búsqueda web (sesión cloud);http://www.metardc.com.ar/index.html | https://www.facebook.com/metardc/ | https://www.cuitonline.com/detalle/30698308628/metalurgica-r-d-c-srl.html;2026-09-26
Metalurgica Jama S.A.;Jama;Barrio Empalme Fcbm;Mecanizado CNC, matricería, copiado de superficies y oxicorte/plasma;C;3;Metalúrgicas / metalmecánica a pedido;Emprendedor / Industrial;metalurgicajama.com.ar;media;;;;;;;6-10 (Nosis);;Jama hace mecanizado CNC, matricería y corte por plasma en Córdoba con 20 años en el mercado;;Domicilio Totoralejos 2268, Córdoba. Homónima en Brasil (Santa Rosa RS), no confundir. Sin decisor ni canal textual encontrado;"Hola, soy [tu nombre], de COI.
Vi que Jama hace mecanizado CNC, matricería y corte por plasma en Córdoba con 20 años en el mercado.
En empresas así, cada presupuesto a medida se arma distinto y el margen real por trabajo no se ve.
COI arma los presupuestos por costo más ganancia y te muestra cuánto dejó cada trabajo.
¿Te muestro una demo con tus propios datos? Son 20 minutos.
— Si no te interesa, respondé BAJA y no te escribimos más.";búsqueda web (sesión cloud);http://www.metalurgicajama.com.ar/ | https://www.cuitonline.com/detalle/30711519927/metalurgica-jama-s.a.html | https://trade.nosis.com/en/METALURGICA-JAMA-SA/30711519927/1/p;2026-09-26
RODAMIENTOS S.R.L.;Rodamientos Corrientes;;Venta mayorista y minorista e importación de rodamientos, repuestos y accesorios;C;3;Distribuidoras de insumos industriales;Emprendedor;rodamientosctes.com.ar;media;;;;0379 446-9442;sí;;2-10 (LinkedIn);;Rodamientos Corrientes envía rodamientos y repuestos a todo el país desde Corrientes;Revisar: vende también al por menor (mostrador);Localidad Corrientes (Av. Independencia 3325). Fundada en 2009. Sin decisor encontrado;"Hola, soy [tu nombre], de COI.
Vi que Rodamientos Corrientes envía rodamientos y repuestos a todo el país desde Corrientes.
En empresas así, con un catálogo técnico grande, el seguimiento de cada cotización y la cuenta corriente por moneda se desordenan.
COI une pipeline, catálogo de productos y cuenta corriente en pesos y dólares.
¿Te muestro una demo con tus propios datos? Son 20 minutos.
— Si no te interesa, respondé BAJA y no te escribimos más.";búsqueda web (sesión cloud);http://rodamientosctes.com.ar/ | https://www.linkedin.com/company/rodamientos-corrientes-s.r.l. | https://argentinafirm.com/corrientes/rodamientos-corrientes-89100;2026-09-26
SCLAUZERO METALURGICA S.A.SCórdoba;Metalúrgica Sclauzero;RIO TERCERO;Metalúrgica: maquinaria agrícola (máquinas para granos y maní), reparación, acoplados, corte y plegado de chapa;C;3;Metalúrgicas / metalmecánica a pedido;Emprendedor / Industrial;;baja;;;;03571 421667;sí;Luis Vicente Sclauzero (titular de Ind. Metalúrgicas Sclauzero según guía, no confirmado para la S.A.S.) / Levis Alejandro Sclauzero (figura en guía con rubro acoplados y plegado de chapa, vínculo no confirmado);;;Metalúrgica Sclauzero fabrica y repara maquinaria agrícola para granos y maní en Río Tercero;;Razón social en entrada con texto pegado (S.A.S + Córdoba). Sin web propia (Facebook e Instagram @metalurgicasclauzero). Teléfono de directorio. Hay dos direcciones Sclauzero (Independencia 145 y Angélica Ortiz 35): revisar cuál corresponde a la S.A.S.;"Hola, soy [tu nombre], de COI.
Vi que Metalúrgica Sclauzero fabrica y repara maquinaria agrícola para granos y maní en Río Tercero.
En empresas así, cada presupuesto a medida se arma distinto y el margen real por trabajo no se ve.
COI arma los presupuestos por costo más ganancia y te muestra cuánto dejó cada trabajo.
¿Te muestro una demo con tus propios datos? Son 20 minutos.
— Si no te interesa, respondé BAJA y no te escribimos más.";búsqueda web (sesión cloud);https://www.facebook.com/p/Metal%C3%BArgica-Sclauzero-100038005418085/ | https://www.argentino.com.ar/sclauzero-luis-vicente-indmetalurgicas-sclauzero-F1B0BC50312 | https://www.argentino.com.ar/sclauzero-levis-alejandro-F1B06C80119 | https://www.instagram.com/metalurgicasclauzero/;2026-09-26
Motores Electromecanica Atlas S.A.;Electromecánica Atlas;;Fabricación y reparación de motores eléctricos y bombas de agua para industria y refrigeración;B;8;Metalúrgicas / metalmecánica a pedido;Emprendedor / Industrial;electromecanica-atlas.com;alta;Mario Sebastián Puccar;Presidente (BO 2021);info@motoresatlas.com;4921-0223;sí;Juan Emilio Puccar (director suplente);30 operarios (guiadebombas);mantenimiento;Electromecánica Atlas repara y fabrica motores eléctricos y bombas desde hace más de 60 años;;Empresa familiar fundada por los hermanos Puccar. Dirección Av. La Plata 2109, CABA. Localidad vacía en la entrada;"Hola Mario, soy [tu nombre], de COI.
Vi que Electromecánica Atlas repara y fabrica motores eléctricos y bombas desde hace más de 60 años.
En empresas así, cada presupuesto a medida se arma distinto y el margen real por trabajo no se ve.
COI arma los presupuestos por costo más ganancia y te muestra cuánto dejó cada trabajo.
¿Te muestro una demo con tus propios datos? Son 20 minutos.
— Si no te interesa, respondé BAJA y no te escribimos más.";búsqueda web (sesión cloud);https://www.electromecanica-atlas.com/ | http://www.electromecanica-atlas.com/contacto/ | https://guiadebombas.com/atlas-electromecanica-pasin-por-las-cosas-bien-hechas/ | https://www.cuitonline.com/detalle/33711308429/motores-electromecanica-atlas-s.a.html;2026-09-26
Innova Ingenieria S.A.;Innova Ingeniería;Santo Tome;Diseño, fabricación y mantenimiento de equipos y sistemas de transporte de sólidos a medida para agro, fertilizantes, industria y minería;B;8;Minería y energía (proveedores y contratistas);Industrial;innova-ing.com;alta;;;innova@innova-ing.com;0342 474-1111;sí;;11-50 (LinkedIn);minería | mantenimiento | exportación | proyectos;Innova Ingeniería se incorporó como socia a la Cámara de Comercio Exterior de Santa Fe (CaCESFe);;Decisor no identificado. En resultados aparece también un email personal (Sebastián Vera Candioti) sin cargo confirmado: no se usa. Año de ingreso a CaCESFe no visto. La empresa comunica más de 40 años de trayectoria (desde 1980);"Hola, soy [tu nombre], de COI.
Vi que Innova Ingeniería se incorporó como socia a la Cámara de Comercio Exterior de Santa Fe (CaCESFe).
En empresas así, entre el trabajo en campo, la facturación en dólares y las certificaciones se pierde el control del proyecto.
COI lleva la cuenta corriente en pesos y dólares por separado y factura por anticipo y certificación de avance.
¿Te muestro una demo con tus propios datos? Son 20 minutos.
— Si no te interesa, respondé BAJA y no te escribimos más.";búsqueda web (sesión cloud);https://innova-ing.com/ | https://ar.linkedin.com/company/innovaingenieriaar | https://www.comercioexterior.org.ar/nota/5960-bienvenido-innova-ingenieria-sa-a-cacesfe.html | https://www.cuitonline.com/detalle/30710926634/innova-ingenieria-s.a.html;2026-09-26
Semac Construcciones S A;Brayco;San Lorenzo;Construcción civil e industrial, movimiento de suelos y alquiler de grúas y maquinaria vial;B;7;Montajes industriales y estructuras metálicas;Industrial;brayco.com.ar;media;Martín Blanco;Gerente general (LinkedIn);;3476-306464;sí;;100-200 (Dunsguide);obras | montaje | petrolera | energía | proyectos;Brayco opera una base en Añelo para trabajos en Vaca Muerta;Tamaño medio-alto (100-200 empleados) y opera como Grupo Brayco: revisar antes de contactar;Marca comercial Brayco / Brayco Rental (braycorental.com.ar). Teléfono de directorio. Socia de la Cámara de Comercio de San Lorenzo;"Hola Martin, soy [tu nombre], de COI.
Vi que Brayco opera una base en Añelo para trabajos en Vaca Muerta.
En empresas así, el costo real de cada proyecto suele aparecer recién al cerrarlo.
COI junta presupuestos, gastos por proyecto y cobranzas en pesos y dólares, y te muestra el margen mientras el proyecto avanza.
¿Te muestro una demo con tus propios datos? Son 20 minutos.
— Si no te interesa, respondé BAJA y no te escribimos más.";búsqueda web (sesión cloud);https://www.dunsguide.com/es/company/95fa4a3180a13545665d4c7229dabdc9/semac-construcciones-sa | https://www.linkedin.com/in/mart%C3%ADn-blanco-38458773/ | https://braycorental.com.ar/contacto/ | https://www.linkedin.com/posts/braycoargentina_brayco-base-a%C3%B1elo-vaca-muerta-2020-manto-activity-6706908676558585856-mieo | https://www.camara-sl.org.ar/website/asociado/semac-construcciones-sa/;2026-09-26
Rosario Agro Industrial Srl;Rosario Agro Industrial;Rosario Norte;Distribución de repuestos y elementos de transmisión de potencia para maquinaria agrícola e industrial;B;7;Agroindustria (proveedores de servicios/insumos);Emprendedor / Industrial;rosarioagroindustrial.com;media;;;;+54 341 440-4218;sí;;11-50 (LinkedIn);representantes | vendedores;Rosario Agro Industrial comercializa cadenas, engranajes, reductores y poleas desde 1972 con sistema de calidad ISO 9001:2015;;Empresa familiar en Urquiza 2253/55. Teléfono de directorio. Sin decisor ni email textual encontrados;"Hola, soy [tu nombre], de COI.
Vi que Rosario Agro Industrial comercializa cadenas, engranajes, reductores y poleas desde 1972 con sistema de calidad ISO 9001:2015.
En empresas así, con ventas en el campo y cobranzas con cheques, cuesta saber qué se vendió y qué se cobró.
COI junta ventas, cuentas corrientes y control de cheques en un solo lugar.
¿Te muestro una demo con tus propios datos? Son 20 minutos.
— Si no te interesa, respondé BAJA y no te escribimos más.";búsqueda web (sesión cloud);https://www.rosarioagroindustrial.com/ | https://www.rosarioagroindustrial.com/empresa.php | https://ar.linkedin.com/company/rosario-agro-industrial | https://www.paginasamarillas.com.ar/fichas/rosario-agro-industrial_14942860;2026-09-26
Moro Hidraulica S.R.L.;Moro Hidráulica;Las Parejas;Fabricación de cilindros y componentes oleohidráulicos para maquinaria agrícola, vial e industrial;B;7;Agroindustria (proveedores de servicios/insumos);Emprendedor / Industrial;morohidraulica.com.ar;alta;Mariano Moro;Socio gerente (INTI Pymes Exportan 2022);ventas@morohidraulica.com.ar;+54 3471 471414;sí;;;vendedores | exportación;Moro Hidráulica cumplió 50 años fabricando cilindros hidráulicos en Las Parejas con capacidad de 30.000 cilindros por año;;Rubro de entrada decía distribuidora pero es fabricante. También publica info@morohidraulica.com.ar y WhatsApp comercial +54 9 3471 627991. Certificaciones ISO 9001, 14001 y 45001;"Hola Mariano, soy [tu nombre], de COI.
Vi que Moro Hidráulica cumplió 50 años fabricando cilindros hidráulicos en Las Parejas con capacidad de 30.000 cilindros por año.
En empresas así, con ventas en el campo y cobranzas con cheques, cuesta saber qué se vendió y qué se cobró.
COI junta ventas, cuentas corrientes y control de cheques en un solo lugar.
¿Te muestro una demo con tus propios datos? Son 20 minutos.
— Si no te interesa, respondé BAJA y no te escribimos más.";búsqueda web (sesión cloud);https://morohidraulica.com.ar/contacto/ | https://www.argentina.gob.ar/inti/pymes-exportan/maquinaria-agricola-y-agropartes/edicion-19-enero-2022/moro-hidraulica-srl | https://www.youtube.com/watch?v=oAFZJ4wXCW8;2026-09-26
Lory Maquinas Sas;Lory Máquinas;Obera;Fabricación de cosechadoras y maquinaria para té, yerba mate y tabaco;B;7;Industrial B2B (otro);Emprendedor;lorymaquinas.com;alta;David Lory;Director (prensa 2025);administracion@lorymaquinas.com;+54 3755 28-1984;sí;Jorge Lory (director, prensa 2025);17 (Economis 2025);exportación | proyectos;Lory Máquinas exportó en 2025 su primera cosechadora de té multifuncional a Carolina del Sur (Estados Unidos);;Exportó antes a Ecuador (2017), Kenia (2018) y Brasil (2024). Email y teléfono vistos en directorio (argentino.com.ar): confirmar en la web. El teléfono puede ser móvil;"Hola David, soy [tu nombre], de COI.
Vi que Lory Máquinas exportó en 2025 su primera cosechadora de té multifuncional a Carolina del Sur (Estados Unidos).
En empresas así, la información de ventas y administración queda repartida entre planillas, mails y WhatsApp.
COI pone ventas, administración y números de la dirección en un solo sistema.
¿Te muestro una demo con tus propios datos? Son 20 minutos.
— Si no te interesa, respondé BAJA y no te escribimos más.";búsqueda web (sesión cloud);https://economis.com.ar/lory-maquinas-exporta-su-primera-cosechadora-de-te-a-estados-unidos-y-consolida-el-perfil-exportador-de-misiones/ | https://misionesonline.net/2025/08/05/lory-maquinas/ | https://bichosdecampo.com/de-obera-a-carolina-del-sur-una-maquina-cosechadora-de-te-sera-exportada-por-la-sorprendente-fabrica-lory-a-los-estados-unidos/ | https://www.argentino.com.ar/lory-maquinas-F120BC20119D14D | https://www.lorymaquinas.com/en/;2026-09-26
Accesorios Industriales S.R.L.;Accesorios Industriales;San Lorenzo;Distribución de cañerías, bridas, válvulas y accesorios para fluidos industriales;B;7;Minería y energía (proveedores y contratistas);Industrial;accesoriosindustrialessrl.com;media;Silvia Carina Romagnoli;Socia gerente (BO Santa Fe 2015);;+54 3476 44-9738;sí;Antonela Elisabet Castro Romagnoli (Socia gerente, BO Santa Fe 2015);;representantes | petrolera | energía | minería;Accesorios Industriales es representante exclusivo de Esco Argentina en Santa Fe y Córdoba;;Teléfono de directorio (near-place), verificar. Gerencia según contrato de 2015, puede estar desactualizada;"Hola Silvia, soy [tu nombre], de COI.
Vi que Accesorios Industriales es representante exclusivo de Esco Argentina en Santa Fe y Córdoba.
En empresas así, entre el trabajo en campo, la facturación en dólares y las certificaciones se pierde el control del proyecto.
COI lleva la cuenta corriente en pesos y dólares por separado y factura por anticipo y certificación de avance.
¿Te muestro una demo con tus propios datos? Son 20 minutos.
— Si no te interesa, respondé BAJA y no te escribimos más.";búsqueda web (sesión cloud);https://www.santafe.gov.ar/boletinoficial/recursos/boletines/08-10-2015contratos.html | http://www.accesoriosindustrialessrl.com/ | https://buscoempresa.com/listing/accesorios-industriales-srl/ | https://ar.near-place.com/accesorios-industriales-srl-ruta-nacional-11-343-san-lorenzo;2026-09-26
Gauss Ingenieria Sociedad Por Acciones Simplificada;Gauss Ingeniería;Rio Gallegos;Diseño, fabricación y certificación de tableros eléctricos de baja tensión, celdas de media tensión y control industrial, e ingeniería eléctrica y electromecánica;B;6;Montajes industriales y estructuras metálicas;Industrial;ingenieriagauss.com;alta;;;ventas@ingenieriagauss.com;;;;;proyectos | montaje | minería | petrolera | energía | exportación;Gauss Ingeniería diseña y fabrica tableros eléctricos y centros de control de motores para proyectos de minería, oil & gas e industria química;;Sede en Ruta Nacional 3 km 2602 Río Gallegos y planta en Río Tercero (Córdoba). Dice cubrir Chile, Perú y Brasil. Decisor no encontrado. Tamaño sin fuente válida (un perfil agregado indica 11-50);"Hola, soy [tu nombre], de COI.
Vi que Gauss Ingeniería diseña y fabrica tableros eléctricos y centros de control de motores para proyectos de minería, oil & gas e industria química.
En empresas así, el costo real de cada proyecto suele aparecer recién al cerrarlo.
COI junta presupuestos, gastos por proyecto y cobranzas en pesos y dólares, y te muestra el margen mientras el proyecto avanza.
¿Te muestro una demo con tus propios datos? Son 20 minutos.
— Si no te interesa, respondé BAJA y no te escribimos más.";búsqueda web (sesión cloud);https://ingenieriagauss.com/ | https://ingenieriagauss.com/servicios.html | https://www.instagram.com/gauss.ingenieria/ | https://www.cuitonline.com/detalle/30716632225/gauss-ingenieria-sociedad-por-acciones-simplificada.html;2026-09-26
Lsi Construcciones S.A.;LSI Construcciones;San Nicolas;Mantenimiento integral y aislaciones térmicas en centrales termoeléctricas y limpieza criogénica;B;6;Minería y energía (proveedores y contratistas);Industrial;lsiconstrucciones.com.ar;alta;;;lsi@lsiconstrucciones.com.ar;;;;;mantenimiento | energía | obras;LSI Construcciones tiene la representación exclusiva de la estadounidense EAI para limpieza criogénica en Latinoamérica;;Fundada en 2004. No se encontró decisor en fuentes válidas. Email tomado de la web propia vía buscador (verificar en la página de contacto). Tamaño solo en ZoomInfo (no usable);"Hola, soy [tu nombre], de COI.
Vi que LSI Construcciones tiene la representación exclusiva de la estadounidense EAI para limpieza criogénica en Latinoamérica.
En empresas así, entre el trabajo en campo, la facturación en dólares y las certificaciones se pierde el control del proyecto.
COI lleva la cuenta corriente en pesos y dólares por separado y factura por anticipo y certificación de avance.
¿Te muestro una demo con tus propios datos? Son 20 minutos.
— Si no te interesa, respondé BAJA y no te escribimos más.";búsqueda web (sesión cloud);http://www.lsiconstrucciones.com.ar/ | http://www.lsiconstrucciones.com.ar/servicios.html;2026-09-26
Talleres Filippini Sociedad De Responsabilidad Limitada;Talleres Filippini;Villa Gobernador Galvez;Estampado y procesamiento integral de chapa y mecanizado CNC de piezas;B;6;Metalúrgicas / metalmecánica a pedido;Emprendedor / Industrial;talleresfilippini.com.ar;media;;;;+54 9 341 665-2541 (WhatsApp ventas publicado en la web);sí;;;minería | petrolera | área comercial;Talleres Filippini estampa piezas metálicas desde 1964 para agro, carrocería, automotriz, línea blanca, minería y petróleo con certificación ISO 9001;;Empresa familiar. Segundo WhatsApp de ventas publicado +54 9 341 586-5592 (6 a 14 hs). Resultado del BO Santa Fe menciona cambios de gerencia pero no se confirmó que sea esta sociedad: decisor vacío. Directorios la clasifican mal como bicicletas;"Hola, soy [tu nombre], de COI.
Vi que Talleres Filippini estampa piezas metálicas desde 1964 para agro, carrocería, automotriz, línea blanca, minería y petróleo con certificación ISO 9001.
En empresas así, cada presupuesto a medida se arma distinto y el margen real por trabajo no se ve.
COI arma los presupuestos por costo más ganancia y te muestra cuánto dejó cada trabajo.
¿Te muestro una demo con tus propios datos? Son 20 minutos.
— Si no te interesa, respondé BAJA y no te escribimos más.";búsqueda web (sesión cloud);https://talleresfilippini.com.ar/ | https://talleresfilippini.com.ar/contacto.html | https://www.talleresfilippini.com.ar/mecanizado.html | https://www.macanuda.com.ar/talleresfilippini/certificadoiram9001.pdf;2026-09-26
Talleres Galan S.A.;Grupo Galán;Pergamino;Rectificación integral de motores y fabricación de grupos electrógenos, grupos de riego y motobombas contra incendio;B;6;Minería y energía (proveedores y contratistas);Industrial;grupogalan.com.ar;media;Roberto Adolfo Galán;Titular (web Grupo Galán);;(02477) 430900;sí;Cruz María Galán (conducción) / María Soledad Galán (conducción);;energía | mantenimiento;Grupo Galán abastece de energía al mercado argentino con grupos electrógenos en alianza con FPT Industrial (2024);;Emails publicados en catálogo industrial de Pergamino son genéricos gmail/speedy (talleresgalan.pergamino@gmail.com). Otros teléfonos 434447 / 434319. Direcciones Ruta 8 km 223 y Av. Bucar 553;"Hola Roberto, soy [tu nombre], de COI.
Vi que Grupo Galán abastece de energía al mercado argentino con grupos electrógenos en alianza con FPT Industrial (2024).
En empresas así, entre el trabajo en campo, la facturación en dólares y las certificaciones se pierde el control del proyecto.
COI lleva la cuenta corriente en pesos y dólares por separado y factura por anticipo y certificación de avance.
¿Te muestro una demo con tus propios datos? Son 20 minutos.
— Si no te interesa, respondé BAJA y no te escribimos más.";búsqueda web (sesión cloud);http://grupogalan.com.ar/empresa/ | https://pergaminoindustria.com.ar/talleres-galan/ | https://www.ivecogroup.com/media/brand_press_releases/2024/SOUTH-AMERICA-(SPANISH)/FPT/potenciando_la_industria_fpt_industrial_y_grupo_galn_abastecen_de_energa_al_mercado_argentino_20240612T165632T273_0yymdpwavhoq3meozbdicnqi;2026-09-26
Metalurgica San Jorge S.A;Metalúrgica San Jorge;San Jorge;Refrigeración industrial: fabricación de compresores alternativos, bombas y máquinas de hielo en escamas;B;6;Montajes industriales y estructuras metálicas;Industrial;metalsanjorge.com;media;;;;(03406) 444001;sí;;;montaje | proyectos | exportación;Metalúrgica San Jorge tiene más de 700 equipos de refrigeración funcionando en Argentina y países limítrofes;;Fundada en 1964. Email publicado es hotmail (metalsanjorge@hotmail.com). Decisor no confirmado en fuente citable;"Hola, soy [tu nombre], de COI.
Vi que Metalúrgica San Jorge tiene más de 700 equipos de refrigeración funcionando en Argentina y países limítrofes.
En empresas así, el costo real de cada proyecto suele aparecer recién al cerrarlo.
COI junta presupuestos, gastos por proyecto y cobranzas en pesos y dólares, y te muestra el margen mientras el proyecto avanza.
¿Te muestro una demo con tus propios datos? Son 20 minutos.
— Si no te interesa, respondé BAJA y no te escribimos más.";búsqueda web (sesión cloud);https://www.metalsanjorge.com/nuestra-empresa/ | https://www.metalsanjorge.com/contacto/ | https://www.metalsanjorge.com/servicios/compresores-/;2026-09-26
Frigorifico De Aves Soychu Saicfia PLANTA ARRECIFES;Soychú;Arrecifes;Frigorífico avícola integrado (planta de alimento balanceado en Arrecifes);B;6;Agroindustria (proveedores de servicios/insumos);Emprendedor / Industrial;soychu.com.ar;media;;;;;;;;expansión | obras;Soychú invierte en la ampliación de una de sus plantas en Arrecifes;Grupo grande: segunda empresa avícola del país (más de 250 empleados);Sede central en Gualeguay (Entre Ríos). Familia Santángelo accionista mayoritaria;"Hola, soy [tu nombre], de COI.
Vi que Soychú invierte en la ampliación de una de sus plantas en Arrecifes.
En empresas así, con ventas en el campo y cobranzas con cheques, cuesta saber qué se vendió y qué se cobró.
COI junta ventas, cuentas corrientes y control de cheques en un solo lugar.
¿Te muestro una demo con tus propios datos? Son 20 minutos.
— Si no te interesa, respondé BAJA y no te escribimos más.";búsqueda web (sesión cloud);https://bichosdecampo.com/quien-es-soychu-la-segunda-empresa-avicola-de-la-argentina-comenzo-siendo-un-peladero-de-pollos-y-se-sobrepuso-al-mas-voraz-de-los-incendios/ | https://www.soychu.com.ar/store/arrecifes-planta-de-alimentos/ | https://unoarrecifes.com/soychu-invertira-us-1-500-000-en-la-ampliacion-de-una-de-sus-plantas-en-arrecifes/;2026-09-26
Montajes Industriales Srl;Montajes Industriales;Los Laureles;Montajes industriales;B;6;Montajes industriales y estructuras metálicas;Industrial;;baja;Iván Victorio Regonat;Socio (BO Santa Fe 2008);;;;Mariela Rosana Lacombe (socia, BO Santa Fe 2008);;montaje;Montajes Industriales se constituyó en 2008 en Los Laureles (depto. General Obligado);;Sin web propia encontrada. Dato de socios de 2008 (puede estar desactualizado). EMIS la clasifica en petróleo y gas: no confirmado;"Hola Ivan, soy [tu nombre], de COI.
Vi que Montajes Industriales se constituyó en 2008 en Los Laureles (depto. General Obligado).
En empresas así, el costo real de cada proyecto suele aparecer recién al cerrarlo.
COI junta presupuestos, gastos por proyecto y cobranzas en pesos y dólares, y te muestra el margen mientras el proyecto avanza.
¿Te muestro una demo con tus propios datos? Son 20 minutos.
— Si no te interesa, respondé BAJA y no te escribimos más.";búsqueda web (sesión cloud);https://www.santafe.gov.ar/boletinoficial/ver.php?seccion=03-04-2008contratos.htm | https://www.emis.com/php/company-profile/AR/Montajes_Industriales_SRL_es_4940742.html;2026-09-26
Sg Montajes S.R.L.;SG Montajes;Puerto General San Martin;Fabricación de estructuras metálicas, montaje industrial, andamios e instalaciones eléctricas y electromecánicas;B;6;Montajes industriales y estructuras metálicas;Industrial;;baja;Luciano Oscar Fernando Acosta;Socio (BO Santa Fe 2023);;;;;;montaje | mantenimiento;SG Montajes fabrica estructuras metálicas y hace montajes industriales en el polo agroexportador de Puerto General San Martín;;Sin web propia encontrada. Constituida en 2017. Cargo de gerente no confirmado: el BO 2023 lo nombra socio. Existe un Instagram @sgmontajeindustrial y una SG Montajes Industriales SAS (otro CUIT): no confirmado que sean la misma empresa;"Hola Luciano, soy [tu nombre], de COI.
Vi que SG Montajes fabrica estructuras metálicas y hace montajes industriales en el polo agroexportador de Puerto General San Martín.
En empresas así, el costo real de cada proyecto suele aparecer recién al cerrarlo.
COI junta presupuestos, gastos por proyecto y cobranzas en pesos y dólares, y te muestra el margen mientras el proyecto avanza.
¿Te muestro una demo con tus propios datos? Son 20 minutos.
— Si no te interesa, respondé BAJA y no te escribimos más.";búsqueda web (sesión cloud);https://www.cuitonline.com/detalle/30716024667/sg-montajes-s.r.l.html | https://www.santafe.gob.ar/boletinoficial/ver.php?seccion=2023%2F2023-04-26contratos.html;2026-09-26
Montajes Inteco S.R.L.;Montajes Inteco;Capitan Bermudez;Montajes industriales y estructurales, cañerías y mantenimiento de equipos industriales pesados;B;6;Montajes industriales y estructuras metálicas;Industrial;;baja;Roberto Estrada;Socio gerente (BO Santa Fe 2007);;;;;;montaje | mantenimiento;Montajes Inteco hace montajes industriales, cañerías y mantenimiento de equipos pesados desde Capitán Bermúdez;;Sin web propia. Dato del decisor viejo (constitución 2007): verificar vigencia. Domicilio Falucho 651;"Hola Roberto, soy [tu nombre], de COI.
Vi que Montajes Inteco hace montajes industriales, cañerías y mantenimiento de equipos pesados desde Capitán Bermúdez.
En empresas así, el costo real de cada proyecto suele aparecer recién al cerrarlo.
COI junta presupuestos, gastos por proyecto y cobranzas en pesos y dólares, y te muestra el margen mientras el proyecto avanza.
¿Te muestro una demo con tus propios datos? Son 20 minutos.
— Si no te interesa, respondé BAJA y no te escribimos más.";búsqueda web (sesión cloud);https://www.santafe.gov.ar/boletinoficial/ver.php?seccion=11-07-2007contratos.htm | https://volquetesargentina.com/montajes-inteco-capitan-bermudez/;2026-09-26
Minera Zlato S.r.l. Bbc S.a. Invlac S.r.l. Huasi S.r.l. U. T. E.;UTE Zlato-BBC-Invlac-Huasi;;UTE contratista de obra minera (proyecto Tres Quebradas, Fiambalá, Catamarca);B;6;Minería y energía (proveedores y contratistas);Industrial;;baja;;;;;;;;minería | obras;UTE Zlato-BBC-Invlac-Huasi ejecuta obras para el proyecto de litio Tres Quebradas en Fiambalá;Revisar: es una UTE por proyecto, no una empresa: conviene prospectar a las socias (Minera Zlato, Boetto y Buttigliengo, Huasi) por separado;Domicilio registrado en Aniceto Latorre 1962, Salta;"Hola, soy [tu nombre], de COI.
Vi que UTE Zlato-BBC-Invlac-Huasi ejecuta obras para el proyecto de litio Tres Quebradas en Fiambalá.
En empresas así, entre el trabajo en campo, la facturación en dólares y las certificaciones se pierde el control del proyecto.
COI lleva la cuenta corriente en pesos y dólares por separado y factura por anticipo y certificación de avance.
¿Te muestro una demo con tus propios datos? Son 20 minutos.
— Si no te interesa, respondé BAJA y no te escribimos más.";búsqueda web (sesión cloud);https://www.dnb.com/business-directory/company-profiles.minera_zlato_srl_bbc_sa_invlac_srl_huasi_srl_u_t_e.6f191c157d912820d38d04fcbb06236d.html | https://www.bnamericas.com/en/company-profile/consorcio-zlato-bbc-huasi;2026-09-26
Torneria Crespo S.R.L.;Tornería Crespo;Crespo;Tornería: engranajes rectos, helicoidales y cónicos, estriados, ejes agrícolas;C;5;Metalúrgicas / metalmecánica a pedido;Emprendedor / Industrial;;baja;Darío Ruberto;Titular (Facebook de la empresa);;0343 495-4423;sí;;;mantenimiento;Tornería Crespo fabrica engranajes y ejes para maquinaria agrícola de la región;;Sin web propia. Teléfono de directorio. Dirección Malvinas Argentinas 222, Crespo;"Hola Dario, soy [tu nombre], de COI.
Vi que Tornería Crespo fabrica engranajes y ejes para maquinaria agrícola de la región.
En empresas así, cada presupuesto a medida se arma distinto y el margen real por trabajo no se ve.
COI arma los presupuestos por costo más ganancia y te muestra cuánto dejó cada trabajo.
¿Te muestro una demo con tus propios datos? Son 20 minutos.
— Si no te interesa, respondé BAJA y no te escribimos más.";búsqueda web (sesión cloud);https://www.facebook.com/people/Torneria-Crespo-SRL/100070101391978/ | https://miguiaargentina.com.ar/empresas/torneria-crespo-srl-engranajes-respuestos.html | https://www.guiaindustrial.ar/torneria-crespo-srl-crespo-entre-rios-argentina/;2026-09-26
Hidraulica Constitucion S R L;Hidráulica Constitución;Villa Constitucion;Hidráulica: venta de insumos y reparaciones;C;5;Servicios técnicos y mantenimiento industrial;Industrial;;baja;;;;03400 47-0778;sí;;;mantenimiento;Hidráulica Constitución vende insumos hidráulicos y hace reparaciones en Villa Constitución;;Sin web propia (solo Facebook). Teléfono de directorio. Dirección Pbro. D. Segundo 2827. No se encontró decisor;"Hola, soy [tu nombre], de COI.
Vi que Hidráulica Constitución vende insumos hidráulicos y hace reparaciones en Villa Constitución.
En empresas así, coordinar visitas y saber qué tiene cada técnico o vendedor en su cartera cuesta más de lo que debería.
COI arma las hojas de ruta con mapa y le da a cada uno su cartera y sus tareas, también desde el celular.
¿Te muestro una demo con tus propios datos? Son 20 minutos.
— Si no te interesa, respondé BAJA y no te escribimos más.";búsqueda web (sesión cloud);https://www.facebook.com/p/Hidr%C3%A1ulica-Constituci%C3%B3n-SRL-100089842602271/ | https://www.cylex.com.ar/villa-constitucion/hidr%C3%A1ulica-constituci%C3%B3n-srl-11074184.html;2026-09-26
Metalurgica Vica S A;Vica;Rafaela;Fabricación de maquinaria agrícola (quebradoras-moledoras, embolsadoras de grano, fertilizadoras, sembradoras, rolos);C;5;Metalúrgicas / metalmecánica a pedido;Emprendedor / Industrial;vicamaquinarias.com.ar;alta;Oscar Alejandro Adoratti;Presidente (BO Santa Fe 2010);info@vicamaquinarias.com.ar;+54 3492 503768;sí;;;exportación;Vica fabrica maquinaria agrícola en Rafaela desde 1956 y en 2018 lanzó rolos trituradores de rastrojo en ExpoRural Rafaela;;Web figura como VICA Maquinarias S.A. (desde 1956): confirmar que es la misma sociedad o sucesora. Cargo de presidente es de 2010, verificar vigencia. Radicada en el Parque de Actividades Económicas de Rafaela (PAER). Email y teléfono tomados del resumen de búsqueda del sitio;"Hola Oscar, soy [tu nombre], de COI.
Vi que Vica fabrica maquinaria agrícola en Rafaela desde 1956 y en 2018 lanzó rolos trituradores de rastrojo en ExpoRural Rafaela.
En empresas así, cada presupuesto a medida se arma distinto y el margen real por trabajo no se ve.
COI arma los presupuestos por costo más ganancia y te muestra cuánto dejó cada trabajo.
¿Te muestro una demo con tus propios datos? Son 20 minutos.
— Si no te interesa, respondé BAJA y no te escribimos más.";búsqueda web (sesión cloud);https://vicamaquinarias.com.ar/ | https://paer.rafaela.gob.ar/node/27 | https://www.santafe.gov.ar/boletinoficial/recursos/boletines/06-09-2010contratos.htm | https://lasemanaentredosrios.com/metalurgica-vica-s-a-una-pyme-clasica-de-argentina-que-acaba-de-lanzar-rolos-trituradores-para-rastrojo/ | https://maquinac.com/empresas/vica/;2026-09-26
Tecno Car S.R.L.;Tecno Car;Puerto General San Martin;Montajes industriales;C;5;Montajes industriales y estructuras metálicas;Industrial;tecnocarsrl.com;media;;;;;;;;montaje;Tecno Car hace montajes industriales en Puerto General San Martín y declara 30 años de experiencia;;Dominio tecnocarsrl.com dado en la entrada, no apareció indexado: verificar. Presencia en Instagram @tecnocarsrl. Domicilio publicado Hipólito Irigoyen 891. Decisor y canal no encontrados;"Hola, soy [tu nombre], de COI.
Vi que Tecno Car hace montajes industriales en Puerto General San Martín y declara 30 años de experiencia.
En empresas así, el costo real de cada proyecto suele aparecer recién al cerrarlo.
COI junta presupuestos, gastos por proyecto y cobranzas en pesos y dólares, y te muestra el margen mientras el proyecto avanza.
¿Te muestro una demo con tus propios datos? Son 20 minutos.
— Si no te interesa, respondé BAJA y no te escribimos más.";búsqueda web (sesión cloud);https://www.instagram.com/tecnocarsrl/;2026-09-26
OMEGA INSTALACIONES S.A.;Omega Instalaciones;;Montajes e instalaciones industriales, reparación de motores eléctricos y soldadura;C;5;Montajes industriales y estructuras metálicas;Industrial;;baja;;;;(3400) 47-0519;sí;;;montaje | mantenimiento;Omega Instalaciones trabaja en Villa Constitución desde 1987;;Localidad vacía en la entrada: se asume la S.A. de Villa Constitución (Rivarola 4848, CUIT 30-61592083-1). Homónimos: Instalaciones Omega S.A. (Bahía Blanca) y Omega Instalaciones y Sistemas Contra Incendio (México). Sin web propia. Teléfono de directorio;"Hola, soy [tu nombre], de COI.
Vi que Omega Instalaciones trabaja en Villa Constitución desde 1987.
En empresas así, el costo real de cada proyecto suele aparecer recién al cerrarlo.
COI junta presupuestos, gastos por proyecto y cobranzas en pesos y dólares, y te muestra el margen mientras el proyecto avanza.
¿Te muestro una demo con tus propios datos? Son 20 minutos.
— Si no te interesa, respondé BAJA y no te escribimos más.";búsqueda web (sesión cloud);https://www.cylex.com.ar/villa+constituci%C3%B3n/omega+instalaciones+sa-11141624.html | https://www.cuitonline.com/detalle/30615920831/omega-instalaciones-sa.html;2026-09-26
Electromecanica Del Ascensor S R L;Electromecánica del Ascensor;Rosario Norte;Instalación, mantenimiento y modernización de ascensores y venta de componentes;C;5;Montajes industriales y estructuras metálicas;Industrial;electromecanicadelascensor.com;media;;;;0341 439-1150;sí;;;mantenimiento | montaje;Electromecánica del Ascensor fue fundada en 1962 por Vicente Giangreco en Rosario y hoy la conducen sus hijos;;Decisor sin nombre publicado (hijos del fundador). Otro teléfono publicado: 0341 438-9653. Web tiene formulario de contacto. Existe también Electromecánica Giangreco SRL (posible empresa vinculada, revisar);"Hola, soy [tu nombre], de COI.
Vi que Electromecánica del Ascensor fue fundada en 1962 por Vicente Giangreco en Rosario y hoy la conducen sus hijos.
En empresas así, el costo real de cada proyecto suele aparecer recién al cerrarlo.
COI junta presupuestos, gastos por proyecto y cobranzas en pesos y dólares, y te muestra el margen mientras el proyecto avanza.
¿Te muestro una demo con tus propios datos? Son 20 minutos.
— Si no te interesa, respondé BAJA y no te escribimos más.";búsqueda web (sesión cloud);https://www.electromecanicadelascensor.com/empresa.php | https://www.electromecanicadelascensor.com/contacto.php | https://www.cuitonline.com/detalle/30556531672/electromecanica-del-ascensor-s-r-l.html;2026-09-26
3S Talleres Ind. Mecautomat. S. A.;3S TIM;Pergamino;Reparación y retrofit de tornos CNC, automatización de máquinas y mecanizado a medida;C;5;Metalúrgicas / metalmecánica a pedido;Emprendedor / Industrial;3stimsa.com.ar;media;;;ventas.3stimsa@gmail.com;+54 9 11 2710-4973;sí;;;mantenimiento | proyectos;3S TIM repara tornos CNC y automatiza máquinas convencionales en su taller de Pergamino;;Constituida en 2022. Teléfono es celular publicado por la empresa en su web (usar solo como canal comercial). Otro email publicado: sstalleresindustriales@gmail.com. Taller en Florencio Sánchez 1626 (domicilio legal Barrancas del Paraná 1956). Sin decisor encontrado;"Hola, soy [tu nombre], de COI.
Vi que 3S TIM repara tornos CNC y automatiza máquinas convencionales en su taller de Pergamino.
En empresas así, cada presupuesto a medida se arma distinto y el margen real por trabajo no se ve.
COI arma los presupuestos por costo más ganancia y te muestra cuánto dejó cada trabajo.
¿Te muestro una demo con tus propios datos? Son 20 minutos.
— Si no te interesa, respondé BAJA y no te escribimos más.";búsqueda web (sesión cloud);http://3stimsa.com.ar/contact-us/ | https://3stimsa.com.ar/about/ | https://indicadores.ar/empresa/30717890910;2026-09-26
Industria D'Ascanio S.R.L.;D'Ascanio;Las Parejas;Fabricación de silos y sistemas de acopio, transporte y limpieza de granos;C;5;Montajes industriales y estructuras metálicas;Industrial;dascanio.com.ar;alta;;;info@dascanio.com.ar;+54 3471 47-1207;sí;;;proyectos | montaje;D'Ascanio fabrica silos y sistemas de acopio y limpieza de granos en Las Parejas desde 1970;;Fundada como D'Ascanio y Pagotti. Email publicado en su Instagram. Sin decisor encontrado. Dirección Bv. 5 N° 470;"Hola, soy [tu nombre], de COI.
Vi que D'Ascanio fabrica silos y sistemas de acopio y limpieza de granos en Las Parejas desde 1970.
En empresas así, el costo real de cada proyecto suele aparecer recién al cerrarlo.
COI junta presupuestos, gastos por proyecto y cobranzas en pesos y dólares, y te muestra el margen mientras el proyecto avanza.
¿Te muestro una demo con tus propios datos? Son 20 minutos.
— Si no te interesa, respondé BAJA y no te escribimos más.";búsqueda web (sesión cloud);https://www.dascanio.com.ar/ | http://www.dascanio.com.ar/contacto/ | https://www.instagram.com/dascaniosrl/p/CqVIPhYp0Ze/ | https://maquinac.com/empresas/dascanio/;2026-09-26
A&M Montajes Industriales S.R.L.;A&M Montajes Industriales;Villa Gobernador Galvez;Montajes industriales, andamios, chimeneas y hornos industriales y mantenimiento electromecánico;C;5;Montajes industriales y estructuras metálicas;Industrial;;baja;;;;0341 374-4500;sí;;;montaje | mantenimiento | obras;A&M Montajes Industriales monta andamios, chimeneas y hornos industriales y mantiene equipos electromecánicos;;Sin web propia confirmada (aparece en gaspetroleomineriavgg.com.ar y en Ariba). Teléfono de directorio. Direcciones Río Paraná 376 y Colón 1072 según fuente. BO Santa Fe 2017 describe objeto social pero no se leyeron nombres de socios gerentes;"Hola, soy [tu nombre], de COI.
Vi que A&M Montajes Industriales monta andamios, chimeneas y hornos industriales y mantiene equipos electromecánicos.
En empresas así, el costo real de cada proyecto suele aparecer recién al cerrarlo.
COI junta presupuestos, gastos por proyecto y cobranzas en pesos y dólares, y te muestra el margen mientras el proyecto avanza.
¿Te muestro una demo con tus propios datos? Son 20 minutos.
— Si no te interesa, respondé BAJA y no te escribimos más.";búsqueda web (sesión cloud);https://www.cuitonline.com/detalle/30710413084/a-m-montajes-industriales-s.r.l.html | https://gaspetroleomineriavgg.com.ar/2023/10/29/am-montajes-industriales/ | https://www.santafe.gov.ar/boletinoficial/recursos/boletines/14-12-2017contratos.html;2026-09-26
FABRICA DE MOTORES ORIPON S.R.L.;Oripon;MARCOS JUAREZ;Fabricación de cajas de transmisión y dosificación para maquinaria agrícola;C;5;Agroindustria (proveedores de servicios/insumos);Emprendedor / Industrial;oripon.com.ar;media;;;;+54 3472 426166;sí;;;exportación | nueva planta;Oripon exporta cajas de transmisión para maquinaria agrícola a Brasil, México, Bolivia y Sudáfrica;;Fundada en 1957 por Adelmar Ponte y Juan Oria. Planta sobre Ruta 9 km 446 inaugurada en 2005. La web publica un email pero el buscador lo muestra enmascarado: queda vacío. Sin decisor actual encontrado. Socia de AFAMAC;"Hola, soy [tu nombre], de COI.
Vi que Oripon exporta cajas de transmisión para maquinaria agrícola a Brasil, México, Bolivia y Sudáfrica.
En empresas así, con ventas en el campo y cobranzas con cheques, cuesta saber qué se vendió y qué se cobró.
COI junta ventas, cuentas corrientes y control de cheques en un solo lugar.
¿Te muestro una demo con tus propios datos? Son 20 minutos.
— Si no te interesa, respondé BAJA y no te escribimos más.";búsqueda web (sesión cloud);http://www.oripon.com.ar/contacto.html | https://maquinac.com/empresas/oripon/ | https://www.exportadoresdecordoba.com/empresas/oripon-s.r.l.-1848.html | https://afamac.com.ar/catalogo/asociados-afamac/oripon/;2026-09-26
Puma Tecnica S A;Puma Técnica;Buenos Aires;Sellos de poliuretano, plásticos de ingeniería, acoplamientos elásticos y protectores de rosca para la industria petrolera;C;5;Minería y energía (proveedores y contratistas);Industrial;pumatecnicasa.com.ar;media;Juan Böhnsdalen;Presidente (BO Nación 2019);;011 4303-1605;sí;;;petrolera;Puma Técnica provee sellos de poliuretano y protectores de rosca a la industria petrolera desde 1968;;Cargo de 2019, verificar vigencia. Sede en Barracas (Salom 640);"Hola Juan, soy [tu nombre], de COI.
Vi que Puma Técnica provee sellos de poliuretano y protectores de rosca a la industria petrolera desde 1968.
En empresas así, entre el trabajo en campo, la facturación en dólares y las certificaciones se pierde el control del proyecto.
COI lleva la cuenta corriente en pesos y dólares por separado y factura por anticipo y certificación de avance.
¿Te muestro una demo con tus propios datos? Son 20 minutos.
— Si no te interesa, respondé BAJA y no te escribimos más.";búsqueda web (sesión cloud);https://pumatecnicasa.com.ar/en/contact-us/ | https://www.boletinoficial.gob.ar/detalleAviso/segunda/A864520/20190823 | https://pumatecnicasa.com.ar/en/our-company/;2026-09-26
Metalurgica Serintar S. R. L.;Serintar;Villa Constitucion;Mecanizado, torneado y fresado de piezas, estructuras metálicas y servicios CNC;C;5;Montajes industriales y estructuras metálicas;Industrial;;baja;;;;;;;;montaje;Serintar ofrece mecanizado CNC y montaje de estructuras metálicas en Villa Constitución;;Sin web propia. Domicilio Independencia 1898 según BO Santa Fe. Socio gerente no visible;"Hola, soy [tu nombre], de COI.
Vi que Serintar ofrece mecanizado CNC y montaje de estructuras metálicas en Villa Constitución.
En empresas así, el costo real de cada proyecto suele aparecer recién al cerrarlo.
COI junta presupuestos, gastos por proyecto y cobranzas en pesos y dólares, y te muestra el margen mientras el proyecto avanza.
¿Te muestro una demo con tus propios datos? Son 20 minutos.
— Si no te interesa, respondé BAJA y no te escribimos más.";búsqueda web (sesión cloud);https://www.santafe.gob.ar/boletinoficial/ver.php?seccion=2024%2F2024-09-02contratos.html;2026-09-26
Industrias Pesce S.A.;Industrias Pesce;Urdinarrain;Fabricación de maquinaria agrícola e implementos y estructuras metálicas (silos y galpones);C;5;Montajes industriales y estructuras metálicas;Industrial;industriaspesce.com.ar;alta;;;info@industriaspesce.com.ar;03446 48-0145;sí;Roque José Pesce (director histórico según ADIMRA);;obras | proyectos;Industrias Pesce fabrica maquinaria agrícola en Urdinarrain desde 1964 y es la metalúrgica activa más antigua del sur de Entre Ríos;;Empresa familiar con nuevas generaciones. Decisor actual no confirmado (dato de dirección es histórico). Email visto en resultados que remiten a la web propia y Facebook: confirmar en la web antes de usar. Otro teléfono publicado +54 3446 48-0357;"Hola, soy [tu nombre], de COI.
Vi que Industrias Pesce fabrica maquinaria agrícola en Urdinarrain desde 1964 y es la metalúrgica activa más antigua del sur de Entre Ríos.
En empresas así, el costo real de cada proyecto suele aparecer recién al cerrarlo.
COI junta presupuestos, gastos por proyecto y cobranzas en pesos y dólares, y te muestra el margen mientras el proyecto avanza.
¿Te muestro una demo con tus propios datos? Son 20 minutos.
— Si no te interesa, respondé BAJA y no te escribimos más.";búsqueda web (sesión cloud);https://industriaspesce.com.ar/ | http://acciondelarroque.com.ar/historias-de-vida-de-adimra-industrias-pesce-de-urdinarrain/ | https://www.paginasamarillas.com.ar/fichas/industrias-pesce-srl_10420956 | https://www.facebook.com/industriaspesce/;2026-09-26
Agl Ingenieria S.R.L.;AGL Ingeniería;Rosario Sud;Construcción y reparación de redes de gas, electricidad, agua y otros servicios;C;5;Instalaciones (eléctricas, termomecánicas, gas, incendio);Industrial;aglingenieria.com.ar;alta;;;info@aglingenieria.com.ar;0341-4560843;sí;;;obras | mantenimiento;AGL Ingeniería figura como contratista habilitada en el listado NAG 113 de Litoral Gas;;Web propia aparentemente en construcción. Email y teléfono vistos en resultados sobre la web propia: confirmar. Decisor no encontrado;"Hola, soy [tu nombre], de COI.
Vi que AGL Ingeniería figura como contratista habilitada en el listado NAG 113 de Litoral Gas.
En empresas así, las oportunidades y los gastos de cada obra quedan repartidos entre planillas y WhatsApp.
COI sigue cada oportunidad hasta el cierre e imputa los gastos a cada obra.
¿Te muestro una demo con tus propios datos? Son 20 minutos.
— Si no te interesa, respondé BAJA y no te escribimos más.";búsqueda web (sesión cloud);https://www.aglingenieria.com.ar/ | https://www.cuitonline.com/detalle/30710856989/agl-ingenieria-s.r.l.html | https://www.litoral-gas.com.ar/site/media/1651/2024-02-contratistas-habiltiadas.pdf | https://www.construar.com.ar/empresas/agl-ingenieria-s-r-l/;2026-09-26
SILOS BACALINI S.R.L.;Silos Bacalini;Casilda;Fabricación y montaje de silos y plantas de acopio de granos;C;5;Montajes industriales y estructuras metálicas;Industrial;bacalinisilos.com;alta;;;ventas@bacalinisilos.com;(03464) 422718;sí;;;montaje | obras;Silos Bacalini construye plantas integrales de silos desde Casilda hace más de 50 años;Revisar: sería parte de Grupo Malau S.A.;Localidad tomada de la web (entrada sin localidad). También info@bacalinisilos.com y (03464) 427098. Decisor no encontrado;"Hola, soy [tu nombre], de COI.
Vi que Silos Bacalini construye plantas integrales de silos desde Casilda hace más de 50 años.
En empresas así, el costo real de cada proyecto suele aparecer recién al cerrarlo.
COI junta presupuestos, gastos por proyecto y cobranzas en pesos y dólares, y te muestra el margen mientras el proyecto avanza.
¿Te muestro una demo con tus propios datos? Son 20 minutos.
— Si no te interesa, respondé BAJA y no te escribimos más.";búsqueda web (sesión cloud);https://www.bacalinisilos.com/contact.html | https://www.bacalinisilos.com/ | https://maquinac.com/empresas/bacalini/;2026-09-26
Tecno Rail Service S.R.L.;Tecno Rail Service;;Mantenimiento ferroviario y sistemas electrónicos para locomotoras;C;5;Servicios técnicos y mantenimiento industrial;Industrial;tecnorailservice.com;media;;;;;;;;mantenimiento | proyectos;Tecno Rail Service mantiene y opera el Tren de la Quebrada en Jujuy con personal propio;;Base en Villa Gobernador Gálvez (Santa Fe) según prensa (entrada sin localidad). Sin canal ni decisor encontrados;"Hola, soy [tu nombre], de COI.
Vi que Tecno Rail Service mantiene y opera el Tren de la Quebrada en Jujuy con personal propio.
COI arma las hojas de ruta con mapa y le da a cada uno su cartera y sus tareas, también desde el celular.
¿Te muestro una demo con tus propios datos? Son 20 minutos.
— Si no te interesa, respondé BAJA y no te escribimos más.";búsqueda web (sesión cloud);https://tecnorailservice.com/ | https://www.instagram.com/tecno_rail_service_srl/;2026-09-26
Lcg Ingenieria Y Montajes Srl;LCG Ingeniería y Montajes;Capitan Bermudez;Ingeniería y montajes (sin detalle verificado);C;5;Montajes industriales y estructuras metálicas;Industrial;;baja;;;;;;;;montaje;LCG Ingeniería y Montajes figura como cliente de Luzzi Servitubos;;No se confirmó localidad ni actividad. lcgingenieria.com corresponde a LCG Ingeniería y Construcciones (posible homónimo, no confirmado);"Hola, soy [tu nombre], de COI.
Vi que LCG Ingeniería y Montajes figura como cliente de Luzzi Servitubos.
En empresas así, el costo real de cada proyecto suele aparecer recién al cerrarlo.
COI junta presupuestos, gastos por proyecto y cobranzas en pesos y dólares, y te muestra el margen mientras el proyecto avanza.
¿Te muestro una demo con tus propios datos? Son 20 minutos.
— Si no te interesa, respondé BAJA y no te escribimos más.";búsqueda web (sesión cloud);https://luzziservitubos.com.ar/clientes;2026-09-26
SERVICIOS INDUSTRIALES SRL;Servicios Industriales;CORDOBA;Diseño y fabricación de racks, carros, pallets y estanterías metálicas y mantenimiento y reparación de racks para logística industrial;C;5;Metalúrgicas / metalmecánica a pedido;Emprendedor / Industrial;serviciosindustrialessrl.com;media;;;;;;;;mantenimiento | proyectos;Servicios Industriales diseña y fabrica racks, carros y contenedores para abastecer líneas de producción;;Decisor y canal no encontrados. Nombre genérico: hay homónimo en Santiago del Estero. Domicilio Av. Circunvalación Km 4, B° Los Olmos Sur;"Hola, soy [tu nombre], de COI.
Vi que Servicios Industriales diseña y fabrica racks, carros y contenedores para abastecer líneas de producción.
En empresas así, cada presupuesto a medida se arma distinto y el margen real por trabajo no se ve.
COI arma los presupuestos por costo más ganancia y te muestra cuánto dejó cada trabajo.
¿Te muestro una demo con tus propios datos? Son 20 minutos.
— Si no te interesa, respondé BAJA y no te escribimos más.";búsqueda web (sesión cloud);https://serviciosindustrialessrl.com/ | https://www.paginasamarillas.com.ar/fichas/servicios-industriales-srl_14880031;2026-09-26
Laminados Industriales S.A.;Laminados Industriales;Villa Constitucion;Laminación en caliente de chapa gruesa de acero;C;5;Industrial B2B (otro);Emprendedor;laminadosindustrialessa.com;alta;José Pablo De Martino;Presidente (resultado de búsqueda, fuente no confirmada);info@laminadosindustrialessa.com;+54 3400 484000;sí;Marcelo Díaz (gerencia);100 (prensa);nueva planta | expansión;Laminados Industriales produce desde 2012 chapa gruesa laminada en caliente en Villa Constitución con certificación TÜV Rheinland;DESCARTE: filial argentina del grupo italiano AFV Beltrame (2.900 empleados en el grupo);Anunció una inversión de USD 50 millones (Diario El Norte);"Hola Jose, soy [tu nombre], de COI.
Vi que Laminados Industriales produce desde 2012 chapa gruesa laminada en caliente en Villa Constitución con certificación TÜV Rheinland.
En empresas así, la información de ventas y administración queda repartida entre planillas, mails y WhatsApp.
COI pone ventas, administración y números de la dirección en un solo sistema.
¿Te muestro una demo con tus propios datos? Son 20 minutos.
— Si no te interesa, respondé BAJA y no te escribimos más.";búsqueda web (sesión cloud);https://www.laminadosindustrialessa.com/ | https://www.lacapital.com.ar/economia/con-laminados-industriales-se-suma-un-jugador-al-polo-regional-del-acero-n372336.html | https://diarioelnorte.com.ar/villa-constitucion-laminados-industriales-preve-una-inversion-de-50-millones-de-dolares/ | https://www.paginasamarillas.com.ar/fichas/laminados-industriales-sa_13682763;2026-09-26
Mantenimiento S R L;Mantenimiento SRL;Reconquista;Metalúrgica (hierro, acero inoxidable y aluminio);C;5;Metalúrgicas / metalmecánica a pedido;Emprendedor / Industrial;;baja;;;;;;;;mantenimiento;Mantenimiento SRL trabaja hierro, acero inoxidable y aluminio en Reconquista desde hace 20 años;;Sin web propia (solo Facebook mtosrl). Domicilio de directorio: Bv. Hipólito Yrigoyen 177. Sin decisor ni canal encontrados;"Hola, soy [tu nombre], de COI.
Vi que Mantenimiento SRL trabaja hierro, acero inoxidable y aluminio en Reconquista desde hace 20 años.
En empresas así, cada presupuesto a medida se arma distinto y el margen real por trabajo no se ve.
COI arma los presupuestos por costo más ganancia y te muestra cuánto dejó cada trabajo.
¿Te muestro una demo con tus propios datos? Son 20 minutos.
— Si no te interesa, respondé BAJA y no te escribimos más.";búsqueda web (sesión cloud);https://www.facebook.com/mtosrl/?locale=es_LA | https://ar.imigra.net/santa_fe/reconquista/acero/27e033/mantenimiento_s.r.l;2026-09-26
Acopio Arequito Sociedad Anonima;Acopio Arequito;Arequito;Acopio y acondicionamiento de granos, venta de semillas y agroinsumos;C;4;Agroindustria (proveedores de servicios/insumos);Emprendedor / Industrial;acopioarequito.com.ar;media;Carlos Osvaldo Bonadeo;Presidente del directorio (BO Santa Fe 2018);;03464 471467;sí;;;;Acopio Arequito acopia y acondiciona granos y semillas en el sur santafesino;;Dato de autoridades de 2018, puede estar desactualizado. La web publica también otras líneas fijas (03464 470066 / 470804) y un email personal imiori@acopioarequito.com.ar sin cargo asociado. Tiene app propia en Google Play y sucursal en Monte Maíz;"Hola Carlos, soy [tu nombre], de COI.
Vi que Acopio Arequito acopia y acondiciona granos y semillas en el sur santafesino.
En empresas así, con ventas en el campo y cobranzas con cheques, cuesta saber qué se vendió y qué se cobró.
COI junta ventas, cuentas corrientes y control de cheques en un solo lugar.
¿Te muestro una demo con tus propios datos? Son 20 minutos.
— Si no te interesa, respondé BAJA y no te escribimos más.";búsqueda web (sesión cloud);https://www.santafe.gov.ar/boletinoficial/verPdf.php?seccion=01-02-2018contratos.html | http://www.acopioarequito.com.ar/contacto.asp | https://play.google.com/store/apps/details?id=com.acopioarequito&hl=en_US;2026-09-26
SAHUCOR METALURGICA SRL;Sahucor;FERREYRA;Carpintería metálica y aberturas de aluminio y madera, placares y muebles de cocina;C;4;Metalúrgicas / metalmecánica a pedido;Emprendedor / Industrial;sahucorcba.com;media;Roberto Arfinetti;Socio gerente (LinkedIn);;+54 351 450-7226;sí;Susana Stella Marchesini (gerente titular) / Guillermo Martín Lasa (gerente suplente);;;Sahucor fabrica carpintería metálica y aberturas en su planta de Ruta 9 km 693 en Ferreyra;Revisar: puede vender a consumidor final (aberturas y muebles de cocina);Teléfono de directorio (varios publicados: 351 4115725 / 4116699). Cargos de Marchesini y Lasa de resultado de búsqueda, sin fuente primaria;"Hola Roberto, soy [tu nombre], de COI.
Vi que Sahucor fabrica carpintería metálica y aberturas en su planta de Ruta 9 km 693 en Ferreyra.
En empresas así, cada presupuesto a medida se arma distinto y el margen real por trabajo no se ve.
COI arma los presupuestos por costo más ganancia y te muestra cuánto dejó cada trabajo.
¿Te muestro una demo con tus propios datos? Son 20 minutos.
— Si no te interesa, respondé BAJA y no te escribimos más.";búsqueda web (sesión cloud);https://www.linkedin.com/in/roberto-arfinetti-5b8142bb/ | https://empresasdecordoba.com/pagina/Sahucor-Metalurgica-SRL/ | https://www.redargentina.com.ar/sahucor-metalurgica-srl-F1607C70312D8 | https://www.cuitonline.com/detalle/30556823584/sahucor-metalurgica-s-r-l.html;2026-09-26
Agroindustria G C P S.A.;Agroindustria GCP;Cañada De Gomez;Mecanizado CNC de piezas a plano y fabricación de repuestos agrícolas (extremos de dirección, tensores, acoples, bujes, bulones);C;3;Metalúrgicas / metalmecánica a pedido;Emprendedor / Industrial;agroindustriagcp.com.ar;alta;Guillermo Carlos Burzani;Fundador (web propia);info@agroindustriagcp.com.ar;+54 9 3471 34-0828;sí;;;;Agroindustria GCP mecaniza piezas complejas a plano con 11 tornos CNC en Cañada de Gómez;;Empresa familiar originada como Metalúrgica Burzani. El fundador puede no ser el decisor actual, verificar. Teléfono es celular publicado en el contacto de la web (probable WhatsApp comercial);"Hola Guillermo, soy [tu nombre], de COI.
Vi que Agroindustria GCP mecaniza piezas complejas a plano con 11 tornos CNC en Cañada de Gómez.
En empresas así, cada presupuesto a medida se arma distinto y el margen real por trabajo no se ve.
COI arma los presupuestos por costo más ganancia y te muestra cuánto dejó cada trabajo.
¿Te muestro una demo con tus propios datos? Son 20 minutos.
— Si no te interesa, respondé BAJA y no te escribimos más.";búsqueda web (sesión cloud);https://www.agroindustriagcp.com.ar/ | https://www.agroindustriagcp.com.ar/contactos.php;2026-09-26
Mecanizados Dorrego S R L;Mecanizados Dorrego;San Lorenzo;Tornería y matricería (fabricación de productos metálicos);C;3;Metalúrgicas / metalmecánica a pedido;Emprendedor / Industrial;;baja;;;;(03476) 42-2050;sí;;;;Mecanizados Dorrego trabaja en tornería y matricería en San Lorenzo desde 2003;;Sin web propia. Teléfono de directorio (también figura +54 3476 434821). Domicilios en directorios: Bolivia 2536 y Salta 927, San Lorenzo. Decisor no encontrado;"Hola, soy [tu nombre], de COI.
Vi que Mecanizados Dorrego trabaja en tornería y matricería en San Lorenzo desde 2003.
En empresas así, cada presupuesto a medida se arma distinto y el margen real por trabajo no se ve.
COI arma los presupuestos por costo más ganancia y te muestra cuánto dejó cada trabajo.
¿Te muestro una demo con tus propios datos? Son 20 minutos.
— Si no te interesa, respondé BAJA y no te escribimos más.";búsqueda web (sesión cloud);https://www.abctelefonos.com/mecanizados_dorrego_srl_ar_3288202 | http://cuiteame.com/ficha/mecanizados-dorrego-s-r-l-33708576609;2026-09-26
Distribuidora Barcas Srl;Distribuidora Barcas;Rosario Norte;Ferretería industrial;C;3;Distribuidoras de insumos industriales;Emprendedor;;baja;;;;0341 439 5912;sí;;;;Distribuidora Barcas vende ferretería industrial desde San Nicolás 581 en Rosario;;Sin web propia. Teléfono de directorio. Revisar si vende a industria o también mostrador minorista;"Hola, soy [tu nombre], de COI.
Vi que Distribuidora Barcas vende ferretería industrial desde San Nicolás 581 en Rosario.
En empresas así, con un catálogo técnico grande, el seguimiento de cada cotización y la cuenta corriente por moneda se desordenan.
COI une pipeline, catálogo de productos y cuenta corriente en pesos y dólares.
¿Te muestro una demo con tus propios datos? Son 20 minutos.
— Si no te interesa, respondé BAJA y no te escribimos más.";búsqueda web (sesión cloud);https://empresasderosario.com/pagina/Distribuidora-Barcas-SRL/ | https://moovitapp.com/index/es-419/transporte_p%C3%BAblico-Ferreterias_Industriales_Distribuidora_Barcas-Rosario-site_258906379-2560;2026-09-26
Servicios Gas Automotores S R L;Servicios Gas Automotores;Rosario Sud;Venta minorista de combustible y GNC para automotores;C;3;Instalaciones (eléctricas, termomecánicas, gas, incendio);Industrial;;baja;;;;0341 485 3649;sí;;;;Servicios Gas Automotores opera desde 1989 en Bulevar 27 de Febrero 2602 de Rosario;Descarte: estación de servicio (venta minorista de combustible);Teléfono de directorio (CUIT Online). Sin web propia;"Hola, soy [tu nombre], de COI.
Vi que Servicios Gas Automotores opera desde 1989 en Bulevar 27 de Febrero 2602 de Rosario.
En empresas así, las oportunidades y los gastos de cada obra quedan repartidos entre planillas y WhatsApp.
COI sigue cada oportunidad hasta el cierre e imputa los gastos a cada obra.
¿Te muestro una demo con tus propios datos? Son 20 minutos.
— Si no te interesa, respondé BAJA y no te escribimos más.";búsqueda web (sesión cloud);https://www.cuitonline.com/detalle/30641165987/servicios-gas-automotores-s-r-l.html;2026-09-26
Industrias Valenti S R L;Industrias Valenti;9 De Julio;Fabricación de cabinas rurales, módulos habitables y maquinaria agrícola;C;3;Agroindustria (proveedores de servicios/insumos);Emprendedor / Industrial;industriasvalenti.com.ar;alta;;;info@industriasvalenti.com.ar;02317 42-3303;sí;;;;Industrias Valenti fabrica cabinas rurales y módulos habitables en el Parque Industrial de 9 de Julio desde 1976;;Fundada en 1958 por Eduardo, Abel y Ricardo Valenti, hoy la conduce la segunda generación (sin nombres publicados). También usa el dominio valentimaquinarias.com.ar. Email y teléfono de directorios (Páginas Amarillas/Allbiz);"Hola, soy [tu nombre], de COI.
Vi que Industrias Valenti fabrica cabinas rurales y módulos habitables en el Parque Industrial de 9 de Julio desde 1976.
En empresas así, con ventas en el campo y cobranzas con cheques, cuesta saber qué se vendió y qué se cobró.
COI junta ventas, cuentas corrientes y control de cheques en un solo lugar.
¿Te muestro una demo con tus propios datos? Son 20 minutos.
— Si no te interesa, respondé BAJA y no te escribimos más.";búsqueda web (sesión cloud);https://valentimaquinarias.com.ar/ | https://www.paginasamarillas.com.ar/fichas/industrias-valenti-srl_16578110 | https://9868-ar.all.biz/contacts | https://www.facebook.com/industriasvalenti/;2026-09-26
Electromecanica Sasso San Luis S.R.L.;Electromecánica Sasso;San Luis;Ferretería, electromecánica y zinguería;C;3;Distribuidoras de insumos industriales;Emprendedor;;baja;;;;0266 465-5461;sí;;;;Electromecánica Sasso es referente de zinguería y ferretería en San Luis;Comercio minorista orientado a consumidor final (ferretería): revisar antes de contactar;Sin web propia. Teléfono de directorio. Av. Lafinur 301 San Luis. Figura como proveedor en Compre San Luis;"Hola, soy [tu nombre], de COI.
Vi que Electromecánica Sasso es referente de zinguería y ferretería en San Luis.
En empresas así, con un catálogo técnico grande, el seguimiento de cada cotización y la cuenta corriente por moneda se desordenan.
COI une pipeline, catálogo de productos y cuenta corriente en pesos y dólares.
¿Te muestro una demo con tus propios datos? Son 20 minutos.
— Si no te interesa, respondé BAJA y no te escribimos más.";búsqueda web (sesión cloud);https://www.paginasamarillas.com.ar/fichas/ferreteria-electromecanica-sasso_12843429 | https://geazingueria.com.ar/zingueria/electromecanica-sasso-san-luis/ | https://compre.sanluis.gov.ar/empresa/elesasso;2026-09-26
Motor Gas S.A.;Motor Gas;Pergamino;Fabricación de motores eléctricos y generadores y venta mayorista de maquinaria (según actividad registrada);C;3;Instalaciones (eléctricas, termomecánicas, gas, incendio);Industrial;;baja;;;;;;;;;Motor Gas está radicada en Pergamino desde 2011;;Sin web propia encontrada. Solo datos de registro (CUIT 30-71229995-5 Florida 815). Rubro de entrada (instalaciones) no confirmado;"Hola, soy [tu nombre], de COI.
Vi que Motor Gas está radicada en Pergamino desde 2011.
En empresas así, las oportunidades y los gastos de cada obra quedan repartidos entre planillas y WhatsApp.
COI sigue cada oportunidad hasta el cierre e imputa los gastos a cada obra.
¿Te muestro una demo con tus propios datos? Son 20 minutos.
— Si no te interesa, respondé BAJA y no te escribimos más.";búsqueda web (sesión cloud);https://www.cuitonline.com/detalle/30712299955/motor-gas-s.a.html;2026-09-26
Transmisiones S.R.L.;Transmisiones;Rosario Norte;Distribución de transmisiones industriales (poleas, acoples, cadenas, reductores, motores, correas);C;3;Distribuidoras de insumos industriales;Emprendedor;transmisiones.com.ar;media;;;;+54 9 341 566-8049 (WhatsApp comercial publicado en la web);sí;;;;Transmisiones distribuye componentes de transmisión de potencia de marcas como SKF y Gummi desde Rosario;Revisar homonimia;La web figura en Urquiza 2253 y el CUIT 30-70968782-0 en Pueyrredón 426 (Rosario): confirmar que sean la misma firma. No confundir con Rosario Transmisiones SRL. En la misma dirección figura Rosario Agro Industrial SRL (posible vinculada);"Hola, soy [tu nombre], de COI.
Vi que Transmisiones distribuye componentes de transmisión de potencia de marcas como SKF y Gummi desde Rosario.
En empresas así, con un catálogo técnico grande, el seguimiento de cada cotización y la cuenta corriente por moneda se desordenan.
COI une pipeline, catálogo de productos y cuenta corriente en pesos y dólares.
¿Te muestro una demo con tus propios datos? Son 20 minutos.
— Si no te interesa, respondé BAJA y no te escribimos más.";búsqueda web (sesión cloud);https://www.transmisiones.com.ar/ | https://transmisiones.com.ar/contacto | https://www.cuitonline.com/detalle/30709687820/transmisiones-s.r.l.html;2026-09-26
AGROINDUSTRIA ROSSI SRL;Agroindustria Rossi;CORDOBA;Sin datos de actividad verificados;C;3;Agroindustria (proveedores de servicios/insumos);Emprendedor / Industrial;;baja;;;;;;;;;Agroindustria Rossi está inscripta en Córdoba capital (barrio Yofre) desde 2012;;Sin web propia. Solo registro (CUIT 30-71410386-1). No confundir con Agromóvil Rossi S.A. (Las Peñas) ni Agro Servicios Rossi;"Hola, soy [tu nombre], de COI.
Vi que Agroindustria Rossi está inscripta en Córdoba capital (barrio Yofre) desde 2012.
En empresas así, con ventas en el campo y cobranzas con cheques, cuesta saber qué se vendió y qué se cobró.
COI junta ventas, cuentas corrientes y control de cheques en un solo lugar.
¿Te muestro una demo con tus propios datos? Son 20 minutos.
— Si no te interesa, respondé BAJA y no te escribimos más.";búsqueda web (sesión cloud);https://www.cuitonline.com/detalle/30714103861/agroindustria-rossi-srl.html;2026-09-26
Metalurgica Teyo S.R.L.;Industria Teyo;Inriville;Fabricación de carros rurales, acoplados, cisternas, jaulas y equipos para nutrición animal;C;3;Metalúrgicas / metalmecánica a pedido;Emprendedor / Industrial;;baja;Christian Teyo;Fundador (Facebook/Maquinac);;+54 3467 430777;sí;;;;Industria Teyo fabrica desde 2016 máquinas para nutrición animal y carros rurales en Inriville;;Sin web propia (solo Facebook e Instagram). Teléfono de su página de Facebook/directorio;"Hola Christian, soy [tu nombre], de COI.
Vi que Industria Teyo fabrica desde 2016 máquinas para nutrición animal y carros rurales en Inriville.
En empresas así, cada presupuesto a medida se arma distinto y el margen real por trabajo no se ve.
COI arma los presupuestos por costo más ganancia y te muestra cuánto dejó cada trabajo.
¿Te muestro una demo con tus propios datos? Son 20 minutos.
— Si no te interesa, respondé BAJA y no te escribimos más.";búsqueda web (sesión cloud);https://www.facebook.com/industriateyo/ | https://maquinac.com/empresas/teyo/ | https://www.cuitonline.com/detalle/30715823914/metalurgica-teyo-s.r.l.html;2026-09-26
Norte Gas Srl;Norte Gas;Rosario Norte;Distribución de gas licuado envasado (garrafas) - distribuidor de Amarilla Gas;C;3;Instalaciones (eléctricas, termomecánicas, gas, incendio);Industrial;;baja;;;;+54 341 455-7206;sí;;;;Norte Gas distribuye garrafas de Amarilla Gas desde Av. Provincias Unidas 2414 en Rosario;Posible descarte: distribuidor de garrafas orientado a consumidor final/minorista, no instalador industrial como supone el rubro;Sin web propia. Teléfono de directorio (Opendi). Hay un NORTE GAS S.R.L. con CUIT en Corrientes (homónimo): confirmar que la razón social corresponde al comercio de Rosario;"Hola, soy [tu nombre], de COI.
Vi que Norte Gas distribuye garrafas de Amarilla Gas desde Av. Provincias Unidas 2414 en Rosario.
En empresas así, las oportunidades y los gastos de cada obra quedan repartidos entre planillas y WhatsApp.
COI sigue cada oportunidad hasta el cierre e imputa los gastos a cada obra.
¿Te muestro una demo con tus propios datos? Son 20 minutos.
— Si no te interesa, respondé BAJA y no te escribimos más.";búsqueda web (sesión cloud);https://www.argentino.com.ar/norte-gas-F1009C10E12D7 | https://www.opendi.com.ar/aero-club-rosario/86439.html | https://www.cuitonline.com/detalle/30707335617/norte-gas-srl.html;2026-09-26
METAL CONS ESTRUCTURAS SAS;Metal-Cons;MALVINAS ARGENTINAS;Estructuras metálicas;C;3;Montajes industriales y estructuras metálicas;Industrial;;baja;;;;;;;;;Metal-Cons fabrica estructuras metálicas en Malvinas Argentinas;;Sin web propia. Ficha de Google con un número celular (0351 15 2458817): no cargado por ser celular, verificar si es línea comercial. Información escasa;"Hola, soy [tu nombre], de COI.
Vi que Metal-Cons fabrica estructuras metálicas en Malvinas Argentinas.
En empresas así, el costo real de cada proyecto suele aparecer recién al cerrarlo.
COI junta presupuestos, gastos por proyecto y cobranzas en pesos y dólares, y te muestra el margen mientras el proyecto avanza.
¿Te muestro una demo con tus propios datos? Son 20 minutos.
— Si no te interesa, respondé BAJA y no te escribimos más.";búsqueda web (sesión cloud);https://milruedas.es/13963569923702094932/;2026-09-26
Distribuidora Si Srl;Distribuidora SI;Posadas;Venta de elementos de protección personal e insumos para aserraderos y ferreterías;C;3;Distribuidoras de insumos industriales;Emprendedor;;baja;;;distribuidorasisrl@gmail.com;(0376) 448-2541;sí;;;;Distribuidora SI vende elementos de seguridad personal e insumos para aserraderos desde hace 15 años;Revisar: tiene perfil de comercio con atención al público (posible minorista);Sin web propia (solo Facebook). Email y teléfono de directorios (Páginas Amarillas / Cylex);"Hola, soy [tu nombre], de COI.
Vi que Distribuidora SI vende elementos de seguridad personal e insumos para aserraderos desde hace 15 años.
En empresas así, con un catálogo técnico grande, el seguimiento de cada cotización y la cuenta corriente por moneda se desordenan.
COI une pipeline, catálogo de productos y cuenta corriente en pesos y dólares.
¿Te muestro una demo con tus propios datos? Son 20 minutos.
— Si no te interesa, respondé BAJA y no te escribimos más.";búsqueda web (sesión cloud);https://www.paginasamarillas.com.ar/fichas/distribuidora-si_15667077 | https://www.facebook.com/p/Distribuidora-SI-100054829612086/ | https://www.cylex.com.ar/rincon-itaembe/distribuidora-si-11375936.html | https://www.cuitonline.com/detalle/30714264407/distribuidora-si-srl.html;2026-09-26
SUSPENSIÓN NEUMATICA S.R.L.;Neumacarg;;Fabricación de cámaras de suspensión neumática para camiones, ómnibus y acoplados;C;3;Metalúrgicas / metalmecánica a pedido;Emprendedor / Industrial;neumacarg.com.ar;media;;;;+54 341 466-6899;sí;;;;Neumacarg fabrica cámaras para suspensión neumática de transporte de carga y pasajeros desde Rosario;;Sede en Ovidio Lagos 7260, Rosario. Email publicado en web pero ofuscado en resultados: revisar página de contacto;"Hola, soy [tu nombre], de COI.
Vi que Neumacarg fabrica cámaras para suspensión neumática de transporte de carga y pasajeros desde Rosario.
En empresas así, cada presupuesto a medida se arma distinto y el margen real por trabajo no se ve.
COI arma los presupuestos por costo más ganancia y te muestra cuánto dejó cada trabajo.
¿Te muestro una demo con tus propios datos? Son 20 minutos.
— Si no te interesa, respondé BAJA y no te escribimos más.";búsqueda web (sesión cloud);http://www.neumacarg.com.ar/contacto.php | https://indicadores.ar/empresa/30708830808 | https://www.argentino.com.ar/neumacarg-F1009C1011FD0;2026-09-26
Distribuidora Andina Sociedad Anonima;Distribuidora Andina;Rosario Sud;Distribución mayorista de alimentos, bebidas y artículos de limpieza;C;2;Industrial B2B;Emprendedor;;media;;;andina@andinasa.com;0341 465-8585;sí;;130-150 (Nosis);representantes;Distribuidora Andina distribuye alimentos y bebidas de marcas líderes en la región de Rosario desde 1985;No es industrial ni distribuidora de insumos industriales (mayorista de alimentos y bebidas): revisar encaje;Web propia no verificada. Dirección Batlle y Ordóñez 2415, Rosario;"Hola, soy [tu nombre], de COI.
Vi que Distribuidora Andina distribuye alimentos y bebidas de marcas líderes en la región de Rosario desde 1985.
En empresas así, la información de ventas y administración queda repartida entre planillas, mails y WhatsApp.
COI pone ventas, administración y números de la dirección en un solo sistema.
¿Te muestro una demo con tus propios datos? Son 20 minutos.
— Si no te interesa, respondé BAJA y no te escribimos más.";búsqueda web (sesión cloud);https://rosario.com.ar/empresas/distribuidora-andina-sa-en-rosario.htm | https://trade.nosis.com/es/DISTRIBUIDORA-ANDINA-SA/33579442439/1/p | https://www.facebook.com/DistribuidoraAndinaSA/;2026-09-26
AC INGENIERIA SOCIEDAD POR ACCIONES SIMPLIFICADA S. A. S.;AC Ingeniería;MARCOS JUAREZ;Contratista especializado / ingeniería (sin detalle público);C;1;Industrial B2B (otro);Emprendedor;;baja;;;;;;;;;AC Ingeniería se constituyó en 2020 en Marcos Juárez;;Solo datos registrales (CUIT 30-71688929-3, Leandro N. Alem 767). Sin web propia ni actividad pública encontrada. Hay homónimos en Colombia;"Hola, soy [tu nombre], de COI.
Vi que AC Ingeniería se constituyó en 2020 en Marcos Juárez.
En empresas así, la información de ventas y administración queda repartida entre planillas, mails y WhatsApp.
COI pone ventas, administración y números de la dirección en un solo sistema.
¿Te muestro una demo con tus propios datos? Son 20 minutos.
— Si no te interesa, respondé BAJA y no te escribimos más.";búsqueda web (sesión cloud);https://www.cuitonline.com/detalle/30716889293/ac-ingenieria-sociedad-por-acciones-simplificada-s.-a.-s.html;2026-09-26
Industria Grafica Pagani Sa;Pagani Envases;Rosario Sud;Fabricación de envases plegadizos de cartulina y microcorrugado;C;1;Industrial B2B (otro);Emprendedor;paganienvases.com.ar;alta;Lisandro Pagani;Titular (FECOI, año no visible);ventas@paganienvases.com.ar;+54 341 4646680;sí;;;;Pagani Envases fabrica envases plegadizos en cartulina y microcorrugado en Rosario desde 1980;;Año de la nota FECOI no visible. También publica pagani@paganienvases.com.ar;"Hola Lisandro, soy [tu nombre], de COI.
Vi que Pagani Envases fabrica envases plegadizos en cartulina y microcorrugado en Rosario desde 1980.
En empresas así, la información de ventas y administración queda repartida entre planillas, mails y WhatsApp.
COI pone ventas, administración y números de la dirección en un solo sistema.
¿Te muestro una demo con tus propios datos? Son 20 minutos.
— Si no te interesa, respondé BAJA y no te escribimos más.";búsqueda web (sesión cloud);https://paganienvases.com.ar/ | https://fecoi.org.ar/suma-episodio-3-industria-grafica-pagani/ | https://www.cuitonline.com/detalle/30520448701/industria-grafica-pagani-sa.html;2026-09-26
Industrias De Luca S.R.L.;Clavos De Luca;;Fábrica de clavos especiales para construcción, techos, maderas y uso naval;C;1;Industrial B2B (otro);Emprendedor;clavosdeluca.com;alta;;;clientes@clavosdeluca.com.ar;;;;;;Clavos De Luca fabrica clavos especiales para techos, tejas y chapas desde hace 20 años;;Sede en San Justo (Bs. As.). Web encontrada clavosdeluca.com (la entrada dice .com.ar). Email visto en resultado de búsqueda: confirmar en la web antes de usar;"Hola, soy [tu nombre], de COI.
Vi que Clavos De Luca fabrica clavos especiales para techos, tejas y chapas desde hace 20 años.
En empresas así, la información de ventas y administración queda repartida entre planillas, mails y WhatsApp.
COI pone ventas, administración y números de la dirección en un solo sistema.
¿Te muestro una demo con tus propios datos? Son 20 minutos.
— Si no te interesa, respondé BAJA y no te escribimos más.";búsqueda web (sesión cloud);https://clavosdeluca.com/ | https://ar.linkedin.com/company/clavos-de-luca | https://cavallferr.com.ar/empresas/de-luca;2026-09-26
M.S. Representaciones S.A.;MS Representaciones;;Distribución de repuestos e insumos industriales y servicios de mantenimiento para oil and gas, minería y transporte;A;10;Minería y energía (proveedores y contratistas);Industrial;msrepresentaciones.com.ar;alta;Marcelo Saldías;Presidente (Vaca Muerta News 2019);mostradornqn@msrepresentaciones.com.ar;(0299) 443-7676;sí;;;representantes | mantenimiento | petrolera | minería | expansión;MS Representaciones inauguró su base en Añelo para abastecer a la industria de Vaca Muerta;;Sede Thames 79 CABA, sucursales Neuquén, Añelo y Comodoro Rivadavia. Email y teléfono de la sucursal Neuquén (Guía Vaca Muerta). Comodoro: comodoro@msrepresentaciones.com.ar. Socia de CAEM;"Hola, soy [tu nombre], de COI.
Vi que MS Representaciones inauguró su base en Añelo para abastecer a la industria de Vaca Muerta.
En empresas así, entre el trabajo en campo, la facturación en dólares y las certificaciones se pierde el control del proyecto.
COI lleva la cuenta corriente en pesos y dólares por separado y factura por anticipo y certificación de avance.
¿Te muestro una demo con tus propios datos? Son 20 minutos.
— Si no te interesa, respondé BAJA y no te escribimos más.";búsqueda web (sesión cloud);https://vacamuertanews.com/actualidad/20191127071101.htm | https://www.guiavacamuerta.com/r/ms-representaciones-neuquen.htm | https://guiavacamuerta.com/r/ms-representaciones-comodoro-rivadavia.htm | https://caem.com.ar/asociados_caem/ms-representaciones/ | http://www.msrepresentaciones.com.ar/;2026-09-26
Frasinelli Maquinas Y Repuestos Sa;Frasinelli;Villa Azalais Oeste;Venta, repuestos y servicio técnico de máquinas viales y camiones (concesionario Komatsu y Agrale);B;9;Minería y energía (proveedores y contratistas);Industrial;frasinelli.com.ar;media;Marcelo Frasinelli;Gerente (búsqueda web, verificar);;;;;;representantes | minería | mantenimiento;Frasinelli es concesionario oficial Komatsu y Agrale en Córdoba con taller propio de 600 m2;Revisar fit: concesionario/distribuidor, no fabricante;Local en Av. Juan B. Justo 5008, Córdoba. Cargo de Marcelo Frasinelli sin fuente primaria confirmada;"Hola Marcelo, soy [tu nombre], de COI.
Vi que Frasinelli es concesionario oficial Komatsu y Agrale en Córdoba con taller propio de 600 m2.
En empresas así, entre el trabajo en campo, la facturación en dólares y las certificaciones se pierde el control del proyecto.
COI lleva la cuenta corriente en pesos y dólares por separado y factura por anticipo y certificación de avance.
¿Te muestro una demo con tus propios datos? Son 20 minutos.
— Si no te interesa, respondé BAJA y no te escribimos más.";búsqueda web (sesión cloud);https://www.frasinelli.com.ar/nosotros/ | https://www.frasinelli.com.ar/contacto/ | https://www.linkedin.com/in/frasinelli-m%C3%A1quinas-y-repuestos-20977828/;2026-09-26
Tecnicas Avanzadas De Ingenieria Sa;TAV Ingeniería;Santo Tome;Diseño y construcción de plantas completas de evaporación y secado spray para industria alimenticia, farmacéutica y biotecnológica;B;9;Montajes industriales y estructuras metálicas;Industrial;tavingenieria.com.ar;media;;;;(0342) 474-9445;sí;;1-50 (LinkedIn);proyectos | montaje | exportación | expansión | nueva planta;TAV Ingeniería estrenó oficinas con una inversión de unos USD 350.000 en su complejo de Santo Tomé y cerró contratos de plantas en el exterior;;No se encontró decisor con nombre en fuente válida. Aparece también el dominio tavingenieriasa.com.ar;"Hola, soy [tu nombre], de COI.
Vi que TAV Ingeniería estrenó oficinas con una inversión de unos USD 350.000 en su complejo de Santo Tomé y cerró contratos de plantas en el exterior.
COI junta presupuestos, gastos por proyecto y cobranzas en pesos y dólares, y te muestra el margen mientras el proyecto avanza.
¿Te muestro una demo con tus propios datos? Son 20 minutos.
— Si no te interesa, respondé BAJA y no te escribimos más.";búsqueda web (sesión cloud);https://puntobiz.com.ar/economia/proveedora-industrial-del-sector-lacteo-sumo-inversiones-y-estreno-oficinas-202654600 | https://tavingenieriasa.com.ar/ | https://www.cuitonline.com/detalle/30699922125/tecnicas-avanzadas-de-ingenieria-sa.html | https://www.linkedin.com/in/ventas-tav-ing-sa-84526968/;2026-09-26
DISTRIBUIDORA MOTORPART S.R.L.;Motorpart;;Distribuidor oficial de maquinaria vial y agrícola Lonking y YTO, motores y repuestos Cummins;B;8;Montajes industriales y estructuras metálicas;Industrial;motorpart.com.ar;media;Carina Botas;Socia y directora general (InfoNegocios 2025);;(0341) 481-8304;sí;Gustavo Canut (Socio y director comercial);;representantes | vendedores | expansión | montaje;Motorpart abrió en 2025 su primera concesionaria en Córdoba y suma una red de unos 30 distribuidores en el país;;Rosario (Santa Fe). Planta de ensamblado en Roldán y concesionaria en Concordia. Teléfono de directorio;"Hola Carina, soy [tu nombre], de COI.
Vi que Motorpart abrió en 2025 su primera concesionaria en Córdoba y suma una red de unos 30 distribuidores en el país.
En empresas así, el costo real de cada proyecto suele aparecer recién al cerrarlo.
COI junta presupuestos, gastos por proyecto y cobranzas en pesos y dólares, y te muestra el margen mientras el proyecto avanza.
¿Te muestro una demo con tus propios datos? Son 20 minutos.
— Si no te interesa, respondé BAJA y no te escribimos más.";búsqueda web (sesión cloud);https://motorpart.com.ar/ | https://motorpart.com.ar/contacto/ | https://infonegocios.info/enfoque/grupo-motorpart-desembarca-en-cordoba-con-su-primera-concesionaria-y-consolida-la-presencia-exclusiva-de-yto-y-lonking | https://www.cuitonline.com/detalle/30710853718/distribuidora-motorpart-srl.html | https://www.argentino.com.ar/motorpart-srl-F1108C00518D6;2026-09-26
FRIO RAF S.A.;Frío Raf;Rafaela;Diseño, fabricación y montaje de sistemas de refrigeración industrial con amoníaco y CO2;B;8;Montajes industriales y estructuras metálicas;Industrial;frioraf.com.ar;media;Francisco Szewc;Presidente (ABC Color 2025);;;;;;exportación | proyectos | montaje | mantenimiento | expansión;Frío Raf cumplió 60 años en 2023 y en 2025 lanzó con Advansor sistemas de refrigeración con CO2;Se presenta entre los cinco mayores proveedores de refrigeración industrial de Latinoamérica: revisar tamaño;Empresa familiar fundada en 1963 en Rafaela por Juan Estanislao Szewc. Certificación ASME. Opera en Paraguay y la región;"Hola Francisco, soy [tu nombre], de COI.
Vi que Frío Raf cumplió 60 años en 2023 y en 2025 lanzó con Advansor sistemas de refrigeración con CO2.
En empresas así, el costo real de cada proyecto suele aparecer recién al cerrarlo.
COI junta presupuestos, gastos por proyecto y cobranzas en pesos y dólares, y te muestra el margen mientras el proyecto avanza.
¿Te muestro una demo con tus propios datos? Son 20 minutos.
— Si no te interesa, respondé BAJA y no te escribimos más.";búsqueda web (sesión cloud);https://frioraf.com.ar/ | https://frioraf.com.ar/celebramos-nuestros-primeros-60-anos-2/ | https://www.abc.com.py/empresariales/2025/08/07/frio-raf-y-advansor-apuestan-al-co2-lo-ultimo-en-refrigeracion-sustentable/ | https://diariocastellanos.com.ar/locales/2024/08/22/la-empresa-rafaelina-que-conquista-latinoamerica.htm | https://www.argentina.gob.ar/inti/pymes-exportan/alimentos-y-bebidas/carnicos/edicion-6-noviembre-2020/frio-raf-mas-de-cincuenta;2026-09-26
Sol Ingenieria S R L;Sol Ingeniería;Rosario Sud;Ingeniería, montaje y obras de redes y gasoductos, conducción de fluidos y equipos industriales;B;8;Montajes industriales y estructuras metálicas;Industrial;solingenieria.com.ar;alta;;;sol@solingenieria.com.ar;0341 422-5169;sí;;11-50 (LinkedIn);obras | montaje | proyectos | energía;Sol Ingeniería construye obras de gas natural y montajes industriales desde 1971;;Sede Camino F. Ruiz 3450 Rosario. Teléfono de directorio (todosnegocios). Existe una Sol Ingeniería S.A. socia de GAPP (verificar si es la misma);"Hola, soy [tu nombre], de COI.
Vi que Sol Ingeniería construye obras de gas natural y montajes industriales desde 1971.
En empresas así, el costo real de cada proyecto suele aparecer recién al cerrarlo.
COI junta presupuestos, gastos por proyecto y cobranzas en pesos y dólares, y te muestra el margen mientras el proyecto avanza.
¿Te muestro una demo con tus propios datos? Son 20 minutos.
— Si no te interesa, respondé BAJA y no te escribimos más.";búsqueda web (sesión cloud);http://www.solingenieria.com.ar/ | https://ar.linkedin.com/company/solingenieria | https://ar.todosnegocios.com/sol-ingenieria-s-r-l-0341-422-5169 | https://www.construar.com.ar/empresas/sol-ingenieria-s-r-l/ | https://gapp-oil.com.ar/en/partners/sol-ingenieria-s-a/;2026-09-26
Menara Construcciones Sociedad Anonima;Menara;Rafaela;Constructora: estructuras de hormigón y metálicas, premoldeados, obras civiles e industriales, pisos industriales y planta de hormigón;B;8;Metalúrgicas / metalmecánica a pedido;Emprendedor / Industrial;menara.com.ar;media;Andrés Ariel Laorden;Presidente (BO Santa Fe 2015);;;;Pablo Mario Laorden (Vicepresidente BO Santa Fe 2015);;obras | proyectos | minería | expansión;Menara desembarcó en el sector minero de San Juan desde Rafaela;Parte del Grupo Menara (uno de los principales grupos constructores del interior): revisar tamaño antes de contactar;Directorio de 2015 (puede estar desactualizado). Oficina también en Rosario (Junín 191 piso 10);"Hola Andres, soy [tu nombre], de COI.
Vi que Menara desembarcó en el sector minero de San Juan desde Rafaela.
En empresas así, cada presupuesto a medida se arma distinto y el margen real por trabajo no se ve.
COI arma los presupuestos por costo más ganancia y te muestra cuánto dejó cada trabajo.
¿Te muestro una demo con tus propios datos? Son 20 minutos.
— Si no te interesa, respondé BAJA y no te escribimos más.";búsqueda web (sesión cloud);https://menara.com.ar/ | https://www.santafe.gob.ar/boletinoficial/ver.php?seccion=24-08-2015contratos.html | https://www.panorama-minero.com/en/news/from-rafaela-to-the-andes-menara-construcciones-enters-san-juan-s-mining-sector | https://viapais.com.ar/rafaela/se-mudaran-tres-empresas-del-grupo-menara/;2026-09-26
Ingenieria Mega Sa;Ingeniería Mega;Lincoln;Fabrica secadoras de granos, equipos de biomasa y obras de gas;B;7;Montajes industriales y estructuras metálicas;Industrial;ingenieriamega.com;alta;Marcelo Lombardo;Director y cofundador (Diario Democracia / La Nación);info@ingenieriamega.com;(02355) 432380;sí;Marcelo Valfiorani (cofundador) / Gabriela Moreno (gerente de planeamiento);51-200 (LinkedIn);exportación | energía | renovables | obras | montaje;Ingeniería Mega exporta sus secadoras de granos a más de 30 países y en 2023 puso en marcha un parque fotovoltaico en su planta de Lincoln;;Planta de 7.200 m2 con capacidad de 140 secadoras por año. Tamaño cercano al tope PyME: revisar;"Hola Marcelo, soy [tu nombre], de COI.
Vi que Ingeniería Mega exporta sus secadoras de granos a más de 30 países y en 2023 puso en marcha un parque fotovoltaico en su planta de Lincoln.
COI junta presupuestos, gastos por proyecto y cobranzas en pesos y dólares, y te muestra el margen mientras el proyecto avanza.
¿Te muestro una demo con tus propios datos? Son 20 minutos.
— Si no te interesa, respondé BAJA y no te escribimos más.";búsqueda web (sesión cloud);https://ingenieriamega.com/ | https://ingenieriamega.com/mega/web/contenidos/contacto | https://www.diariodemocracia.com/regionales/lincoln/175783-ingenieria-mega-empresa-linquena-que-exporta-su-pr/ | https://www.lanacion.com.ar/economia/de-lincoln-al-mundo-la-empresa-que-triunfo-en-su-tierra-y-hoy-exporta-sus-productos-incluso-hasta-kazajistan-nid2076218/ | https://econojournal.com.ar/2023/05/mega-puso-en-marcha-un-parque-fotovoltaico-en-lincoln-para-sustituir-entre-el-40-a-45-del-consumo-electrico-diario-de-la-fabrica/ | https://ar.linkedin.com/company/ingenieria-mega;2026-09-26
Industrias Erca S A;Erca;Armstrong;Fabricante de sembradoras y maquinaria agrícola;B;7;Agroindustria (proveedores de servicios/insumos);Emprendedor / Industrial;erca.com.ar;alta;Marcela Silvi;Directora (Maquinac 2016 / Agrofy News);info@erca.com.ar;(03471) 490460;sí;;160 (Agrofy News);representantes | exportación | expansión;Erca fabricó en 1978 la primera sembradora integral de nueve surcos de Argentina y hoy exporta a Uruguay;Revisar tamaño: unos 160 empleados, PyME mediana-grande;Red de más de 110 concesionarios y 19 centros de servicio. Tel alternativos 490171 / 490461 / 490462;"Hola Marcela, soy [tu nombre], de COI.
Vi que Erca fabricó en 1978 la primera sembradora integral de nueve surcos de Argentina y hoy exporta a Uruguay.
En empresas así, con ventas en el campo y cobranzas con cheques, cuesta saber qué se vendió y qué se cobró.
COI junta ventas, cuentas corrientes y control de cheques en un solo lugar.
¿Te muestro una demo con tus propios datos? Son 20 minutos.
— Si no te interesa, respondé BAJA y no te escribimos más.";búsqueda web (sesión cloud);https://www.erca.com.ar/contacto/ | https://maquinac.com/2016/11/marcela-silvi-dirigir-erca-no-es-un-peso-es-una-pasion/ | https://news.agrofy.com.ar/noticia/157026/erca-semilla-que-germino-armstrong | https://www.cadena3.com/noticia/empresas-con-historia/la-historia-de-erca-el-sastre-de-las-sembradoras-en-la-argentina_400335;2026-09-26
Tft Servicios De Ingenieria S R L;TFT Ingeniería;San Rafael;Venta de materiales de construcción en seco (distribuidor Knauf) y servicios de ingeniería y obra;B;7;Distribuidoras de insumos industriales;Emprendedor;tftingenieria.com;media;;;;;;;;obras | representantes;TFT Ingeniería distribuye oficialmente Knauf en San Rafael y ejecuta obras de construcción en seco;Revisar fit: perfil principalmente comercial/distribuidor de materiales, no fabricante;Más de 20 años en el mercado. Decisor y canal no identificados;"Hola, soy [tu nombre], de COI.
Vi que TFT Ingeniería distribuye oficialmente Knauf en San Rafael y ejecuta obras de construcción en seco.
En empresas así, con un catálogo técnico grande, el seguimiento de cada cotización y la cuenta corriente por moneda se desordenan.
COI une pipeline, catálogo de productos y cuenta corriente en pesos y dólares.
¿Te muestro una demo con tus propios datos? Son 20 minutos.
— Si no te interesa, respondé BAJA y no te escribimos más.";búsqueda web (sesión cloud);https://tftingenieria.com/ | https://www.facebook.com/tftingenieria/;2026-09-26
Marelli Constructora S A;Marelli Constructora;Rosario Norte;Constructora de obra civil industrial y portuaria: silos, celdas, estructuras metálicas, montaje;B;6;Montajes industriales y estructuras metálicas;Industrial;marelli.com.ar;media;;;;;;;;obras | proyectos | montaje | búsqueda laboral;Marelli Constructora lleva más de 200.000 m² construidos y hace silos, celdas y galerías metálicas para terminales portuarias;Es constructora (obra civil) más que industria: revisar encaje con COI;Hay dos webs: marelli.com.ar y marellisa.com.ar. Oficina en Bv. Oroño 568 Rosario. Un directorio menciona a Marcelo Zuliani como gerente sin fuente válida: no confirmado. Publicó búsqueda de ingeniero civil para presupuestos (Jooble 2026);"Hola, soy [tu nombre], de COI.
Vi que Marelli Constructora lleva más de 200.000 m² construidos y hace silos, celdas y galerías metálicas para terminales portuarias.
En empresas así, el costo real de cada proyecto suele aparecer recién al cerrarlo.
COI junta presupuestos, gastos por proyecto y cobranzas en pesos y dólares, y te muestra el margen mientras el proyecto avanza.
¿Te muestro una demo con tus propios datos? Son 20 minutos.
— Si no te interesa, respondé BAJA y no te escribimos más.";búsqueda web (sesión cloud);https://www.marelli.com.ar/ | https://www.marellisa.com.ar/ | https://ar.linkedin.com/company/marelli-constructora-s.a. | https://ar.jooble.org/trabajo-marelli-constructora/Rosario%2C-Santa-Fe;2026-09-26
Quimica Pulchrum S R L;Pulchrum;Alvear;Fabrica productos químicos de limpieza y desinfección para hogar e industria y ácido sulfónico;B;6;Industrial B2B (otro);Emprendedor;pulchrum.com.ar;alta;;;ventas@pulchrum.com.ar;(0341) 492-1576;sí;;21-50 (LinkedIn);exportación | vendedores;Pulchrum fabrica detergentes y químicos de limpieza en Alvear desde 1973 y distribuye con flota propia a todo el país;Revisar: clausura provincial en 2019 por vertido de efluentes (no usar como gancho);La web propia es pulchrum.com.ar (no quimicapulchrum.com). Email ventas@ y administracion@ de ficha lookchem de la empresa. Sin decisor identificado;"Hola, soy [tu nombre], de COI.
Vi que Pulchrum fabrica detergentes y químicos de limpieza en Alvear desde 1973 y distribuye con flota propia a todo el país.
En empresas así, la información de ventas y administración queda repartida entre planillas, mails y WhatsApp.
COI pone ventas, administración y números de la dirección en un solo sistema.
¿Te muestro una demo con tus propios datos? Son 20 minutos.
— Si no te interesa, respondé BAJA y no te escribimos más.";búsqueda web (sesión cloud);https://pulchrum.com.ar/ | https://pulchrum.lookchem.com/Contact.html | https://ar.linkedin.com/company/pulchrum | https://www.santafe.gov.ar/noticias/noticia/264266/;2026-09-26
Metalúrgica San Jorge S.A. MSJ;MSJ Metalúrgica San Jorge;;Fabricante de compresores alternativos, bombas y máquinas de hielo para refrigeración industrial;B;6;Servicios técnicos y mantenimiento industrial;Industrial;metalsanjorge.com;media;;;metalsanjorge@hotmail.com;03406 444001;sí;;;exportación | mantenimiento;MSJ Metalúrgica San Jorge lleva más de 700 equipos instalados en el país y países limítrofes;;Localidad San Jorge (Santa Fe), Fray Luis Beltrán 1115. Gestionada por la segunda generación de las familias fundadoras (web). Sin nombre de decisor publicado;"Hola, soy [tu nombre], de COI.
Vi que MSJ Metalúrgica San Jorge lleva más de 700 equipos instalados en el país y países limítrofes.
COI arma las hojas de ruta con mapa y le da a cada uno su cartera y sus tareas, también desde el celular.
¿Te muestro una demo con tus propios datos? Son 20 minutos.
— Si no te interesa, respondé BAJA y no te escribimos más.";búsqueda web (sesión cloud);https://www.metalsanjorge.com/ | https://www.metalsanjorge.com/nuestra-empresa/ | https://www.metalsanjorge.com/contacto/;2026-09-26
Agi Construcciones S.R.L. S. R. L.;AGI Construcciones;Salta;Hormigón elaborado, bombeo, áridos, pavimentos y movimiento de suelos;B;6;Industrial B2B (otro);Emprendedor;;baja;Andrea Isa;Socia fundadora (InSalta 2025);;;;Celim Isa (socio fundador);17 (Nosis);obras | expansión;AGI Construcciones cumplió 20 años produciendo hormigón elaborado en Salta en 2025;;Planta en Parque Industrial Salta (Av. Rodríguez Durañona 1050). Apellido figura como Isa y como Issa en la prensa: confirmar. Dominio grupoagv.com.ar de la entrada no verificado como propio: web vacía. Opera en Salta, Jujuy y Orán;"Hola Andrea, soy [tu nombre], de COI.
Vi que AGI Construcciones cumplió 20 años produciendo hormigón elaborado en Salta en 2025.
En empresas así, la información de ventas y administración queda repartida entre planillas, mails y WhatsApp.
COI pone ventas, administración y números de la dirección en un solo sistema.
¿Te muestro una demo con tus propios datos? Son 20 minutos.
— Si no te interesa, respondé BAJA y no te escribimos más.";búsqueda web (sesión cloud);https://insalta.info/y-ademas/agi-construcciones-cumple-20-anos-produciendo-hormigon-elaborado-en-salta-y-lo-celebrara-trabajando-por-la-comunidad | https://insalta.info/nota-principal/andrea-issa-yo-no-quiero-ser-igual-a-ningun-hombre-quiero-ser-par | https://trade.nosis.com/es/AGI-CONSTRUCCIONES-SRL/30709414565/1/p | https://www.facebook.com/AGIConstrucciones/?locale=es_LA;2026-09-26
Industrias Lacteas El Rosquinense S A;El Rosquinense;Cañada Rosquin;Fabricación de dulce de leche para industria alfajorera, heladera y consumo;B;6;Industrial B2B (otro);Emprendedor;elrosquinense.com;alta;Hugo Bearzotti;Dueño (Ecos365 2023);info@elrosquinense.com;(03401) 470243;sí;Liliana Crosetti (codirectora) / Alfredo Ávila (socio gerente);40 (prensa Ecos365 2023);exportación | expansión;El Rosquinense invirtió USD 1 millón para pasar de 700 a 1.000 toneladas mensuales de dulce de leche y exporta a Chile, Brasil y Perú;;Planta de 8.000 m2. Premio al mejor dulce de leche del país. Email y teléfono de la página de contacto y directorios;"Hola Hugo, soy [tu nombre], de COI.
Vi que El Rosquinense invirtió USD 1 millón para pasar de 700 a 1.000 toneladas mensuales de dulce de leche y exporta a Chile, Brasil y Perú.
En empresas así, la información de ventas y administración queda repartida entre planillas, mails y WhatsApp.
COI pone ventas, administración y números de la dirección en un solo sistema.
¿Te muestro una demo con tus propios datos? Son 20 minutos.
— Si no te interesa, respondé BAJA y no te escribimos más.";búsqueda web (sesión cloud);https://www.rosario3.com/ecos365/noticias/La-historia-del-mejor-dulce-de-leche-de-Santa-Fe-que-ya-trasciende-fronteras-20230514-0001.html | https://puntobiz.com.ar/economia/fabrica-amplia-escala-y-busca-meterse-en-el-podio-nacional-del-dulce-de-leche-202594600 | https://es.edairynews.com/el-rosquinense-800-toneladas-de-dulce/ | https://www.elrosquinense.com/index.php?s=contactos;2026-09-26
Ac Ingenieria Srl;AC Ingeniería;Perez;Ingeniería y fabricación de estructuras metálicas y construcción en seco sistematizada;B;6;Montajes industriales y estructuras metálicas;Industrial;ac.com.ar;media;;;;;;;;obras | proyectos | búsqueda laboral;AC Ingeniería fabrica estructuras metálicas en el Parque Industrial Metropolitano de Pérez y continúa a VCI Ingeniería;;Sucesora de VCI Ingeniería SRL. Solo aparece email de RRHH (rrhh@ac.com.ar) y un celular: no cargados como canal comercial. Sin decisor identificado;"Hola, soy [tu nombre], de COI.
Vi que AC Ingeniería fabrica estructuras metálicas en el Parque Industrial Metropolitano de Pérez y continúa a VCI Ingeniería.
En empresas así, el costo real de cada proyecto suele aparecer recién al cerrarlo.
COI junta presupuestos, gastos por proyecto y cobranzas en pesos y dólares, y te muestra el margen mientras el proyecto avanza.
¿Te muestro una demo con tus propios datos? Son 20 minutos.
— Si no te interesa, respondé BAJA y no te escribimos más.";búsqueda web (sesión cloud);https://ac.com.ar/ | https://ar.linkedin.com/company/ac-ingenier%C3%ACa | https://www.construar.com.ar/empresas/ac-ingenieria-srl/;2026-09-26
Ingenieria En Tecnologia De Alimentos S.A.;INTEC;Chivilcoy;Diseña y fabrica equipos para la industria láctea (tinas queseras, filtración por membranas, centrífugas, automatización);C;5;Montajes industriales y estructuras metálicas;Industrial;intecal.com.ar;media;Juan Manuel Aquino;Figura en INTEC (LinkedIn) - cargo a confirmar;;;;;;proyectos | montaje;INTEC fabrica desde 2008 equipos de ultrafiltración, ósmosis inversa y tinas queseras para la industria láctea en el Parque Industrial de Chivilcoy;;El cargo de socio gerente solo aparece en un directorio no admitido: confirmar. El Parque Industrial publica un celular de la empresa (2346 15-454802): verificar si es línea comercial antes de usar;"Hola Juan, soy [tu nombre], de COI.
Vi que INTEC fabrica desde 2008 equipos de ultrafiltración, ósmosis inversa y tinas queseras para la industria láctea en el Parque Industrial de Chivilcoy.
En empresas así, el costo real de cada proyecto suele aparecer recién al cerrarlo.
COI junta presupuestos, gastos por proyecto y cobranzas en pesos y dólares, y te muestra el margen mientras el proyecto avanza.
¿Te muestro una demo con tus propios datos? Son 20 minutos.
— Si no te interesa, respondé BAJA y no te escribimos más.";búsqueda web (sesión cloud);https://www.intecal.com.ar/ | https://ar.linkedin.com/company/intec-ingenieria-en-tecnologia-de-los-alimentos | https://www.linkedin.com/in/juan-manuel-aquino-23844770/ | https://parqueindustrialchivilcoy.com/index.php?id=65&seccion=empresa;2026-09-26
Productora Quimica S R L;Productora Química;Rosario Norte;Fabricante de emulsiones asfálticas modificadas, concreto asfáltico, selladores y pinturas acrílicas (Poly-Asfalt);C;5;Industrial B2B (otro);Emprendedor;pquimica.com.ar;alta;;;ventas@pquimica.com.ar;(0341) 458-1222;sí;;;obras | vendedores;Productora Química vende sus productos asfálticos a más de 200 municipios de 11 provincias;;Más de 50 años (contrato 1969). Oficina de administración y ventas en Juan Pablo II 3749 Rosario, WhatsApp comercial +54 9 341 5501326 publicado en su web. Planta en Av. Eva Perón 7382. Sin decisor identificado;"Hola, soy [tu nombre], de COI.
Vi que Productora Química vende sus productos asfálticos a más de 200 municipios de 11 provincias.
En empresas así, la información de ventas y administración queda repartida entre planillas, mails y WhatsApp.
COI pone ventas, administración y números de la dirección en un solo sistema.
¿Te muestro una demo con tus propios datos? Son 20 minutos.
— Si no te interesa, respondé BAJA y no te escribimos más.";búsqueda web (sesión cloud);https://pquimica.com.ar/contacto/ | https://pquimica.com.ar/sobre-nosotros/ | https://www.cuitonline.com/detalle/30522120045/productora-quimica-s-r-l.html;2026-09-26
METALURGICA GARMAZ SRL;Metalúrgica Garmaz;Sanford;Metalmecánica a pedido: compuertas, estaciones de bombeo, tanques, cañerías, máquinas especiales, montaje industrial y venta de caños y tubos;C;5;Montajes industriales y estructuras metálicas;Industrial;metalurgicagarmaz.com.ar;alta;;;administracion@metalurgicagarmaz.com.ar;(03464) 496561;sí;Sebastián Garmaz / Germán Garmaz (socios según cesión de cuotas BO Santa Fe, a confirmar);;obras | proyectos | montaje;Metalúrgica Garmaz fabrica compuertas, estaciones de bombeo y tanques para obras de agua y cloacas desde 1995;;Localidad tomada de la web (Ruta Nac. 33 km 726,5, Sanford). El edicto de cesión de cuotas nombra a los Garmaz pero no se confirmó que sea esta SRL ni el cargo de gerente;"Hola, soy [tu nombre], de COI.
Vi que Metalúrgica Garmaz fabrica compuertas, estaciones de bombeo y tanques para obras de agua y cloacas desde 1995.
En empresas así, el costo real de cada proyecto suele aparecer recién al cerrarlo.
COI junta presupuestos, gastos por proyecto y cobranzas en pesos y dólares, y te muestra el margen mientras el proyecto avanza.
¿Te muestro una demo con tus propios datos? Son 20 minutos.
— Si no te interesa, respondé BAJA y no te escribimos más.";búsqueda web (sesión cloud);https://metalurgicagarmaz.com.ar/ | https://www.santafe.gob.ar/boletinoficial/ver.php?seccion=2022/2022-12-13contratos.html;2026-09-26
CANALS TORNERIA INDUSTRIAL S.A.;Canals Tornería;;Tornería industrial y mecanizado de cilindros;C;5;Metalúrgicas / metalmecánica a pedido;Emprendedor / Industrial;;baja;;;;(03461) 43-3065;sí;;;mantenimiento;Canals Tornería mecaniza cilindros para Acindar desde hace más de una década;;Sin web propia. Planta en Parque Industrial COMIRSA (Ramallo) y oficina en Maipú 380, San Nicolás. Teléfono de directorio (otro: 0336 450-3349). Sin decisor identificado;"Hola, soy [tu nombre], de COI.
Vi que Canals Tornería mecaniza cilindros para Acindar desde hace más de una década.
En empresas así, cada presupuesto a medida se arma distinto y el margen real por trabajo no se ve.
COI arma los presupuestos por costo más ganancia y te muestra cuánto dejó cada trabajo.
¿Te muestro una demo con tus propios datos? Son 20 minutos.
— Si no te interesa, respondé BAJA y no te escribimos más.";búsqueda web (sesión cloud);https://www.cylex.com.ar/ramallo/canals-torneria-industrial-s-a--11573543.html | https://www.argentino.com.ar/canals-torneria-industrial-sa-F160DC70E1BD4 | https://www.cuitonline.com/detalle/30710290942/canals-torneria-industrial-s.a.html;2026-09-26
Jose Iturrospe Saic;Iturrospe;Rosario Norte;Fabricante de prensas hidráulicas, plegadoras CNC, guillotinas y corte láser/plasma;C;5;Industrial B2B (otro);Emprendedor;iturrospe.com.ar;alta;Mariano Iturrospe;Presidente (BO Santa Fe 2022);iturrospe@iturrospe.com.ar;0341 439-0035;sí;Jorge Alonzo (representación comercial, LinkedIn);;exportación | representantes;Iturrospe fabricó en 1971 la primera plegadora hidráulica del país y lleva más de 2500 máquinas fabricadas desde 1950;;Planta en Córdoba 4845, Rosario. Máquinas instaladas en Sudamérica, Canadá, EE.UU., México y Túnez. Email y teléfono publicados en la web;"Hola Mariano, soy [tu nombre], de COI.
Vi que Iturrospe fabricó en 1971 la primera plegadora hidráulica del país y lleva más de 2500 máquinas fabricadas desde 1950.
En empresas así, la información de ventas y administración queda repartida entre planillas, mails y WhatsApp.
COI pone ventas, administración y números de la dirección en un solo sistema.
¿Te muestro una demo con tus propios datos? Son 20 minutos.
— Si no te interesa, respondé BAJA y no te escribimos más.";búsqueda web (sesión cloud);https://iturrospe.com.ar/en/ | https://iturrospe.com.ar/en/empresa/ | https://iturrospe.com.ar/en/contact/ | https://www.santafe.gob.ar/boletinoficial/ver.php?seccion=2024/2024-07-10contratos.html | https://www.linkedin.com/in/jorgealonzo-82649885/;2026-09-26
Semar Ingenieria Srl;Semar;Puerto General San Martin;Montajes industriales, cañerías de presión, calderería, filtros y ductos, mantenimiento;C;5;Montajes industriales y estructuras metálicas;Industrial;semarsrl.com.ar;media;;;;03476 429167;sí;;;montaje | mantenimiento | obras | proyectos;Semar hace montajes industriales en el cordón de Puerto General San Martín desde hace más de 20 años;;Av. Belgrano 2628, Puerto Gral. San Martín. Otros teléfonos publicados 03476 429468 / 441581. Hay un perfil LinkedIn de un Luis Fernández socio gerente de montajes industriales sin confirmar que sea Semar: no cargado;"Hola, soy [tu nombre], de COI.
Vi que Semar hace montajes industriales en el cordón de Puerto General San Martín desde hace más de 20 años.
En empresas así, el costo real de cada proyecto suele aparecer recién al cerrarlo.
COI junta presupuestos, gastos por proyecto y cobranzas en pesos y dólares, y te muestra el margen mientras el proyecto avanza.
¿Te muestro una demo con tus propios datos? Son 20 minutos.
— Si no te interesa, respondé BAJA y no te escribimos más.";búsqueda web (sesión cloud);https://semarsrl.com.ar/servicios.php | https://www.argentino.com.ar/empresa-semar-F1A07C2071D | https://industriaenargentina.com/empresa-semar-ingenieria-em-puerto-general-san-martin-1106 | https://www.guiaurbana.com.ar/empresas/semar-ingenieria-srl-puerto-general-san-martin;2026-09-26
METALURGICA DEPAOLO S.R.L.;Depaolo;;Fabricación de cocinas, hornos y equipamiento gastronómico;C;5;Metalúrgicas / metalmecánica a pedido;Emprendedor / Industrial;depaolosrl.com;alta;;;dondecocinardagusto@depaolosrl.com.ar;341 462-3174;sí;;;vendedores | representantes;Depaolo vende sus cocinas y hornos gastronómicos a través de una red de 300 distribuidores en todo el país;;Rosario Sud, Santa Fe. Sin decisor público confirmado (aparece Depaolo Roberto José como comercio asociado). Alternativo 341 462-6969;"Hola, soy [tu nombre], de COI.
Vi que Depaolo vende sus cocinas y hornos gastronómicos a través de una red de 300 distribuidores en todo el país.
En empresas así, cada presupuesto a medida se arma distinto y el margen real por trabajo no se ve.
COI arma los presupuestos por costo más ganancia y te muestra cuánto dejó cada trabajo.
¿Te muestro una demo con tus propios datos? Son 20 minutos.
— Si no te interesa, respondé BAJA y no te escribimos más.";búsqueda web (sesión cloud);https://www.depaolosrl.com/contacto | https://noticias-web.com.ar/metalurgica-depaolo-s-r-l/ | https://www.cuitonline.com/detalle/30708588233/metalurgica-depaolo-s.r.l.html;2026-09-26
Industrias Brica Sas;Brica;Neuquen;Insumos, conectores y accesorios industriales para oil and gas;C;5;Minería y energía (proveedores y contratistas);Industrial;brica.com.ar;alta;Marcos Antonio Lohrengel;Socio fundador (BO Neuquén 2020);ventas@brica.com.ar;;;María Fernanda López (socia fundadora, BO Neuquén 2020);;petrolera | energía;Brica abastece conectores y accesorios de instrumentación a la industria petrolera desde el Parque Industrial de Neuquén;;SAS constituida en 2020. La empresa publica solo celulares comerciales (0299 15...), no cargados. Cargo de administrador no confirmado;"Hola Marcos, soy [tu nombre], de COI.
Vi que Brica abastece conectores y accesorios de instrumentación a la industria petrolera desde el Parque Industrial de Neuquén.
En empresas así, entre el trabajo en campo, la facturación en dólares y las certificaciones se pierde el control del proyecto.
COI lleva la cuenta corriente en pesos y dólares por separado y factura por anticipo y certificación de avance.
¿Te muestro una demo con tus propios datos? Son 20 minutos.
— Si no te interesa, respondé BAJA y no te escribimos más.";búsqueda web (sesión cloud);https://brica.com.ar/contacto.html | https://www.guiacores.com.ar/index.php?r=search/detail&id=62084 | https://boficial.neuquen.gov.ar/BoletinDetalle?Id=1263;2026-09-26
Mac Industrial S. R. L.;MAC Industrial;Las Parejas;Proyectos industriales, estructuras metálicas, montaje y fabricación, alquiler y venta de unidades modulares;C;5;Montajes industriales y estructuras metálicas;Industrial;macindustrial.com.ar;media;;;;3471 625092;sí;;;proyectos | montaje;MAC Industrial fabrica, alquila y vende módulos (oficinas, baños y áreas de trabajo) además de hacer montaje industrial;;Teléfonos publicados por la empresa en Instagram (3460 690093 / 3471 625092), posiblemente celulares comerciales: verificar. Hay firmas vinculadas en Las Parejas (Mac Energía SRL, Mac Metal SA): no confundir;"Hola, soy [tu nombre], de COI.
Vi que MAC Industrial fabrica, alquila y vende módulos (oficinas, baños y áreas de trabajo) además de hacer montaje industrial.
En empresas así, el costo real de cada proyecto suele aparecer recién al cerrarlo.
COI junta presupuestos, gastos por proyecto y cobranzas en pesos y dólares, y te muestra el margen mientras el proyecto avanza.
¿Te muestro una demo con tus propios datos? Son 20 minutos.
— Si no te interesa, respondé BAJA y no te escribimos más.";búsqueda web (sesión cloud);https://macindustrial.com.ar/ | https://www.instagram.com/mac.industrial.srl/ | https://www.cuitonline.com/detalle/30717430561/mac-energia-s.-r.-l.html;2026-09-26
Ingenieria De Industrias S.R.L.;IDI SRL;San Salvador De Jujuy;Tornería, mecanizado CNC, soldadura y balanceo dinámico;C;5;Metalúrgicas / metalmecánica a pedido;Emprendedor / Industrial;idisrljujuy.com.ar;alta;;;comercial@idisrljujuy.com.ar;(0388) 425-1709;sí;;;mantenimiento;IDI SRL hace balanceo dinámico in situ con análisis de vibraciones y tiene un banco de balanceo de 5 toneladas;;Opera desde 1996. Decisor no identificado;"Hola, soy [tu nombre], de COI.
Vi que IDI SRL hace balanceo dinámico in situ con análisis de vibraciones y tiene un banco de balanceo de 5 toneladas.
En empresas así, cada presupuesto a medida se arma distinto y el margen real por trabajo no se ve.
COI arma los presupuestos por costo más ganancia y te muestra cuánto dejó cada trabajo.
¿Te muestro una demo con tus propios datos? Son 20 minutos.
— Si no te interesa, respondé BAJA y no te escribimos más.";búsqueda web (sesión cloud);http://idisrljujuy.com.ar/ | http://idisrljujuy.com.ar/?mtheme_portfolio=balanceadora-dinamica | https://trade.nosis.com/es/INGENIERIA-DE-INDUSTRIAS-SRL/30636861339/1/p;2026-09-26
Jit Sa Planta Villa Constitucion;JIT;Villa Constitucion;Logística y servicios para la industria metalúrgica (trabaja con Acindar) y municipios;C;5;Metalúrgicas / metalmecánica a pedido;Emprendedor / Industrial;jit-sa.com;media;;;;03400-470117;sí;;;mantenimiento | proyectos;JIT trabaja con la siderurgia de Villa Constitución bajo el modelo just in time y promueve la economía circular;Cliente principal ligado a Acindar que opera a media capacidad: revisar actividad actual;Planta en RP 21 km 244 Villa Constitución. CUIT registrado en Rosario Sud. Existe además JIT Industrial S.A. (estatuto BO Santa Fe 2022) posiblemente vinculada. Rubro exacto no confirmado del todo (directorios mencionan logística y equipos de embalaje);"Hola, soy [tu nombre], de COI.
Vi que JIT trabaja con la siderurgia de Villa Constitución bajo el modelo just in time y promueve la economía circular.
En empresas así, cada presupuesto a medida se arma distinto y el margen real por trabajo no se ve.
COI arma los presupuestos por costo más ganancia y te muestra cuánto dejó cada trabajo.
¿Te muestro una demo con tus propios datos? Son 20 minutos.
— Si no te interesa, respondé BAJA y no te escribimos más.";búsqueda web (sesión cloud);https://jit-sa.com/ubicaciones/ | https://jit-sa.com/empresa/ | https://ar.kompass.com/c/jit-sa/ar007044/ | https://www.cuitonline.com/detalle/30621881422/jit-sa.html | https://www.santafe.gob.ar/boletinoficial/verPdf.php?seccion=2022%2F2022-11-14contratos.html;2026-09-26
Rht Industrial S. A. S.;RHT Industrial;Rosario Norte;Comercializa componentes para conducción, control, medición y sellado de fluidos industriales;C;4;Minería y energía (proveedores y contratistas);Industrial;rhtind.com.ar;alta;Hermán Giménez;Titular (LinkedIn / web);gimenez@rhtind.com.ar;;;;;minería;RHT Industrial participa como expositor en Expo San Juan Minera con soluciones para conducción de fluidos;;Opera desde 2004. Email del titular publicado textual en la web y en el perfil de expositor;"Hola Herman, soy [tu nombre], de COI.
Vi que RHT Industrial participa como expositor en Expo San Juan Minera con soluciones para conducción de fluidos.
En empresas así, entre el trabajo en campo, la facturación en dólares y las certificaciones se pierde el control del proyecto.
COI lleva la cuenta corriente en pesos y dólares por separado y factura por anticipo y certificación de avance.
¿Te muestro una demo con tus propios datos? Son 20 minutos.
— Si no te interesa, respondé BAJA y no te escribimos más.";búsqueda web (sesión cloud);https://rhtind.com.ar/ | https://www.exposanjuan.com.ar/en/company/rht-industrial | https://www.linkedin.com/in/rht-industrial-911422195/;2026-09-26
Ingenieria Plastica Rosario S A;Voss 2000;Villa Gobernador Galvez;Inyección y extrusión de plástico: muebles de jardín, cielorrasos y revestimientos de PVC, pisos flotantes;C;4;Pisos y revestimientos industriales;Industrial;;baja;;;;(0341) 518-4400;sí;;;exportación;Voss 2000 fabrica muebles de jardín de plástico en Villa Gobernador Gálvez desde 2004 y tiene ISO 9001 desde 2005;Ya usa SAP Business One (implementado en 2020 según Valkimia): tiene ERP;Fundada en 1959. Sin web propia confirmada. Teléfono de directorio. Sin decisor identificado;"Hola, soy [tu nombre], de COI.
Vi que Voss 2000 fabrica muebles de jardín de plástico en Villa Gobernador Gálvez desde 2004 y tiene ISO 9001 desde 2005.
En empresas así, cotizar cada proyecto y cobrar anticipo más avance se vuelve un lío de planillas.
COI cotiza por proyecto y factura por anticipo y certificación de avance.
¿Te muestro una demo con tus propios datos? Son 20 minutos.
— Si no te interesa, respondé BAJA y no te escribimos más.";búsqueda web (sesión cloud);https://www.cuitonline.com/detalle/30548978099/ingenieria-plastica-rosario-s-a.html | https://gruphogar.com.ar/proveedores/ingenieria-plastica-rosario-s-a-voss-2000/ | https://valkimia.com/blog/2020/03/11/voss-sap/ | https://www.inversionycomercio.exportargentina.org.ar/companies/2431 | https://laguia.online/business/dbN5V;2026-09-26
Fabbro Hnos Saic;Fabbro Hnos;Ramos Mejia;Fabricante de reductores de velocidad, motorreductores, engranajes y acoples para transmisión industrial;C;4;Metalúrgicas / metalmecánica a pedido;Emprendedor / Industrial;fabbrohnos.com;media;Gabriela Susana Fabbro;Presidente (Boletín Oficial nacional, año s/d);;(011) 4653-6016;sí;;;;Fabbro Hnos fabrica reductores y motorreductores industriales en Ramos Mejía desde 1967;;Venta directa de fábrica en 11 de Septiembre 471. Teléfono de directorio;"Hola Gabriela, soy [tu nombre], de COI.
Vi que Fabbro Hnos fabrica reductores y motorreductores industriales en Ramos Mejía desde 1967.
En empresas así, cada presupuesto a medida se arma distinto y el margen real por trabajo no se ve.
COI arma los presupuestos por costo más ganancia y te muestra cuánto dejó cada trabajo.
¿Te muestro una demo con tus propios datos? Son 20 minutos.
— Si no te interesa, respondé BAJA y no te escribimos más.";búsqueda web (sesión cloud);http://www.fabbrohnos.com/ | https://www.boletinoficial.gob.ar/pdf/linkQR/cTJaYlNSMTJOS0IreFpJZ1U0d1UwZz09 | https://www.cylex.com.ar/ramos+mejía/fabbro+hnos+s.a.i.c-11115742.html;2026-09-26
3L Industria S.R.L.;3L Industria;Rosario Sud;Inyección de envases plásticos para la industria alimenticia (baldes para helados, lácteos, chocolates);C;4;Industrial B2B (otro);Emprendedor;3lindustria.com.ar;alta;;;3lindustria@3lindustria.com.ar;0341-4334728;sí;;;representantes | expansión;3L Industria produce envases plásticos para heladerías las 24 horas en su planta del Parque Industrial Pergamino;;Fundada en 2007. Depósito en Av. Ov. Lagos 4040 Rosario y planta en Pergamino desde 2009. WhatsApp comercial publicado 549 341 5633920. Red de distribuidores en todo el país. Sin decisor identificado;"Hola, soy [tu nombre], de COI.
Vi que 3L Industria produce envases plásticos para heladerías las 24 horas en su planta del Parque Industrial Pergamino.
En empresas así, la información de ventas y administración queda repartida entre planillas, mails y WhatsApp.
COI pone ventas, administración y números de la dirección en un solo sistema.
¿Te muestro una demo con tus propios datos? Son 20 minutos.
— Si no te interesa, respondé BAJA y no te escribimos más.";búsqueda web (sesión cloud);https://3lindustria.com.ar/contacto/ | https://publitec.com/3l-industria-innovacion-compromiso-y-crecimiento/ | https://ar.linkedin.com/company/3l-industria-srl;2026-09-26
FRIGORIFICO EPUYEN SA ( );Frigorífico Epuyén;Victoria;Frigorífico de pescado de río y mar: fileteado, congelado, hamburguesas y medallones de pescado;C;4;Agroindustria (proveedores de servicios/insumos);Emprendedor / Industrial;frigorificoepuyensa.com.ar;media;;;;(03436) 425063;sí;;;exportación;Frigorífico Epuyén exporta pescado de río a más de 13 destinos;Es procesador de pescado, no proveedor de servicios o insumos agro: revisar rubro;Fundada en 1990, Av. Belgrano 390 Victoria. Tiene empresa de transporte propia (Pablo Ariel SRL). También usa el dominio epuyensa.com. Sin decisor identificado;"Hola, soy [tu nombre], de COI.
Vi que Frigorífico Epuyén exporta pescado de río a más de 13 destinos.
En empresas así, con ventas en el campo y cobranzas con cheques, cuesta saber qué se vendió y qué se cobró.
COI junta ventas, cuentas corrientes y control de cheques en un solo lugar.
¿Te muestro una demo con tus propios datos? Son 20 minutos.
— Si no te interesa, respondé BAJA y no te escribimos más.";búsqueda web (sesión cloud);https://frigorificoepuyensa.com.ar/ | https://www.cuitonline.com/detalle/33637607109/frigorifico-epuyen-s.a.html;2026-09-26
Jlc Ingenieria Srl;JLC Ingeniería;Casilda;Fabrica plataformas volcadoras hidráulicas, caladores hidráulicos y balanzas para plantas de acopio;C;4;Agroindustria (proveedores de servicios/insumos);Emprendedor / Industrial;jlc-ingenieria.com.ar;alta;Jorge Luis Cocitto;Fundador, ingeniero mecánico (web propia);contacto@jlc-ingenieria.com.ar;(03464) 43-8439;sí;;;exportación;JLC Ingeniería exporta sus caladores y plataformas para acopio desde 2011, cuando Uruguay fue su primer mercado externo;;Email y teléfono de la web / ExportArgentina. Cargo actual de Cocitto no confirmado con fecha;"Hola Jorge, soy [tu nombre], de COI.
Vi que JLC Ingeniería exporta sus caladores y plataformas para acopio desde 2011, cuando Uruguay fue su primer mercado externo.
En empresas así, con ventas en el campo y cobranzas con cheques, cuesta saber qué se vendió y qué se cobró.
COI junta ventas, cuentas corrientes y control de cheques en un solo lugar.
¿Te muestro una demo con tus propios datos? Son 20 minutos.
— Si no te interesa, respondé BAJA y no te escribimos más.";búsqueda web (sesión cloud);https://www.jlc-ingenieria.com.ar/ | https://jlc-ingenieria.com.ar/empresa/ | https://exportargentina.org.ar/companies/1236 | https://www.cuitonline.com/detalle/30715536265/jlc-ingenieria-srl.html;2026-09-26
Monchamp Industrias S.R.L.;Monchamp Industrias;Colonia Belgrano;Mecanizado industrial de piezas a pedido para empresas;C;4;Metalúrgicas / metalmecánica a pedido;Emprendedor / Industrial;monchampindustrias.com.ar;media;Fernando Monchamp;Socio gerente (LinkedIn);;+54 3404 496157;sí;;;;Monchamp Industrias mecaniza piezas en una planta de 1.000 m2 en Colonia Belgrano y entrega el producto terminado y embalado en la planta del cliente;;Trayectoria familiar desde 1940, SRL desde 2011. Email de la web no visible en la búsqueda. Otro teléfono en directorio: +54 341 504-1598. Socia de CEFOSE;"Hola Fernando, soy [tu nombre], de COI.
Vi que Monchamp Industrias mecaniza piezas en una planta de 1.000 m2 en Colonia Belgrano y entrega el producto terminado y embalado en la planta del cliente.
COI arma los presupuestos por costo más ganancia y te muestra cuánto dejó cada trabajo.
¿Te muestro una demo con tus propios datos? Son 20 minutos.
— Si no te interesa, respondé BAJA y no te escribimos más.";búsqueda web (sesión cloud);https://ar.linkedin.com/in/fernando-monchamp-34782118 | https://www.monchampindustrias.com.ar/quienes-somos | https://www.monchampindustrias.com.ar/contacto | https://cefose.org.ar/index.php?option=com_joodb&view=article&joobase=1&id=48%3Amonchamp-industrias-s-r-l&Itemid=251;2026-09-26
FUNDICION RAMELLO S.R.L.;Fundición Ramello;;Fundición de piezas de aluminio y aleaciones (arena y shell);C;4;Metalúrgicas / metalmecánica a pedido;Emprendedor / Industrial;fundicionramello.com;media;Graciela Ramona Antonia Pasinato;Socia gerente (BO Santa Fe 2016);;(0341) 432-7258;sí;;;;Fundición Ramello prorrogó en 2016 su contrato social hasta 2046 y funde piezas de aluminio a pedido;;Localidad: Rosario (Cochabamba 4583). Teléfono de directorio. Ariel Ramello figura como socio en edictos 2013/2017 y existe arielramello.com (posible firma relacionada): verificar;"Hola Graciela, soy [tu nombre], de COI.
Vi que Fundición Ramello prorrogó en 2016 su contrato social hasta 2046 y funde piezas de aluminio a pedido.
En empresas así, cada presupuesto a medida se arma distinto y el margen real por trabajo no se ve.
COI arma los presupuestos por costo más ganancia y te muestra cuánto dejó cada trabajo.
¿Te muestro una demo con tus propios datos? Son 20 minutos.
— Si no te interesa, respondé BAJA y no te escribimos más.";búsqueda web (sesión cloud);https://www.fundicionramello.com/ | https://www.santafe.gov.ar/boletinoficial/recursos/boletines/21-10-2016contratos.html | https://www.cuitonline.com/detalle/30709843148/fundicion-ramello-s.r.l.html;2026-09-26
Molino Passerini Saic;Egran;Ciudad De Cordoba Sur;Molino e industrialización de cereales y legumbres secas y alimentos sin TACC;C;4;Industrial B2B (otro);Emprendedor;egran.com.ar;media;Laura Passerini;Directora (InfoNegocios / A24);;;;;11-50 (LinkedIn);exportación;Egran cumplió 80 años elaborando cereales y legumbres en Córdoba y exporta a Chile, República Dominicana y Uruguay;;Fundada en 1938. Laura Passerini preside además la Bolsa de Cereales de Córdoba. Planta de más de 6.000 m2. Sin email ni teléfono verificados;"Hola Laura, soy [tu nombre], de COI.
Vi que Egran cumplió 80 años elaborando cereales y legumbres en Córdoba y exporta a Chile, República Dominicana y Uruguay.
En empresas así, la información de ventas y administración queda repartida entre planillas, mails y WhatsApp.
COI pone ventas, administración y números de la dirección en un solo sistema.
¿Te muestro una demo con tus propios datos? Son 20 minutos.
— Si no te interesa, respondé BAJA y no te escribimos más.";búsqueda web (sesión cloud);https://infonegocios.info/lo-que-viene/laura-passerini-molinos-passerini | https://www.a24.com/pymes/la-empresa-agroalimenticia-que-tiene-mas-80-anos-y-se-enfoca-exportar-n1091913 | https://cacec.com.ar/Noticia/detalleNoticia/felices-80-anos-egran | https://ar.linkedin.com/company/molino-passerini-s.a.i.c. | https://egran.com.ar/nuestra-empresa/;2026-09-26
Tecno Empresa S.A.;Tecnoempresa;Villa Trinidad;Planta extrusora de soja: expeller para tambos y aceite para biodiesel;C;4;Minería y energía (proveedores y contratistas);Industrial;tecnoempresa.com.ar;media;;;;;;;;energía;Tecnoempresa procesa unas 10.000 toneladas anuales de soja por extrusado-prensado en Villa Trinidad;;Empresa familiar en Ruta 23 km 3,5. Teléfono publicado es celular (no se carga). Dato de toneladas de un trabajo académico de la UNC (puede ser viejo);"Hola, soy [tu nombre], de COI.
Vi que Tecnoempresa procesa unas 10.000 toneladas anuales de soja por extrusado-prensado en Villa Trinidad.
En empresas así, entre el trabajo en campo, la facturación en dólares y las certificaciones se pierde el control del proyecto.
COI lleva la cuenta corriente en pesos y dólares por separado y factura por anticipo y certificación de avance.
¿Te muestro una demo con tus propios datos? Son 20 minutos.
— Si no te interesa, respondé BAJA y no te escribimos más.";búsqueda web (sesión cloud);http://tecnoempresa.com.ar/ | https://www.facebook.com/tecnoempresasf/ | https://rdu.unc.edu.ar/handle/11086/2796 | https://www.cuitonline.com/detalle/30711370516/tecno-empresa-s.a.html;2026-09-26
Resicom Ingenieria Ambiental SRL;Resicom;Roldan;Recolección, tratamiento y disposición final de residuos sólidos urbanos (relleno sanitario en Ricardone);C;3;Industrial B2B (otro);Emprendedor;resicom.com.ar;media;;;;(0341) 496-2727;sí;;;obras | proyectos;Resicom opera el centro de disposición final La Gallega en Ricardone y recolecta los residuos domiciliarios de San Lorenzo;Servicio de residuos urbanos para municipios, no industria manufacturera: revisar encaje;Sin decisor público encontrado. Teléfono alternativo (0341) 496-2277 en la web;"Hola, soy [tu nombre], de COI.
Vi que Resicom opera el centro de disposición final La Gallega en Ricardone y recolecta los residuos domiciliarios de San Lorenzo.
En empresas así, la información de ventas y administración queda repartida entre planillas, mails y WhatsApp.
COI pone ventas, administración y números de la dirección en un solo sistema.
¿Te muestro una demo con tus propios datos? Son 20 minutos.
— Si no te interesa, respondé BAJA y no te escribimos más.";búsqueda web (sesión cloud);https://resicom.com.ar/ | https://resicom.com.ar/historia/ | https://resicom.com.ar/contacto/ | https://sanlorenzo.gob.ar/2728-autorizacil-dem-a-contratar-en-forma-directa-con-resicom-srl/;2026-09-26
CABREJAS DISTRIBUIDORA S.R.L.;Cabrejas Distribuidora;;Distribuidora de insumos y accesorios de soldadura;C;3;Metalúrgicas / metalmecánica a pedido;Emprendedor / Industrial;;baja;;;;;;;;;Cabrejas Distribuidora abastece insumos de soldadura desde Av. Ovidio Lagos 1216 en Rosario;;Rosario (Santa Fe). Sin web propia. Aparece en BO Santa Fe del 06-06-2024 (no leído). Teléfono de directorio truncado, no cargado;"Hola, soy [tu nombre], de COI.
Vi que Cabrejas Distribuidora abastece insumos de soldadura desde Av. Ovidio Lagos 1216 en Rosario.
En empresas así, cada presupuesto a medida se arma distinto y el margen real por trabajo no se ve.
COI arma los presupuestos por costo más ganancia y te muestra cuánto dejó cada trabajo.
¿Te muestro una demo con tus propios datos? Son 20 minutos.
— Si no te interesa, respondé BAJA y no te escribimos más.";búsqueda web (sesión cloud);https://www.argentino.com.ar/cabrejas-distribuidora-srl-F1006C6021FD7 | https://empresasderosario.com/pagina/Cabrejas-Distribuidora-SRL/ | https://www.santafe.gob.ar/boletinoficial/ver.php?seccion=2024%2F2024-06-06contratos.html;2026-09-26
RODAMIENTOS JUJUY S.R.L.;Rodamientos Jujuy;San Salvador de Jujuy;Venta de rodamientos, retenes y repuestos del automotor;C;3;Distribuidoras de insumos industriales;Emprendedor;;baja;;;;(0388) 423-0926;sí;;;;;Parece comercio de repuestos del automotor con atención al público: revisar si es minorista;Lisandro de la Torre 802. Sin web propia. Teléfono de directorio. Sin decisor identificado;"Hola, soy [tu nombre], de COI.
Te escribo porque vi que Rodamientos Jujuy distribuye insumos industriales.
En empresas así, con un catálogo técnico grande, el seguimiento de cada cotización y la cuenta corriente por moneda se desordenan.
COI une pipeline, catálogo de productos y cuenta corriente en pesos y dólares.
¿Te muestro una demo con tus propios datos? Son 20 minutos.
— Si no te interesa, respondé BAJA y no te escribimos más.";búsqueda web (sesión cloud);https://www.argentino.com.ar/rodamientos-jujuy-srl-rodamientos-jujuy-srl-F1A07C2031B | https://www.portal-industrial.com.ar/empresa/rodamientos-jujuy-srl/26331/;2026-09-26
METALURGICA FARONI S.R.L;Metalúrgica Faroni;;Corte láser, plegado, estampado, matricería y soldadura. Fabrica puntales telescópicos, andamios y piezas para electrodomésticos y motos;C;3;Metalúrgicas / metalmecánica a pedido;Emprendedor / Industrial;metalurgicafaroni.com.ar;media;;;;(0341) 492-5638;sí;Hugo Faroni (fundador 1990) / Victor Faroni (fundador 1990);;;Metalúrgica Faroni fabrica puntales telescópicos y andamios en sus dos plantas de Villa Gobernador Gálvez;;Localidad: Villa Gobernador Gálvez (J. Piazza 607). Cargo actual de los fundadores no confirmado. Otro teléfono: (0341) 498-4878;"Hola, soy [tu nombre], de COI.
Vi que Metalúrgica Faroni fabrica puntales telescópicos y andamios en sus dos plantas de Villa Gobernador Gálvez.
En empresas así, cada presupuesto a medida se arma distinto y el margen real por trabajo no se ve.
COI arma los presupuestos por costo más ganancia y te muestra cuánto dejó cada trabajo.
¿Te muestro una demo con tus propios datos? Son 20 minutos.
— Si no te interesa, respondé BAJA y no te escribimos más.";búsqueda web (sesión cloud);https://www.facebook.com/metalurgicafaroni/ | http://metalurgicafaroni.com.ar/producto/14/Puertas-para-cocina-chica.html | https://www.cuitonline.com/detalle/30709524956/metalurgica-faroni-s.r.l.html;2026-09-26
R V Obras Y Servicios S A;RV Obras y Servicios;Rosario Norte;Constructora de obras viales, ferroviarias, civiles e hidráulicas;C;3;Industrial B2B (otro);Emprendedor;rvoys.com.ar;media;;;;0341 489-2006;sí;;51-200 (LinkedIn);obras | proyectos;RV Obras y Servicios hace obras viales y ferroviarias desde 1995;Constructora de obra pública, no industrial: revisar encaje con COI;Oficinas en Gorriti 196 piso 6 Of. B (Puerto Norte, Rosario). Teléfono de directorio. BO Santa Fe 2010 menciona una gerente y renuncia de socio gerente en una RV Obras y Servicios (dato viejo y posible sociedad distinta): no se usa como decisor;"Hola, soy [tu nombre], de COI.
Vi que RV Obras y Servicios hace obras viales y ferroviarias desde 1995.
En empresas así, la información de ventas y administración queda repartida entre planillas, mails y WhatsApp.
COI pone ventas, administración y números de la dirección en un solo sistema.
¿Te muestro una demo con tus propios datos? Son 20 minutos.
— Si no te interesa, respondé BAJA y no te escribimos más.";búsqueda web (sesión cloud);http://www.rvoys.com.ar/ | https://ar.linkedin.com/company/rv-obras-y-servicios-s.a. | https://ar.polomap.com/rosario/32115 | https://www.santafe.gov.ar/boletinoficial/ver.php?seccion=25-06-2010contratos.htm;2026-09-26
Plasticos F R S A;Plásticos FR;Rosario Sud;Fabricación de envases y piezas plásticas por soplado e inyección con matricería propia;C;3;Metalúrgicas / metalmecánica a pedido;Emprendedor / Industrial;plasticosfrsa.com.ar;media;;;;0341 438-1486;sí;;51-200 (LinkedIn);;Plásticos FR fabrica envases soplados para laboratorios, agro, limpieza y automotriz y piezas inyectadas con matricería propia;;Sin decisor público. Teléfono de directorio (Kompass/Cylex) con dirección Junín 1351, CUIT registra De las Palmeras 4515. Alternativo 0341 435-1232;"Hola, soy [tu nombre], de COI.
Vi que Plásticos FR fabrica envases soplados para laboratorios, agro, limpieza y automotriz y piezas inyectadas con matricería propia.
En empresas así, cada presupuesto a medida se arma distinto y el margen real por trabajo no se ve.
COI arma los presupuestos por costo más ganancia y te muestra cuánto dejó cada trabajo.
¿Te muestro una demo con tus propios datos? Son 20 minutos.
— Si no te interesa, respondé BAJA y no te escribimos más.";búsqueda web (sesión cloud);https://ar.linkedin.com/company/plasticos-fr-sa | https://ar.kompass.com/c/plasticos-f-r-sa/ar010845/ | https://www.cuitonline.com/detalle/30708786523/plasticos-f-r-s-a.html | https://plasticosfrsa.com.ar/;2026-09-26
METALURGICA TESIO SA;Metalúrgica Tesio;;Mecanizado y fabricación de piezas para fábricas de maquinaria agrícola;C;3;Metalúrgicas / metalmecánica a pedido;Emprendedor / Industrial;;baja;Lionel José Tesio;Accionista (w20argentina, verificar);;(03467) 42-2042;sí;;;;Metalúrgica Tesio fabrica piezas para la industria de maquinaria agrícola desde 1977 en Cruz Alta;;Cruz Alta, Córdoba. Sin web propia encontrada (tiene Facebook METTESIO). Teléfono de directorio. Existe perfil LinkedIn de Director comercial sin nombre visible;"Hola Lionel, soy [tu nombre], de COI.
Vi que Metalúrgica Tesio fabrica piezas para la industria de maquinaria agrícola desde 1977 en Cruz Alta.
En empresas así, cada presupuesto a medida se arma distinto y el margen real por trabajo no se ve.
COI arma los presupuestos por costo más ganancia y te muestra cuánto dejó cada trabajo.
¿Te muestro una demo con tus propios datos? Son 20 minutos.
— Si no te interesa, respondé BAJA y no te escribimos más.";búsqueda web (sesión cloud);https://maquinac.com/empresas/metalurgica-tesio/ | https://www.paginasamarillas.com.ar/fichas/metalurgica-tesio_12937530 | https://w20argentina.com/empresa/metalurgica-tesio-sa-30715457705 | https://ar.linkedin.com/in/metalurgica-tesio-75a4b9128;2026-09-26
METALURGICA FEYFE S.A.;FeyFe;;Fabricación de silos y comederos para el agro;C;3;Agroindustria (proveedores de servicios/insumos);Emprendedor / Industrial;feyfe.com.ar;media;;;;2317-463763;sí;;;;FeyFe fabrica silos aéreos y comederos para hacienda desde 1974 en 9 de Julio;;9 de Julio, Buenos Aires. Empresa familiar sin decisor público. Teléfono publicado en su Instagram. Alternativo 2317-463761. Socia de CAFMA y Cámara de 9 de Julio;"Hola, soy [tu nombre], de COI.
Vi que FeyFe fabrica silos aéreos y comederos para hacienda desde 1974 en 9 de Julio.
En empresas así, con ventas en el campo y cobranzas con cheques, cuesta saber qué se vendió y qué se cobró.
COI junta ventas, cuentas corrientes y control de cheques en un solo lugar.
¿Te muestro una demo con tus propios datos? Son 20 minutos.
— Si no te interesa, respondé BAJA y no te escribimos más.";búsqueda web (sesión cloud);https://www.instagram.com/feyfe2020/ | http://www.feyfe.com.ar/ | https://cafma.org.ar/empresas/53/silos-feyfe | https://camarade9dejulio.com.ar/guia.php?cat=INDUSTRIAS+-+METAL+MECANICA&id=262;2026-09-26
DISTRIBUIDORA CENTRAL ROSARIO SRL;Distribuidora Central Rosario;;Venta mayorista de bulones, tornillos y elementos de fijación, agente Makita;C;3;Distribuidoras de insumos industriales;Emprendedor;;media;;;ventas@dcrsrl.com.ar;+54 341 430-4100;sí;;;;Distribuidora Central Rosario distribuye bulonería al por mayor y es agente oficial Makita;;Rosario, Valparaíso 563. Sin web propia confirmada (email usa dcrsrl.com.ar). Datos de directorio (Portal Industrial). Sin decisor público;"Hola, soy [tu nombre], de COI.
Vi que Distribuidora Central Rosario distribuye bulonería al por mayor y es agente oficial Makita.
En empresas así, con un catálogo técnico grande, el seguimiento de cada cotización y la cuenta corriente por moneda se desordenan.
COI une pipeline, catálogo de productos y cuenta corriente en pesos y dólares.
¿Te muestro una demo con tus propios datos? Son 20 minutos.
— Si no te interesa, respondé BAJA y no te escribimos más.";búsqueda web (sesión cloud);https://www.portal-industrial.com.ar/empresa/distribuidora-central-rosario-srl/9284/ | https://www.argentino.com.ar/distribuidora-central-rosario-srl-F120DC60E18D3 | https://www.instagram.com/distribuidoracentralrosario/;2026-09-26
METALURGICA DABIN S.R.L.;Metalúrgica Dabin;;Máquinas industriales y matricería;C;3;Metalúrgicas / metalmecánica a pedido;Emprendedor / Industrial;metalurgicadabin.com.ar;media;;;metalurgicadabinsrl@hotmail.com;(0341) 462-3246;sí;;;;Metalúrgica Dabin fabrica máquinas industriales y matrices en Rosario desde 2011;;Localidad: Rosario (Centenario 342). Socia de CAMyM. Email de la empresa publicado en directorio de CAMyM. Decisor no identificado;"Hola, soy [tu nombre], de COI.
Vi que Metalúrgica Dabin fabrica máquinas industriales y matrices en Rosario desde 2011.
En empresas así, cada presupuesto a medida se arma distinto y el margen real por trabajo no se ve.
COI arma los presupuestos por costo más ganancia y te muestra cuánto dejó cada trabajo.
¿Te muestro una demo con tus propios datos? Son 20 minutos.
— Si no te interesa, respondé BAJA y no te escribimos más.";búsqueda web (sesión cloud);https://www.metalurgicadabin.com.ar/ | http://www.camym.com.ar/listing/metalurgica-dabin-srl/ | https://www.cuitonline.com/detalle/30711923868/metalurgica-dabin-s.r.l.html;2026-09-26
Industrias Bono S.R.L.;Industrias Bono;Rosario Sud;Fabricación de estanterías metálicas, racks industriales, góndolas y mostradores;C;3;Metalúrgicas / metalmecánica a pedido;Emprendedor / Industrial;industriasbono.com.ar;alta;;;industriasbono@industriasbono.com.ar;(341) 585-4151;sí;;;;Industrias Bono fabrica estanterías y racks en Rosario desde 1968 cuando la fundó Domingo Bono;;Empresa familiar dirigida por tres socios gerentes (nombres no identificados). Tel alternativo (341) 662-5703. Av. Alberdi 71 Rosario. Tiene tienda online;"Hola, soy [tu nombre], de COI.
Vi que Industrias Bono fabrica estanterías y racks en Rosario desde 1968 cuando la fundó Domingo Bono.
En empresas así, cada presupuesto a medida se arma distinto y el margen real por trabajo no se ve.
COI arma los presupuestos por costo más ganancia y te muestra cuánto dejó cada trabajo.
¿Te muestro una demo con tus propios datos? Son 20 minutos.
— Si no te interesa, respondé BAJA y no te escribimos más.";búsqueda web (sesión cloud);https://industriasbono.com.ar/contacto/ | https://industriasbono.com.ar/misionvision/ | https://www.cuitonline.com/detalle/30711276412/industrias-bono-s.r.l.html;2026-09-26
Chamena Industria S.A;Chamena;Pergamino;Fabricación de máquinas para limpieza, clasificación, tratamiento y movimiento de semillas;C;3;Metalúrgicas / metalmecánica a pedido;Emprendedor / Industrial;chamena.com;media;;;;(02477) 428676;sí;;;;Chamena fabrica clasificadoras y equipos para semillas en Pergamino desde los años 60, cuando la fundó Antonio Chamena;;Empresa familiar, S.A. desde 2010. No se encontró decisor en fuente válida (solo en ZoomInfo, descartado). Teléfono de directorio y web;"Hola, soy [tu nombre], de COI.
Vi que Chamena fabrica clasificadoras y equipos para semillas en Pergamino desde los años 60, cuando la fundó Antonio Chamena.
En empresas así, cada presupuesto a medida se arma distinto y el margen real por trabajo no se ve.
COI arma los presupuestos por costo más ganancia y te muestra cuánto dejó cada trabajo.
¿Te muestro una demo con tus propios datos? Son 20 minutos.
— Si no te interesa, respondé BAJA y no te escribimos más.";búsqueda web (sesión cloud);https://www.chamena.com/contacto | https://www.chamena.com/nosotros | https://maquinac.com/empresas/chamena/ | https://www.cuitonline.com/detalle/30711256527/chamena-industria-s.a.html;2026-09-26
Talleres Femyd De Basile Vicente B Juan Y B Nicolas;Femyd;Bella Vista;Fabricación de cadenas transportadoras, engranajes y bandas modulares para líneas de producción (bebidas, alimentos, packaging);C;3;Metalúrgicas / metalmecánica a pedido;Emprendedor / Industrial;femyd.com;media;;;femydsh@gmail.com;(011) 4666-6408;sí;;;;Femyd fabrica cadenas y bandas transportadoras para líneas de producción desde 1970;;Sociedad de hecho de la familia Basile (según razón social). Perfil LinkedIn de propietario sin nombre completo. Guido Spano 1224, Bella Vista. Tel y email de directorio Nueva Feria;"Hola, soy [tu nombre], de COI.
Vi que Femyd fabrica cadenas y bandas transportadoras para líneas de producción desde 1970.
En empresas así, cada presupuesto a medida se arma distinto y el margen real por trabajo no se ve.
COI arma los presupuestos por costo más ganancia y te muestra cuánto dejó cada trabajo.
¿Te muestro una demo con tus propios datos? Son 20 minutos.
— Si no te interesa, respondé BAJA y no te escribimos más.";búsqueda web (sesión cloud);https://femyd.com/ | https://www.nuevaferia.com.ar/m-p.asp?i=9331 | https://ar.linkedin.com/in/basile-basile-0a890534a;2026-09-26
EPOXI SRL;Epoxi;Rosario;Taller de pintura epoxi y en polvo y herrería (soldadura MIG) para mayoristas y minoristas;C;3;Metalúrgicas / metalmecánica a pedido;Emprendedor / Industrial;;baja;;;;(0341) 462-3401;sí;;;;Epoxi aplica pintura epoxi y en polvo en su taller de Rosario;;Sin web propia. Mister Ross 1820, Rosario. Es taller de pintado, no se confirmó que haga pisos industriales. Teléfono de directorio. Localidad no venía en la entrada;"Hola, soy [tu nombre], de COI.
Vi que Epoxi aplica pintura epoxi y en polvo en su taller de Rosario.
En empresas así, cada presupuesto a medida se arma distinto y el margen real por trabajo no se ve.
COI arma los presupuestos por costo más ganancia y te muestra cuánto dejó cada trabajo.
¿Te muestro una demo con tus propios datos? Son 20 minutos.
— Si no te interesa, respondé BAJA y no te escribimos más.";búsqueda web (sesión cloud);https://www.argentino.com.ar/epoxi-srl-taller-de-pintado-F110CC40118D9 | https://www.cuitonline.com/detalle/30701465985/epoxi-s-r-l.html;2026-09-26
METALURGICA LOILA S.R.L.;Metalúrgica Loila;;Fábrica de resortes;C;3;Metalúrgicas / metalmecánica a pedido;Emprendedor / Industrial;metalurgicaloila.com.ar;alta;;;contacto@metalurgicaloila.com.ar;03471 472562;sí;;;;Metalúrgica Loila fabrica resortes en Las Parejas;;Localidad según web: Las Parejas (Calle 12 N° 605). Hay edicto BO Santa Fe 2011 con cesión de cuotas pero sin socio gerente claro;"Hola, soy [tu nombre], de COI.
Vi que Metalúrgica Loila fabrica resortes en Las Parejas.
En empresas así, cada presupuesto a medida se arma distinto y el margen real por trabajo no se ve.
COI arma los presupuestos por costo más ganancia y te muestra cuánto dejó cada trabajo.
¿Te muestro una demo con tus propios datos? Son 20 minutos.
— Si no te interesa, respondé BAJA y no te escribimos más.";búsqueda web (sesión cloud);http://www.metalurgicaloila.com.ar/metalurgica-loila---contacto.html | https://www.santafe.gob.ar/boletinoficial/ver.php?seccion=03-02-2011contratos.htm;2026-09-26
S & S METALMECANICA S.R.L.;S & S Metalmecánica;;Metalúrgica a pedido y reparaciones;C;3;Metalúrgicas / metalmecánica a pedido;Emprendedor / Industrial;;baja;;;;0341 457-4600;sí;;;;S & S Metalmecánica hace trabajos metalúrgicos a pedido en Rosario;Homónimo: existe SS Metal Mecánica S.R.L. en Munro (Buenos Aires). Confirmar cuál es;Localidad probable Rosario (Av. Pte. Juan D. Perón 9287 según directorio). Teléfono de directorio. Sin web propia;"Hola, soy [tu nombre], de COI.
Vi que S & S Metalmecánica hace trabajos metalúrgicos a pedido en Rosario.
En empresas así, cada presupuesto a medida se arma distinto y el margen real por trabajo no se ve.
COI arma los presupuestos por costo más ganancia y te muestra cuánto dejó cada trabajo.
¿Te muestro una demo con tus propios datos? Son 20 minutos.
— Si no te interesa, respondé BAJA y no te escribimos más.";búsqueda web (sesión cloud);https://guiaonline.com.ar/s-s-metalmecanica-srl-rosario-santa-fe | https://trade.nosis.com/es/SS-METALMECANICA-SRL/30710280270/1/p | https://www.cuitonline.com/detalle/30715668994/ss-metal-mecanica-s.r.l.html;2026-09-26
FRIGORIFICO LA JAMONERA S.A;La Jamonera;;Elaboración de fiambres y chacinados con venta y envíos en Rosario;C;3;Agroindustria (proveedores de servicios/insumos);Emprendedor / Industrial;la-jamonera.com;alta;;;info@la-jamonera.com;0341 463-7300;sí;;;;La Jamonera elabora fiambres y chacinados en Rosario desde hace más de siete décadas;Vende a consumidor final con envíos a domicilio: revisar si encaja;Localidad: Rosario (Av. Buenos Aires 4560);"Hola, soy [tu nombre], de COI.
Vi que La Jamonera elabora fiambres y chacinados en Rosario desde hace más de siete décadas.
En empresas así, con ventas en el campo y cobranzas con cheques, cuesta saber qué se vendió y qué se cobró.
COI junta ventas, cuentas corrientes y control de cheques en un solo lugar.
¿Te muestro una demo con tus propios datos? Son 20 minutos.
— Si no te interesa, respondé BAJA y no te escribimos más.";búsqueda web (sesión cloud);https://la-jamonera.com/contacto/ | https://la-jamonera.com/;2026-09-26
METALURGICA BIGLIA SRL;Metalúrgica Biglia;;Tanques de chapa negra e inoxidable y muebles;C;3;Metalúrgicas / metalmecánica a pedido;Emprendedor / Industrial;;baja;;;;;;;;;Metalúrgica Biglia fabrica tanques de chapa negra y acero inoxidable en Piamonte;;Coincidencia probable con Metalúrgica Industrial Biglia de Piamonte (solo Facebook), no confirmada como la misma SRL. Sin web propia;"Hola, soy [tu nombre], de COI.
Vi que Metalúrgica Biglia fabrica tanques de chapa negra y acero inoxidable en Piamonte.
En empresas así, cada presupuesto a medida se arma distinto y el margen real por trabajo no se ve.
COI arma los presupuestos por costo más ganancia y te muestra cuánto dejó cada trabajo.
¿Te muestro una demo con tus propios datos? Son 20 minutos.
— Si no te interesa, respondé BAJA y no te escribimos más.";búsqueda web (sesión cloud);https://www.facebook.com/MetalurgicaIndustrialBiglia/;2026-09-26
Tecnologia En Plasticos S.A. Sociedad;Tecniplast;Rosario Sud;Fabrica tanques y piezas de polietileno por rotomoldeo para camiones, pick-ups y el agro;C;1;Industrial B2B (otro);Emprendedor;tecniplast.com.ar;media;;;;(03401) 44-9113;sí;;;;Tecniplast fabrica tanques mochila para camiones en polietileno rotomoldeado sin soldaduras ni pintura;;Planta en Ruta 65 km 42, San Genaro (Santa Fe). Rosario Sud sería domicilio legal. Sin decisor público encontrado;"Hola, soy [tu nombre], de COI.
Vi que Tecniplast fabrica tanques mochila para camiones en polietileno rotomoldeado sin soldaduras ni pintura.
En empresas así, la información de ventas y administración queda repartida entre planillas, mails y WhatsApp.
COI pone ventas, administración y números de la dirección en un solo sistema.
¿Te muestro una demo con tus propios datos? Son 20 minutos.
— Si no te interesa, respondé BAJA y no te escribimos más.";búsqueda web (sesión cloud);https://www.tecniplast.com.ar/quienes-somos | https://www.tecniplast.com.ar/tanques | https://x.com/tecniplastok | https://www.facebook.com/tecniplastsangenaro/;2026-09-26
Plasticos San Cayetano S R L;Plásticos San Cayetano;Barrio San Vicente;Fabrica bolsas y bobinas de polietileno impresas y lisas, reciclado de polietileno;C;1;Industrial B2B (otro);Emprendedor;sancayetanosrl.com;alta;Ramón Gigena;Revisor de cuentas de la Cámara de Industrias Plásticas de Córdoba en representación de la empresa (Comercio y Justicia);contacto@sancayetanosrl.com;(0351) 455-0671;sí;;;;Plásticos San Cayetano fabrica bolsas de polietileno en Córdoba desde 1995, cuando arrancó reciclando polietileno;;Cargo de Gigena dentro de la empresa no confirmado. Socia de la Cámara de Industrias Plásticas de Córdoba;"Hola Ramon, soy [tu nombre], de COI.
Vi que Plásticos San Cayetano fabrica bolsas de polietileno en Córdoba desde 1995, cuando arrancó reciclando polietileno.
En empresas así, la información de ventas y administración queda repartida entre planillas, mails y WhatsApp.
COI pone ventas, administración y números de la dirección en un solo sistema.
¿Te muestro una demo con tus propios datos? Son 20 minutos.
— Si no te interesa, respondé BAJA y no te escribimos más.";búsqueda web (sesión cloud);https://sancayetanosrl.com/ | https://sancayetanosrl.com/contacto/ | https://camaradelplastico.org.ar/asociados/plasticos-san-cayetano-srl/ | https://comercioyjusticia.info/negocios/la-camara-de-industrias-plasticas-de-cordoba-renovo-sus-autoridades/;2026-09-26
G.K. Cepillos Industriales S.R.L.;GK Cepillos;Sarandi;Fabricación de cepillos industriales para máquinas de lavado y barrido;C;1;Industrial B2B (otro);Emprendedor;gkcepillos.com.ar;media;;;gkcepillos@hotmail.com;011 4199-7020;sí;;;;GK Cepillos fabrica cepillos cilíndricos, rotativos y cordoneros para máquinas de lavado y barrido;;Sin decisor público. Email y teléfono publicados en Nueva Feria y su web. Alternativo 011 5802-7439;"Hola, soy [tu nombre], de COI.
Vi que GK Cepillos fabrica cepillos cilíndricos, rotativos y cordoneros para máquinas de lavado y barrido.
En empresas así, la información de ventas y administración queda repartida entre planillas, mails y WhatsApp.
COI pone ventas, administración y números de la dirección en un solo sistema.
¿Te muestro una demo con tus propios datos? Son 20 minutos.
— Si no te interesa, respondé BAJA y no te escribimos más.";búsqueda web (sesión cloud);http://www.gkcepillos.com.ar/ | https://www.nuevaferia.com.ar/m-author_view.asp?id=530;2026-09-26
